date,value
2001-01-02,0.2400000000000002
2001-01-03,0.1900000000000004
2001-01-04,0.22000000000000064
2001-01-05,0.3200000000000003
2001-01-08,0.34999999999999964
2001-01-09,0.3100000000000005
2001-01-10,0.2400000000000002
2001-01-11,0.22000000000000064
2001-01-12,0.13999999999999968
2001-01-16,0.1800000000000006
2001-01-17,0.21999999999999975
2001-01-18,0.27000000000000046
2001-01-19,0.2400000000000002
2001-01-22,0.29000000000000004
2001-01-23,0.21999999999999975
2001-01-24,0.27000000000000046
2001-01-25,0.25
2001-01-26,0.22999999999999954
2001-01-29,0.22000000000000064
2001-01-30,0.25
2001-01-31,0.2599999999999998
2001-02-01,0.3200000000000003
2001-02-02,0.3099999999999996
2001-02-05,0.28000000000000025
2001-02-06,0.23000000000000043
2001-02-07,0.2400000000000002
2001-02-08,0.21999999999999975
2001-02-09,0.25
2001-02-12,0.27000000000000046
2001-02-13,0.2400000000000002
2001-02-14,0.23000000000000043
2001-02-15,0.16000000000000014
2001-02-16,0.21999999999999975
2001-02-20,0.22999999999999954
2001-02-21,0.2600000000000007
2001-02-22,0.29000000000000004
2001-02-23,0.34999999999999964
2001-02-26,0.34999999999999964
2001-02-27,0.35999999999999943
2001-02-28,0.39999999999999947
2001-03-01,0.41999999999999993
2001-03-02,0.3699999999999992
2001-03-05,0.3700000000000001
2001-03-06,0.2699999999999996
2001-03-07,0.29000000000000004
2001-03-08,0.28000000000000025
2001-03-09,0.2600000000000007
2001-03-12,0.20999999999999996
2001-03-13,0.25
2001-03-14,0.2999999999999998
2001-03-15,0.3100000000000005
2001-03-16,0.27000000000000046
2001-03-19,0.2999999999999998
2001-03-20,0.2999999999999998
2001-03-21,0.33000000000000007
2001-03-22,0.34999999999999964
2001-03-23,0.33999999999999986
2001-03-26,0.34000000000000075
2001-03-27,0.33000000000000007
2001-03-28,0.39000000000000057
2001-03-29,0.46000000000000085
2001-03-30,0.5800000000000001
2001-04-02,0.6500000000000004
2001-04-03,0.6399999999999997
2001-04-04,0.5899999999999999
2001-04-05,0.5799999999999992
2001-04-06,0.5699999999999994
2001-04-09,0.54
2001-04-10,0.4900000000000002
2001-04-11,0.5099999999999998
2001-04-12,0.46999999999999975
2001-04-16,0.3899999999999997
2001-04-17,0.5
2001-04-18,0.47000000000000064
2001-04-19,0.47999999999999954
2001-04-20,0.4900000000000002
2001-04-23,0.5299999999999994
2001-04-24,0.54
2001-04-25,0.5599999999999996
2001-04-26,0.5900000000000007
2001-04-27,0.5699999999999994
2001-04-30,0.5800000000000001
2001-05-01,0.5999999999999996
2001-05-02,0.5700000000000003
2001-05-03,0.5800000000000001
2001-05-04,0.5900000000000007
2001-05-07,0.5899999999999999
2001-05-08,0.6200000000000001
2001-05-09,0.6200000000000001
2001-05-10,0.5800000000000001
2001-05-11,0.54
2001-05-14,0.6100000000000003
2001-05-15,0.5800000000000001
2001-05-16,0.5599999999999996
2001-05-17,0.6200000000000001
2001-05-18,0.6100000000000003
2001-05-22,0.6500000000000004
2001-05-23,0.6799999999999997
2001-05-24,0.6899999999999995
2001-05-25,0.6500000000000004
2001-05-29,0.6500000000000004
2001-05-30,0.6500000000000004
2001-05-31,0.71
2001-06-01,0.6800000000000006
2001-06-04,0.6699999999999999
2001-06-05,0.7000000000000002
2001-06-06,0.7000000000000002
2001-06-07,0.6800000000000006
2001-06-08,0.6500000000000004
2001-06-11,0.6599999999999993
2001-06-12,0.6799999999999997
2001-06-13,0.7000000000000002
2001-06-14,0.7000000000000002
2001-06-15,0.7400000000000002
2001-06-18,0.7500000000000004
2001-06-19,0.75
2001-06-20,0.7500000000000004
2001-06-21,0.7400000000000002
2001-06-22,0.7600000000000002
2001-06-25,0.7400000000000002
2001-06-26,0.7299999999999995
2001-06-27,0.8100000000000005
2001-06-28,0.7800000000000002
2001-06-29,0.7800000000000002
2001-07-03,0.7999999999999998
2001-07-05,0.75
2001-07-06,0.7599999999999998
2001-07-09,0.7599999999999998
2001-07-10,0.8099999999999996
2001-07-11,0.8300000000000001
2001-07-12,0.8300000000000001
2001-07-13,0.7800000000000002
2001-07-16,0.79
2001-07-17,0.7700000000000005
2001-07-18,0.7999999999999998
2001-07-19,0.7899999999999996
2001-07-20,0.7500000000000004
2001-07-23,0.73
2001-07-24,0.73
2001-07-25,0.7500000000000004
2001-07-26,0.7500000000000004
2001-07-27,0.79
2001-07-30,0.7900000000000005
2001-07-31,0.8399999999999999
2001-08-01,0.8300000000000001
2001-08-02,0.8000000000000003
2001-08-03,0.7800000000000002
2001-08-07,0.7500000000000004
2001-08-08,0.7899999999999996
2001-08-09,0.7600000000000002
2001-08-10,0.7500000000000004
2001-08-13,0.7599999999999998
2001-08-14,0.75
2001-08-15,0.7300000000000004
2001-08-16,0.7400000000000002
2001-08-17,0.7599999999999998
2001-08-20,0.7199999999999998
2001-08-21,0.7100000000000004
2001-08-22,0.6900000000000004
2001-08-23,0.6800000000000002
2001-08-24,0.6500000000000004
2001-08-27,0.6000000000000001
2001-08-28,0.5899999999999999
2001-08-29,0.5899999999999999
2001-08-30,0.6099999999999999
2001-08-31,0.5100000000000002
2001-09-04,0.41999999999999993
2001-09-05,0.41999999999999993
2001-09-06,0.43999999999999995
2001-09-07,0.4200000000000004
2001-09-10,0.4400000000000004
2001-09-13,0.6599999999999997
2001-09-14,0.6999999999999997
2001-09-17,0.6099999999999999
2001-09-18,0.5899999999999999
2001-09-19,0.6099999999999999
2001-09-20,0.5099999999999998
2001-09-21,0.48999999999999977
2001-09-24,0.5100000000000002
2001-09-25,0.5100000000000002
2001-09-26,0.56
2001-09-27,0.5500000000000003
2001-09-28,0.8000000000000003
2001-10-01,0.8000000000000003
2001-10-02,0.7599999999999998
2001-10-03,0.7200000000000002
2001-10-04,0.7000000000000002
2001-10-05,0.7200000000000002
2001-10-09,0.71
2001-10-10,0.6900000000000004
2001-10-11,0.6800000000000002
2001-10-12,0.71
2001-10-15,0.7000000000000002
2001-10-16,0.7000000000000002
2001-10-17,0.6900000000000004
2001-10-18,0.6800000000000002
2001-10-19,0.6699999999999999
2001-10-22,0.6600000000000001
2001-10-23,0.44999999999999973
2001-10-24,0.48999999999999977
2001-10-25,0.52
2001-10-26,0.4900000000000002
2001-10-29,0.4900000000000002
2001-10-30,0.4700000000000002
2001-10-31,0.48
2001-11-01,0.48
2001-11-02,0.45999999999999996
2001-11-05,0.43000000000000016
2001-11-06,0.3999999999999999
2001-11-07,0.33000000000000007
2001-11-08,0.2400000000000002
2001-11-09,0.22999999999999998
2001-11-13,0.21999999999999975
2001-11-14,0.29000000000000004
2001-11-15,0.31000000000000005
2001-11-16,0.31000000000000005
2001-11-19,0.3500000000000001
2001-11-20,0.3700000000000001
2001-11-21,0.27
2001-11-23,0.22999999999999998
2001-11-26,0.18999999999999995
2001-11-27,0.2400000000000002
2001-11-28,0.25
2001-11-29,0.3500000000000001
2001-11-30,0.3400000000000003
2001-12-03,0.26000000000000023
2001-12-04,0.2999999999999998
2001-12-05,0.3500000000000001
2001-12-06,0.31999999999999984
2001-12-07,0.30000000000000027
2001-12-10,0.23999999999999977
2001-12-11,0.25
2001-12-12,0.2899999999999996
2001-12-13,0.25
2001-12-14,0.20999999999999996
2001-12-17,0.14000000000000012
2001-12-18,0.16999999999999993
2001-12-19,0.13000000000000034
2001-12-20,0.040000000000000036
2001-12-21,0.0
2001-12-24,-0.010000000000000231
2001-12-27,-0.009999999999999787
2001-12-28,0.040000000000000036
2001-12-31,0.08000000000000007
2002-01-02,0.029999999999999805
2002-01-03,0.0
2002-01-04,0.050000000000000266
2002-01-07,0.06999999999999984
2002-01-08,0.07000000000000028
2002-01-09,0.020000000000000018
2002-01-10,0.08999999999999986
2002-01-11,-0.009999999999999787
2002-01-14,-0.04999999999999982
2002-01-15,0.06000000000000005
2002-01-16,0.0
2002-01-17,0.06000000000000005
2002-01-18,0.08000000000000007
2002-01-22,0.11999999999999966
2002-01-23,0.050000000000000266
2002-01-24,0.07000000000000028
2002-01-25,0.10000000000000009
2002-01-28,0.06999999999999984
2002-01-29,0.11000000000000032
2002-01-30,0.18999999999999995
2002-01-31,0.1599999999999997
2002-02-01,0.18999999999999995
2002-02-04,0.1599999999999997
2002-02-05,0.1599999999999997
2002-02-06,0.16000000000000014
2002-02-07,0.16999999999999993
2002-02-08,0.25
2002-02-11,0.2799999999999998
2002-02-12,0.22999999999999998
2002-02-13,0.22999999999999998
2002-02-14,0.29000000000000004
2002-02-15,0.2799999999999998
2002-02-19,0.2799999999999998
2002-02-20,0.2799999999999998
2002-02-21,0.27
2002-02-22,0.27
2002-02-25,0.27
2002-02-26,0.25
2002-02-27,0.14000000000000012
2002-02-28,0.22999999999999998
2002-03-01,0.23999999999999977
2002-03-04,0.20999999999999996
2002-03-05,0.22999999999999998
2002-03-06,0.2200000000000002
2002-03-07,0.3400000000000003
2002-03-08,0.27
2002-03-11,0.26000000000000023
2002-03-12,0.33999999999999986
2002-03-13,0.3599999999999999
2002-03-14,0.3500000000000001
2002-03-15,0.3600000000000003
2002-03-18,0.34999999999999964
2002-03-19,0.6999999999999997
2002-03-20,0.75
2002-03-21,0.8999999999999999
2002-03-22,0.8800000000000003
2002-03-25,0.81
2002-03-26,0.8199999999999998
2002-03-27,0.8399999999999999
2002-03-28,0.77
2002-04-01,0.7599999999999998
2002-04-02,0.7999999999999998
2002-04-03,0.79
2002-04-04,0.7500000000000004
2002-04-05,0.8399999999999999
2002-04-08,0.8799999999999999
2002-04-09,0.8800000000000003
2002-04-10,0.8900000000000001
2002-04-11,0.8299999999999996
2002-04-12,0.7999999999999998
2002-04-15,0.79
2002-04-16,0.8599999999999999
2002-04-17,0.8700000000000001
2002-04-18,0.7999999999999998
2002-04-19,0.8300000000000005
2002-04-22,0.8200000000000003
2002-04-23,0.81
2002-04-24,0.9300000000000002
2002-04-25,0.9299999999999997
2002-04-26,0.9300000000000002
2002-04-29,0.9199999999999999
2002-04-30,0.9399999999999995
2002-05-01,0.9299999999999997
2002-05-02,0.9100000000000001
2002-05-03,0.8799999999999999
2002-05-06,0.8199999999999998
2002-05-07,0.7999999999999998
2002-05-08,0.7799999999999998
2002-05-09,0.7899999999999996
2002-05-10,0.94
2002-05-13,0.9300000000000002
2002-05-14,0.94
2002-05-15,0.9399999999999995
2002-05-16,0.9700000000000002
2002-05-17,0.9199999999999999
2002-05-21,0.9300000000000002
2002-05-22,0.94
2002-05-23,0.9100000000000006
2002-05-24,0.8900000000000001
2002-05-28,0.9000000000000004
2002-05-29,0.9100000000000001
2002-05-30,0.9000000000000004
2002-05-31,0.9199999999999995
2002-06-03,0.9300000000000002
2002-06-04,1.0099999999999998
2002-06-05,1.0
2002-06-06,0.9800000000000004
2002-06-07,0.9799999999999995
2002-06-10,1.0100000000000002
2002-06-11,1.0700000000000003
2002-06-12,1.12
2002-06-13,1.08
2002-06-14,1.02
2002-06-17,0.9900000000000002
2002-06-18,1.0
2002-06-19,1.0699999999999998
2002-06-20,1.04
2002-06-21,1.06
2002-06-24,1.02
2002-06-25,1.0100000000000002
2002-06-26,1.0699999999999998
2002-06-27,1.0099999999999998
2002-06-28,1.02
2002-07-02,1.04
2002-07-03,1.0300000000000002
2002-07-05,1.08
2002-07-08,1.1100000000000003
2002-07-09,1.15
2002-07-10,1.17
2002-07-11,1.1300000000000003
2002-07-12,1.0699999999999998
2002-07-15,1.0100000000000002
2002-07-16,0.94
2002-07-17,0.98
2002-07-18,1.0
2002-07-19,0.9900000000000002
2002-07-22,0.9199999999999999
2002-07-23,0.8600000000000003
2002-07-24,0.96
2002-07-25,0.9600000000000004
2002-07-26,1.0
2002-07-29,1.0299999999999998
2002-07-30,1.02
2002-07-31,1.0899999999999999
2002-08-01,0.98
2002-08-02,1.03
2002-08-06,0.9700000000000002
2002-08-07,1.0299999999999998
2002-08-08,0.9699999999999998
2002-08-09,1.02
2002-08-12,1.0299999999999998
2002-08-13,1.02
2002-08-14,1.1399999999999997
2002-08-15,1.0999999999999996
2002-08-16,1.1100000000000003
2002-08-19,1.15
2002-08-20,1.17
2002-08-21,1.2599999999999998
2002-08-22,1.3299999999999996
2002-08-23,1.31
2002-08-26,1.29
2002-08-27,1.31
2002-08-28,1.2999999999999998
2002-08-29,1.33
2002-08-30,1.3399999999999999
2002-09-03,1.2800000000000002
2002-09-04,1.19
2002-09-05,1.18
2002-09-06,1.23
2002-09-09,1.2400000000000002
2002-09-10,1.2199999999999998
2002-09-11,1.23
2002-09-12,1.2199999999999998
2002-09-13,1.4200000000000004
2002-09-16,1.5
2002-09-17,1.42
2002-09-18,1.48
2002-09-19,1.51
2002-09-20,1.5300000000000002
2002-09-23,1.45
2002-09-24,1.4600000000000002
2002-09-25,1.48
2002-09-26,1.5000000000000002
2002-09-27,1.5399999999999998
2002-09-30,1.6199999999999999
2002-10-01,1.61
2002-10-02,1.62
2002-10-03,1.6400000000000001
2002-10-04,1.7
2002-10-07,1.6600000000000001
2002-10-08,1.66
2002-10-09,1.68
2002-10-10,1.63
2002-10-11,1.56
2002-10-15,1.4699999999999998
2002-10-16,1.5299999999999998
2002-10-17,1.48
2002-10-18,1.46
2002-10-21,1.4100000000000001
2002-10-22,1.4300000000000002
2002-10-23,1.3899999999999997
2002-10-24,1.4500000000000002
2002-10-25,1.5299999999999998
2002-10-28,1.6100000000000003
2002-10-29,1.63
2002-10-30,1.6500000000000001
2002-10-31,1.59
2002-11-01,1.4999999999999998
2002-11-04,1.46
2002-11-05,1.4399999999999997
2002-11-06,1.4
2002-11-07,1.3800000000000001
2002-11-08,1.44
2002-11-12,1.48
2002-11-13,1.4999999999999998
2002-11-14,1.47
2002-11-15,1.43
2002-11-18,1.41
2002-11-19,1.4000000000000001
2002-11-20,1.3599999999999999
2002-11-21,1.3600000000000003
2002-11-22,1.2999999999999998
2002-11-25,1.3000000000000003
2002-11-26,1.3699999999999999
2002-11-27,1.3400000000000003
2002-11-29,1.35
2002-12-02,1.3800000000000003
2002-12-03,1.3399999999999999
2002-12-04,1.35
2002-12-05,1.41
2002-12-06,1.47
2002-12-09,1.4100000000000001
2002-12-10,1.4300000000000002
2002-12-11,1.46
2002-12-12,1.4499999999999997
2002-12-13,1.42
2002-12-16,1.3900000000000001
2002-12-17,1.4000000000000001
2002-12-18,1.4300000000000002
2002-12-19,1.4600000000000002
2002-12-20,1.45
2002-12-23,1.44
2002-12-24,1.4500000000000002
2002-12-27,1.48
2002-12-30,1.4799999999999998
2002-12-31,1.4799999999999998
2003-01-02,1.4200000000000002
2003-01-03,1.4300000000000002
2003-01-06,1.4000000000000001
2003-01-07,1.3900000000000001
2003-01-08,1.4100000000000001
2003-01-09,1.29
2003-01-10,1.3900000000000001
2003-01-13,1.4100000000000001
2003-01-14,1.4600000000000002
2003-01-15,1.5499999999999998
2003-01-16,1.5699999999999998
2003-01-17,1.5799999999999998
2003-01-21,1.6400000000000001
2003-01-22,1.7
2003-01-23,1.6800000000000002
2003-01-24,1.7
2003-01-27,1.7
2003-01-28,1.7300000000000002
2003-01-29,1.7399999999999998
2003-01-30,1.8299999999999998
2003-01-31,1.8099999999999998
2003-02-03,1.8499999999999999
2003-02-04,1.8699999999999999
2003-02-05,1.83
2003-02-06,1.8299999999999998
2003-02-07,1.8400000000000003
2003-02-10,1.8299999999999998
2003-02-11,1.81
2003-02-12,1.7799999999999998
2003-02-13,1.78
2003-02-14,1.79
2003-02-18,1.78
2003-02-19,1.8699999999999999
2003-02-20,1.9000000000000001
2003-02-21,1.9100000000000001
2003-02-24,1.87
2003-02-25,1.8900000000000001
2003-02-26,1.8800000000000001
2003-02-27,1.94
2003-02-28,1.95
2003-03-03,1.9300000000000002
2003-03-04,2.0999999999999996
2003-03-05,2.09
2003-03-06,2.0599999999999996
2003-03-07,2.12
2003-03-10,2.1
2003-03-11,2.08
2003-03-12,2.1100000000000003
2003-03-13,2.09
2003-03-14,2.07
2003-03-17,2.08
2003-03-18,2.0200000000000005
2003-03-19,2.08
2003-03-20,2.04
2003-03-21,2.09
2003-03-24,2.1
2003-03-25,2.17
2003-03-26,2.16
2003-03-27,2.17
2003-03-28,2.2199999999999998
2003-03-31,2.25
2003-04-01,2.26
2003-04-02,2.21
2003-04-03,2.16
2003-04-04,2.16
2003-04-07,2.11
2003-04-08,2.1899999999999995
2003-04-09,2.21
2003-04-10,2.21
2003-04-11,2.19
2003-04-14,2.12
2003-04-15,2.04
2003-04-16,2.02
2003-04-17,2.1
2003-04-21,2.0
2003-04-22,2.0300000000000002
2003-04-23,2.04
2003-04-24,2.05
2003-04-25,2.08
2003-04-28,2.09
2003-04-29,2.06
2003-04-30,2.1399999999999997
2003-05-01,2.15
2003-05-02,2.14
2003-05-05,2.1399999999999997
2003-05-06,2.17
2003-05-07,2.1100000000000003
2003-05-08,2.09
2003-05-09,2.1100000000000003
2003-05-12,2.11
2003-05-13,2.09
2003-05-14,2.1399999999999997
2003-05-15,2.1
2003-05-16,2.12
2003-05-20,2.08
2003-05-21,2.02
2003-05-22,1.8999999999999997
2003-05-23,1.81
2003-05-27,1.81
2003-05-28,1.8199999999999998
2003-05-29,1.8099999999999998
2003-05-30,1.85
2003-06-02,1.88
2003-06-03,1.9000000000000001
2003-06-04,1.9000000000000001
2003-06-05,1.85
2003-06-06,1.73
2003-06-09,1.77
2003-06-10,1.7800000000000002
2003-06-11,1.78
2003-06-12,1.7800000000000002
2003-06-13,1.73
2003-06-16,1.7
2003-06-17,1.69
2003-06-18,1.58
2003-06-19,1.7000000000000002
2003-06-20,1.74
2003-06-23,1.73
2003-06-24,1.76
2003-06-25,1.7499999999999998
2003-06-26,1.7
2003-06-27,1.69
2003-06-30,1.6899999999999997
2003-07-02,1.72
2003-07-03,1.72
2003-07-07,1.8099999999999998
2003-07-08,1.7700000000000002
2003-07-09,1.7799999999999998
2003-07-10,1.79
2003-07-11,1.94
2003-07-14,1.9
2003-07-15,1.6500000000000001
2003-07-16,1.5399999999999998
2003-07-17,1.39
2003-07-18,1.39
2003-07-21,1.32
2003-07-22,1.22
2003-07-23,1.25
2003-07-24,1.23
2003-07-25,1.2799999999999998
2003-07-28,1.1899999999999997
2003-07-29,1.1600000000000001
2003-07-30,1.2100000000000002
2003-07-31,1.1500000000000001
2003-08-01,1.13
2003-08-05,1.1600000000000001
2003-08-06,1.2
2003-08-07,1.2100000000000002
2003-08-08,1.1700000000000002
2003-08-11,1.1600000000000001
2003-08-12,1.2600000000000002
2003-08-13,1.2099999999999997
2003-08-14,1.2099999999999997
2003-08-15,1.19
2003-08-18,1.17
2003-08-19,1.1099999999999999
2003-08-20,1.14
2003-08-21,1.0699999999999998
2003-08-22,1.07
2003-08-25,1.02
2003-08-26,1.08
2003-08-27,1.1300000000000003
2003-08-28,1.1900000000000002
2003-08-29,1.14
2003-09-02,1.0899999999999999
2003-09-03,1.23
2003-09-04,1.2900000000000003
2003-09-05,1.32
2003-09-08,1.29
2003-09-09,1.31
2003-09-10,1.3500000000000003
2003-09-11,1.3599999999999999
2003-09-12,1.36
2003-09-15,1.37
2003-09-16,1.38
2003-09-17,1.37
2003-09-18,1.34
2003-09-19,1.32
2003-09-22,1.18
2003-09-23,1.3699999999999999
2003-09-24,1.36
2003-09-25,1.37
2003-09-26,1.4099999999999997
2003-09-29,1.43
2003-09-30,1.46
2003-10-01,1.4600000000000002
2003-10-02,1.4900000000000002
2003-10-03,1.44
2003-10-06,1.4499999999999997
2003-10-07,1.38
2003-10-08,1.3900000000000001
2003-10-09,1.3900000000000001
2003-10-10,1.46
2003-10-14,1.44
2003-10-15,1.4100000000000001
2003-10-16,1.31
2003-10-17,1.35
2003-10-20,1.38
2003-10-21,1.36
2003-10-22,1.3499999999999999
2003-10-23,1.3
2003-10-24,1.3299999999999998
2003-10-27,1.29
2003-10-28,1.3900000000000001
2003-10-29,1.35
2003-10-30,1.32
2003-10-31,1.31
2003-11-03,1.31
2003-11-04,1.3499999999999999
2003-11-05,1.3399999999999999
2003-11-06,1.3200000000000003
2003-11-07,1.3900000000000001
2003-11-10,1.37
2003-11-12,1.3400000000000003
2003-11-13,1.3599999999999999
2003-11-14,1.4199999999999997
2003-11-17,1.4400000000000002
2003-11-18,1.37
2003-11-19,1.35
2003-11-20,1.35
2003-11-21,1.22
2003-11-24,1.2000000000000002
2003-11-25,1.2700000000000002
2003-11-26,1.2100000000000002
2003-11-28,1.13
2003-12-01,1.08
2003-12-02,1.12
2003-12-03,1.1
2003-12-04,1.1600000000000001
2003-12-05,1.3000000000000003
2003-12-08,1.2200000000000002
2003-12-09,1.22
2003-12-10,1.2200000000000002
2003-12-11,1.27
2003-12-12,1.22
2003-12-15,1.17
2003-12-16,1.21
2003-12-17,1.1799999999999997
2003-12-18,1.1400000000000001
2003-12-19,1.2
2003-12-22,1.1699999999999997
2003-12-23,1.06
2003-12-24,1.15
2003-12-29,1.11
2003-12-30,1.11
2003-12-31,1.1199999999999999
2004-01-02,1.0699999999999998
2004-01-05,1.01
2004-01-06,1.09
2004-01-07,1.09
2004-01-08,1.1
2004-01-09,1.1700000000000002
2004-01-12,1.1700000000000002
2004-01-13,1.19
2004-01-14,1.1600000000000001
2004-01-15,1.1400000000000001
2004-01-16,1.11
2004-01-20,1.0
2004-01-21,0.9199999999999999
2004-01-22,0.8800000000000001
2004-01-23,0.8900000000000001
2004-01-26,0.81
2004-01-27,0.8
2004-01-28,0.77
2004-01-29,0.81
2004-01-30,0.76
2004-02-02,0.7799999999999998
2004-02-03,0.8
2004-02-04,0.8099999999999998
2004-02-05,0.7599999999999998
2004-02-06,0.75
2004-02-09,0.7100000000000002
2004-02-10,0.6500000000000001
2004-02-11,0.6800000000000002
2004-02-12,0.6499999999999999
2004-02-13,0.7
2004-02-17,0.74
2004-02-18,0.7500000000000002
2004-02-19,0.7500000000000002
2004-02-20,0.71
2004-02-23,0.71
2004-02-24,0.71
2004-02-25,0.7200000000000002
2004-02-26,0.69
2004-02-27,0.7100000000000002
2004-03-01,0.69
2004-03-02,0.6799999999999999
2004-03-03,0.7100000000000002
2004-03-04,0.73
2004-03-05,0.7699999999999998
2004-03-08,0.7799999999999998
2004-03-09,0.7899999999999998
2004-03-10,0.77
2004-03-11,0.7599999999999998
2004-03-12,0.7399999999999998
2004-03-15,0.71
2004-03-16,0.7300000000000002
2004-03-17,0.7100000000000002
2004-03-18,0.7
2004-03-19,0.6999999999999997
2004-03-22,0.69
2004-03-23,0.69
2004-03-24,0.7000000000000002
2004-03-25,0.6799999999999999
2004-03-26,0.6799999999999999
2004-03-29,0.6800000000000002
2004-03-30,0.8400000000000003
2004-03-31,0.8300000000000001
2004-04-01,0.8000000000000003
2004-04-02,0.8
2004-04-05,0.7700000000000002
2004-04-06,0.78
2004-04-07,0.75
2004-04-08,0.7000000000000002
2004-04-12,0.7
2004-04-13,0.7300000000000004
2004-04-14,0.6800000000000002
2004-04-15,0.69
2004-04-16,0.7000000000000002
2004-04-19,0.69
2004-04-20,0.7400000000000002
2004-04-21,0.5999999999999996
2004-04-22,0.6299999999999999
2004-04-23,0.5299999999999998
2004-04-26,0.5500000000000003
2004-04-27,0.5899999999999999
2004-04-28,0.54
2004-04-29,0.4900000000000002
2004-04-30,0.3900000000000001
2004-05-03,0.33000000000000007
2004-05-04,0.3700000000000001
2004-05-05,0.3600000000000003
2004-05-06,0.33000000000000007
2004-05-07,0.31000000000000005
2004-05-10,0.33000000000000007
2004-05-11,0.3200000000000003
2004-05-12,0.33000000000000007
2004-05-13,0.3599999999999999
2004-05-14,0.4500000000000002
2004-05-17,0.5
2004-05-18,0.48999999999999977
2004-05-19,0.4900000000000002
2004-05-20,0.5
2004-05-21,0.45999999999999996
2004-05-25,0.56
2004-05-26,0.56
2004-05-27,0.56
2004-05-28,0.5299999999999998
2004-06-01,0.52
2004-06-02,0.5
2004-06-03,0.5100000000000002
2004-06-04,0.5899999999999999
2004-06-07,0.6200000000000001
2004-06-08,0.5299999999999998
2004-06-09,0.48
2004-06-10,0.48999999999999977
2004-06-14,0.48999999999999977
2004-06-15,0.5699999999999998
2004-06-16,0.54
2004-06-17,0.56
2004-06-18,0.5800000000000001
2004-06-21,0.56
2004-06-22,0.56
2004-06-23,0.5500000000000003
2004-06-24,0.5499999999999998
2004-06-25,0.5199999999999996
2004-06-28,0.4700000000000002
2004-06-29,0.48999999999999977
2004-06-30,0.52
2004-07-02,0.5800000000000001
2004-07-06,0.5499999999999998
2004-07-07,0.52
2004-07-08,0.4900000000000002
2004-07-09,0.52
2004-07-12,0.5800000000000001
2004-07-13,0.56
2004-07-14,0.56
2004-07-15,0.5499999999999998
2004-07-16,0.5699999999999998
2004-07-19,0.5699999999999998
2004-07-20,0.4900000000000002
2004-07-21,0.48
2004-07-22,0.5
2004-07-23,0.45999999999999996
2004-07-26,0.4500000000000002
2004-07-27,0.45999999999999996
2004-07-28,0.4700000000000002
2004-07-29,0.48
2004-07-30,0.48999999999999977
2004-08-03,0.4099999999999997
2004-08-04,0.4299999999999997
2004-08-05,0.43999999999999995
2004-08-06,0.43999999999999995
2004-08-09,0.44999999999999973
2004-08-10,0.4500000000000002
2004-08-11,0.41000000000000014
2004-08-12,0.41000000000000014
2004-08-13,0.48999999999999977
2004-08-16,0.5
2004-08-17,0.52
2004-08-18,0.5500000000000003
2004-08-19,0.48999999999999977
2004-08-20,0.45999999999999996
2004-08-23,0.4500000000000002
2004-08-24,0.52
2004-08-25,0.52
2004-08-26,0.54
2004-08-27,0.54
2004-08-30,0.5399999999999996
2004-08-31,0.5299999999999998
2004-09-01,0.54
2004-09-02,0.5699999999999998
2004-09-03,0.5100000000000002
2004-09-07,0.5499999999999998
2004-09-08,0.6400000000000001
2004-09-09,0.6400000000000001
2004-09-10,0.6099999999999999
2004-09-13,0.5699999999999998
2004-09-14,0.6099999999999999
2004-09-15,0.5800000000000001
2004-09-16,0.5899999999999999
2004-09-17,0.4900000000000002
2004-09-20,0.5499999999999998
2004-09-21,0.5699999999999998
2004-09-22,0.7200000000000002
2004-09-23,0.69
2004-09-24,0.6399999999999997
2004-09-27,0.6600000000000001
2004-09-28,0.6800000000000002
2004-09-29,0.6699999999999999
2004-09-30,0.6600000000000001
2004-10-01,0.6800000000000002
2004-10-04,0.6699999999999999
2004-10-05,0.6600000000000001
2004-10-06,0.6399999999999997
2004-10-07,0.6199999999999997
2004-10-08,0.6800000000000002
2004-10-12,0.6800000000000002
2004-10-13,0.6800000000000002
2004-10-14,0.6800000000000002
2004-10-15,0.6700000000000004
2004-10-18,0.6300000000000003
2004-10-19,0.6000000000000001
2004-10-20,0.5700000000000003
2004-10-21,0.5900000000000003
2004-10-22,0.5900000000000003
2004-10-25,0.56
2004-10-26,0.6200000000000001
2004-10-27,0.6000000000000001
2004-10-28,0.6400000000000001
2004-10-29,0.6800000000000002
2004-11-01,0.6499999999999999
2004-11-02,0.6499999999999999
2004-11-03,0.6400000000000001
2004-11-04,0.6000000000000001
2004-11-05,0.54
2004-11-08,0.54
2004-11-09,0.5500000000000003
2004-11-10,0.5
2004-11-12,0.41000000000000014
2004-11-15,0.3799999999999999
2004-11-16,0.3899999999999997
2004-11-17,0.3500000000000001
2004-11-18,0.3600000000000003
2004-11-19,0.2799999999999998
2004-11-22,0.3099999999999996
2004-11-23,0.25
2004-11-24,0.16000000000000014
2004-11-26,0.03000000000000025
2004-11-29,0.03000000000000025
2004-11-30,-0.010000000000000231
2004-12-01,-0.009999999999999787
2004-12-02,0.0
2004-12-03,-0.06000000000000005
2004-12-06,-0.03000000000000025
2004-12-07,-0.1200000000000001
2004-12-08,-0.0900000000000003
2004-12-09,-0.03000000000000025
2004-12-10,-0.040000000000000036
2004-12-13,-0.06000000000000005
2004-12-14,-0.11000000000000032
2004-12-15,-0.11000000000000032
2004-12-16,-0.09999999999999964
2004-12-17,-0.07999999999999963
2004-12-20,-0.10000000000000009
2004-12-21,-0.06999999999999984
2004-12-22,-0.03000000000000025
2004-12-23,-0.06000000000000005
2004-12-29,-0.07000000000000028
2004-12-30,-0.0900000000000003
2004-12-31,-0.08999999999999986
2005-01-04,-0.15000000000000036
2005-01-05,-0.18000000000000016
2005-01-06,-0.17000000000000037
2005-01-07,-0.11000000000000032
2005-01-10,-0.1299999999999999
2005-01-11,-0.17000000000000037
2005-01-12,-0.20000000000000018
2005-01-13,-0.27
2005-01-14,-0.29000000000000004
2005-01-18,-0.34999999999999964
2005-01-19,-0.36999999999999966
2005-01-20,-0.2999999999999998
2005-01-21,-0.25
2005-01-24,-0.29000000000000004
2005-01-25,-0.3700000000000001
2005-01-26,-0.45999999999999996
2005-01-27,-0.36999999999999966
2005-01-28,-0.3700000000000001
2005-01-31,-0.3900000000000001
2005-02-01,-0.3799999999999999
2005-02-02,-0.3999999999999999
2005-02-03,-0.3799999999999999
2005-02-04,-0.41999999999999993
2005-02-07,-0.41000000000000014
2005-02-08,-0.41000000000000014
2005-02-09,-0.3600000000000003
2005-02-10,-0.3799999999999999
2005-02-11,-0.41999999999999993
2005-02-14,-0.48999999999999977
2005-02-15,-0.48
2005-02-16,-0.4900000000000002
2005-02-17,-0.45999999999999996
2005-02-18,-0.5
2005-02-22,-0.6099999999999999
2005-02-23,-0.52
2005-02-24,-0.5499999999999998
2005-02-25,-0.6200000000000001
2005-02-28,-0.6499999999999999
2005-03-01,-0.6599999999999997
2005-03-02,-0.6199999999999997
2005-03-03,-0.6299999999999999
2005-03-04,-0.6399999999999997
2005-03-07,-0.6799999999999997
2005-03-08,-0.7000000000000002
2005-03-09,-0.6800000000000002
2005-03-10,-0.6800000000000002
2005-03-11,-0.6499999999999999
2005-03-14,-0.6699999999999999
2005-03-15,-0.6000000000000001
2005-03-16,-0.5700000000000003
2005-03-17,-0.6000000000000001
2005-03-18,-0.5900000000000003
2005-03-21,-0.54
2005-03-22,-0.5699999999999998
2005-03-23,-0.43999999999999995
2005-03-24,-0.48
2005-03-28,-0.48
2005-03-29,-0.4900000000000002
2005-03-30,-0.5
2005-03-31,-0.5299999999999998
2005-04-01,-0.5099999999999998
2005-04-04,-0.5
2005-04-05,-0.48
2005-04-06,-0.45999999999999996
2005-04-07,-0.48
2005-04-08,-0.6099999999999999
2005-04-11,-0.6200000000000001
2005-04-12,-0.5800000000000001
2005-04-13,-0.5500000000000003
2005-04-14,-0.5700000000000003
2005-04-15,-0.5499999999999998
2005-04-18,-0.54
2005-04-19,-0.52
2005-04-20,-0.5499999999999998
2005-04-21,-0.6200000000000001
2005-04-22,-0.56
2005-04-25,-0.5500000000000003
2005-04-26,-0.5899999999999999
2005-04-27,-0.5700000000000003
2005-04-28,-0.5499999999999998
2005-04-29,-0.5800000000000001
2005-05-02,-0.5800000000000001
2005-05-03,-0.6200000000000001
2005-05-04,-0.5699999999999998
2005-05-05,-0.5500000000000003
2005-05-06,-0.54
2005-05-09,-0.5599999999999996
2005-05-10,-0.5499999999999998
2005-05-11,-0.5900000000000003
2005-05-12,-0.6200000000000001
2005-05-13,-0.6399999999999997
2005-05-16,-0.6199999999999997
2005-05-17,-0.6299999999999999
2005-05-18,-0.5500000000000003
2005-05-19,-0.5700000000000003
2005-05-20,-0.6099999999999999
2005-05-24,-0.5800000000000001
2005-05-25,-0.6099999999999999
2005-05-26,-0.6400000000000001
2005-05-27,-0.6699999999999999
2005-05-31,-0.69
2005-06-01,-0.7200000000000002
2005-06-02,-0.73
2005-06-03,-0.7399999999999998
2005-06-06,-0.7799999999999998
2005-06-07,-0.7999999999999998
2005-06-08,-0.79
2005-06-09,-0.8200000000000003
2005-06-10,-0.7799999999999998
2005-06-13,-0.7799999999999998
2005-06-14,-0.77
2005-06-15,-0.7800000000000002
2005-06-16,-0.8000000000000003
2005-06-17,-0.8200000000000003
2005-06-20,-0.8300000000000001
2005-06-21,-0.8399999999999999
2005-06-22,-0.8200000000000003
2005-06-23,-0.8399999999999999
2005-06-24,-0.81
2005-06-27,-0.79
2005-06-28,-0.7999999999999998
2005-06-29,-0.79
2005-06-30,-0.8300000000000001
2005-07-05,-0.79
2005-07-06,-0.7999999999999998
2005-07-07,-0.77
2005-07-08,-0.7899999999999996
2005-07-11,-0.8000000000000003
2005-07-12,-0.7399999999999998
2005-07-13,-0.77
2005-07-14,-0.81
2005-07-15,-0.7999999999999998
2005-07-18,-0.8200000000000003
2005-07-19,-0.8399999999999999
2005-07-20,-0.8500000000000001
2005-07-21,-0.8999999999999999
2005-07-22,-0.96
2005-07-25,-1.0
2005-07-26,-0.9700000000000002
2005-07-27,-0.9500000000000002
2005-07-28,-0.9500000000000002
2005-07-29,-0.9799999999999995
2005-08-02,-0.9799999999999995
2005-08-03,-0.9499999999999997
2005-08-04,-0.96
2005-08-05,-0.9600000000000004
2005-08-08,-0.9900000000000002
2005-08-09,-0.98
2005-08-10,-0.96
2005-08-11,-0.9699999999999998
2005-08-12,-0.94
2005-08-15,-0.94
2005-08-16,-0.9300000000000002
2005-08-17,-0.9300000000000002
2005-08-18,-0.9099999999999997
2005-08-19,-0.9000000000000004
2005-08-22,-0.8700000000000001
2005-08-23,-0.8599999999999999
2005-08-24,-0.8800000000000003
2005-08-25,-0.9300000000000002
2005-08-26,-0.9699999999999998
2005-08-29,-0.9599999999999995
2005-08-30,-0.9000000000000004
2005-08-31,-0.8699999999999997
2005-09-01,-0.8700000000000001
2005-09-02,-0.8500000000000001
2005-09-06,-0.8099999999999996
2005-09-07,-0.8400000000000003
2005-09-08,-0.8500000000000001
2005-09-09,-0.8500000000000001
2005-09-12,-0.8700000000000001
2005-09-13,-0.8399999999999999
2005-09-14,-0.8199999999999998
2005-09-15,-0.8199999999999998
2005-09-16,-0.8400000000000003
2005-09-19,-0.79
2005-09-20,-0.81
2005-09-21,-0.79
2005-09-22,-0.77
2005-09-23,-0.7699999999999996
2005-09-26,-0.7900000000000005
2005-09-27,-0.7800000000000002
2005-09-28,-0.79
2005-09-29,-0.79
2005-09-30,-0.8299999999999996
2005-10-03,-0.8500000000000001
2005-10-04,-0.8799999999999999
2005-10-05,-0.8799999999999999
2005-10-06,-0.8800000000000003
2005-10-07,-0.8299999999999996
2005-10-11,-0.8299999999999996
2005-10-12,-0.8300000000000001
2005-10-13,-0.8300000000000001
2005-10-14,-0.8499999999999996
2005-10-17,-0.8399999999999999
2005-10-18,-0.7899999999999996
2005-10-19,-0.7400000000000002
2005-10-20,-0.7899999999999996
2005-10-21,-0.7399999999999998
2005-10-24,-0.75
2005-10-25,-0.77
2005-10-26,-0.7799999999999998
2005-10-27,-0.7800000000000002
2005-10-28,-0.7900000000000005
2005-10-31,-0.7600000000000002
2005-11-01,-0.77
2005-11-02,-0.7799999999999998
2005-11-03,-0.8099999999999996
2005-11-04,-0.7699999999999996
2005-11-07,-0.7799999999999998
2005-11-08,-0.7599999999999998
2005-11-09,-0.7800000000000002
2005-11-10,-0.7300000000000004
2005-11-14,-0.73
2005-11-15,-0.71
2005-11-16,-0.71
2005-11-17,-0.6600000000000001
2005-11-18,-0.6500000000000004
2005-11-21,-0.6299999999999999
2005-11-22,-0.6500000000000004
2005-11-23,-0.6800000000000002
2005-11-25,-0.6400000000000001
2005-11-28,-0.6400000000000001
2005-11-29,-0.6700000000000004
2005-11-30,-0.6499999999999999
2005-12-01,-0.6900000000000004
2005-12-02,-0.6399999999999997
2005-12-05,-0.6599999999999997
2005-12-06,-0.6600000000000001
2005-12-07,-0.6499999999999999
2005-12-08,-0.6100000000000003
2005-12-09,-0.6199999999999997
2005-12-12,-0.6000000000000001
2005-12-13,-0.5799999999999996
2005-12-14,-0.54
2005-12-15,-0.5300000000000002
2005-12-16,-0.56
2005-12-19,-0.5800000000000001
2005-12-20,-0.6099999999999999
2005-12-21,-0.6099999999999999
2005-12-22,-0.5700000000000003
2005-12-23,-0.54
2005-12-28,-0.5700000000000003
2005-12-29,-0.56
2005-12-30,-0.56
2006-01-03,-0.5299999999999998
2006-01-04,-0.5999999999999996
2006-01-05,-0.6300000000000003
2006-01-06,-0.6300000000000003
2006-01-09,-0.6200000000000001
2006-01-10,-0.6300000000000003
2006-01-11,-0.6200000000000006
2006-01-12,-0.5799999999999996
2006-01-13,-0.5499999999999998
2006-01-17,-0.5700000000000003
2006-01-18,-0.5800000000000001
2006-01-19,-0.5700000000000003
2006-01-20,-0.5800000000000001
2006-01-23,-0.5299999999999998
2006-01-24,-0.5900000000000003
2006-01-25,-0.6299999999999999
2006-01-26,-0.6400000000000001
2006-01-27,-0.6499999999999999
2006-01-30,-0.6499999999999995
2006-01-31,-0.6800000000000002
2006-02-01,-0.6999999999999997
2006-02-02,-0.6699999999999999
2006-02-03,-0.6599999999999997
2006-02-06,-0.6400000000000001
2006-02-07,-0.6300000000000003
2006-02-08,-0.6499999999999995
2006-02-09,-0.6699999999999999
2006-02-10,-0.7100000000000004
2006-02-13,-0.7299999999999995
2006-02-14,-0.7300000000000004
2006-02-15,-0.7599999999999998
2006-02-16,-0.7600000000000002
2006-02-17,-0.7600000000000002
2006-02-21,-0.7799999999999998
2006-02-22,-0.7699999999999996
2006-02-23,-0.7599999999999998
2006-02-24,-0.7600000000000002
2006-02-27,-0.7600000000000002
2006-02-28,-0.7400000000000002
2006-03-01,-0.7599999999999998
2006-03-02,-0.7799999999999998
2006-03-03,-0.7799999999999998
2006-03-06,-0.7799999999999994
2006-03-07,-0.8399999999999994
2006-03-08,-0.8299999999999996
2006-03-09,-0.7899999999999996
2006-03-10,-0.7800000000000002
2006-03-13,-0.7800000000000002
2006-03-14,-0.75
2006-03-15,-0.7800000000000002
2006-03-16,-0.77
2006-03-17,-0.7600000000000002
2006-03-20,-0.7500000000000004
2006-03-21,-0.7699999999999996
2006-03-22,-0.79
2006-03-23,-0.7899999999999996
2006-03-24,-0.8099999999999996
2006-03-27,-0.7999999999999998
2006-03-28,-0.8499999999999996
2006-03-29,-0.8400000000000003
2006-03-30,-0.8499999999999996
2006-03-31,-0.8300000000000001
2006-04-03,-0.8400000000000007
2006-04-04,-0.7999999999999998
2006-04-05,-0.7799999999999994
2006-04-06,-0.79
2006-04-07,-0.7699999999999996
2006-04-10,-0.75
2006-04-11,-0.7599999999999998
2006-04-12,-0.7999999999999998
2006-04-13,-0.8399999999999999
2006-04-17,-0.8399999999999999
2006-04-18,-0.7999999999999998
2006-04-19,-0.79
2006-04-20,-0.79
2006-04-21,-0.8300000000000001
2006-04-24,-0.8199999999999994
2006-04-25,-0.79
2006-04-26,-0.7999999999999998
2006-04-27,-0.7700000000000005
2006-04-28,-0.7400000000000002
2006-05-01,-0.7700000000000005
2006-05-02,-0.7599999999999998
2006-05-03,-0.7600000000000007
2006-05-04,-0.8199999999999994
2006-05-05,-0.8000000000000007
2006-05-08,-0.8499999999999996
2006-05-09,-0.8700000000000001
2006-05-10,-0.8899999999999997
2006-05-11,-0.9100000000000001
2006-05-12,-0.9399999999999995
2006-05-15,-0.9300000000000006
2006-05-16,-0.9100000000000001
2006-05-17,-0.8899999999999997
2006-05-18,-0.9200000000000008
2006-05-19,-0.8799999999999999
2006-05-23,-0.9100000000000001
2006-05-24,-0.8500000000000005
2006-05-25,-0.9000000000000004
2006-05-26,-0.8700000000000001
2006-05-30,-0.8600000000000003
2006-05-31,-0.8600000000000003
2006-06-01,-0.8899999999999997
2006-06-02,-0.8300000000000001
2006-06-05,-0.8799999999999999
2006-06-06,-0.8799999999999999
2006-06-07,-0.8899999999999997
2006-06-08,-0.8799999999999999
2006-06-09,-0.7799999999999994
2006-06-12,-0.7899999999999991
2006-06-13,-0.8199999999999994
2006-06-14,-0.8900000000000006
2006-06-15,-0.8999999999999995
2006-06-16,-0.9199999999999999
2006-06-19,-0.9400000000000004
2006-06-20,-0.8400000000000007
2006-06-21,-0.8399999999999999
2006-06-22,-0.8600000000000003
2006-06-23,-0.8599999999999994
2006-06-26,-0.8399999999999999
2006-06-27,-0.8100000000000005
2006-06-28,-0.8399999999999999
2006-06-29,-0.8300000000000001
2006-06-30,-0.7599999999999998
2006-07-05,-0.8100000000000005
2006-07-06,-0.7999999999999998
2006-07-07,-0.8600000000000003
2006-07-10,-0.8799999999999999
2006-07-11,-0.9299999999999997
2006-07-12,-0.9399999999999995
2006-07-13,-0.9000000000000004
2006-07-14,-0.8700000000000001
2006-07-17,-0.9000000000000004
2006-07-18,-0.9300000000000006
2006-07-19,-0.9100000000000001
2006-07-20,-0.8499999999999996
2006-07-21,-0.9199999999999999
2006-07-24,-0.9699999999999998
2006-07-25,-0.9500000000000002
2006-07-26,-0.9099999999999993
2006-07-27,-0.9199999999999999
2006-07-28,-0.8300000000000001
2006-07-31,-0.8499999999999996
2006-08-01,-0.8599999999999994
2006-08-02,-0.8399999999999999
2006-08-03,-0.8200000000000003
2006-08-04,-0.7800000000000002
2006-08-08,-0.79
2006-08-09,-0.7800000000000002
2006-08-10,-0.79
2006-08-11,-0.7999999999999998
2006-08-14,-0.8199999999999994
2006-08-15,-0.79
2006-08-16,-0.7599999999999998
2006-08-17,-0.79
2006-08-18,-0.7999999999999998
2006-08-21,-0.79
2006-08-22,-0.8100000000000005
2006-08-23,-0.8100000000000005
2006-08-24,-0.8200000000000003
2006-08-25,-0.8100000000000005
2006-08-28,-0.8300000000000001
2006-08-29,-0.8200000000000003
2006-08-30,-0.8100000000000005
2006-08-31,-0.8199999999999998
2006-09-01,-0.8299999999999996
2006-09-05,-0.8299999999999996
2006-09-06,-0.8400000000000003
2006-09-07,-0.8400000000000003
2006-09-08,-0.8599999999999999
2006-09-11,-0.8599999999999999
2006-09-12,-0.8500000000000001
2006-09-13,-0.8199999999999998
2006-09-14,-0.8300000000000001
2006-09-15,-0.8799999999999999
2006-09-18,-0.8799999999999999
2006-09-19,-0.8300000000000001
2006-09-20,-0.8399999999999994
2006-09-21,-0.79
2006-09-22,-0.7799999999999998
2006-09-25,-0.79
2006-09-26,-0.7999999999999998
2006-09-27,-0.77
2006-09-28,-0.7799999999999998
2006-09-29,-0.7999999999999998
2006-10-02,-0.77
2006-10-03,-0.77
2006-10-04,-0.7199999999999998
2006-10-05,-0.7300000000000004
2006-10-06,-0.75
2006-10-10,-0.8100000000000005
2006-10-11,-0.79
2006-10-12,-0.8099999999999996
2006-10-13,-0.8200000000000003
2006-10-16,-0.8199999999999994
2006-10-17,-0.7800000000000002
2006-10-18,-0.8099999999999996
2006-10-19,-0.79
2006-10-20,-0.79
2006-10-23,-0.79
2006-10-24,-0.7999999999999998
2006-10-25,-0.7999999999999998
2006-10-26,-0.7799999999999994
2006-10-27,-0.75
2006-10-30,-0.7800000000000002
2006-10-31,-0.7399999999999998
2006-11-01,-0.75
2006-11-02,-0.7399999999999998
2006-11-03,-0.79
2006-11-06,-0.79
2006-11-07,-0.7899999999999996
2006-11-08,-0.7799999999999998
2006-11-09,-0.79
2006-11-10,-0.7900000000000005
2006-11-14,-0.79
2006-11-15,-0.8299999999999996
2006-11-16,-0.8699999999999997
2006-11-17,-0.8199999999999998
2006-11-20,-0.8399999999999999
2006-11-21,-0.8199999999999998
2006-11-22,-0.81
2006-11-24,-0.8000000000000003
2006-11-27,-0.7999999999999998
2006-11-28,-0.7799999999999998
2006-11-29,-0.7900000000000005
2006-11-30,-0.75
2006-12-01,-0.7299999999999995
2006-12-04,-0.7299999999999995
2006-12-05,-0.7199999999999998
2006-12-06,-0.7599999999999998
2006-12-07,-0.7600000000000002
2006-12-08,-0.7999999999999998
2006-12-11,-0.79
2006-12-12,-0.7500000000000004
2006-12-13,-0.7800000000000002
2006-12-14,-0.7800000000000002
2006-12-15,-0.7800000000000002
2006-12-18,-0.7399999999999998
2006-12-19,-0.7399999999999998
2006-12-20,-0.7399999999999998
2006-12-21,-0.7400000000000002
2006-12-22,-0.7599999999999998
2006-12-27,-0.7899999999999996
2006-12-28,-0.8000000000000007
2006-12-29,-0.8000000000000007
2007-01-02,-0.8099999999999996
2007-01-03,-0.7899999999999996
2007-01-04,-0.79
2007-01-05,-0.7799999999999998
2007-01-08,-0.7800000000000002
2007-01-09,-0.79
2007-01-10,-0.7999999999999998
2007-01-11,-0.8100000000000005
2007-01-12,-0.8200000000000003
2007-01-16,-0.8000000000000007
2007-01-17,-0.8300000000000001
2007-01-18,-0.8199999999999994
2007-01-19,-0.8499999999999996
2007-01-22,-0.8399999999999999
2007-01-23,-0.8600000000000003
2007-01-24,-0.8499999999999996
2007-01-25,-0.8600000000000003
2007-01-26,-0.8600000000000003
2007-01-29,-0.8500000000000005
2007-01-30,-0.8500000000000005
2007-01-31,-0.8400000000000007
2007-02-01,-0.8300000000000001
2007-02-02,-0.8300000000000001
2007-02-05,-0.8200000000000003
2007-02-06,-0.8200000000000003
2007-02-07,-0.8100000000000005
2007-02-08,-0.8200000000000003
2007-02-09,-0.8099999999999996
2007-02-12,-0.8000000000000007
2007-02-13,-0.7999999999999998
2007-02-14,-0.7800000000000002
2007-02-15,-0.7599999999999998
2007-02-16,-0.7599999999999998
2007-02-20,-0.75
2007-02-21,-0.7400000000000002
2007-02-22,-0.7599999999999998
2007-02-23,-0.7400000000000002
2007-02-26,-0.7199999999999998
2007-02-27,-0.6599999999999997
2007-02-28,-0.6800000000000002
2007-03-01,-0.6699999999999999
2007-03-02,-0.6499999999999995
2007-03-05,-0.6400000000000001
2007-03-06,-0.6600000000000001
2007-03-07,-0.6699999999999999
2007-03-08,-0.6599999999999997
2007-03-09,-0.6800000000000002
2007-03-12,-0.6600000000000001
2007-03-13,-0.6199999999999997
2007-03-14,-0.6200000000000001
2007-03-15,-0.6500000000000004
2007-03-16,-0.6400000000000001
2007-03-19,-0.6400000000000001
2007-03-20,-0.5800000000000001
2007-03-21,-0.5199999999999996
2007-03-22,-0.5600000000000005
2007-03-23,-0.6299999999999994
2007-03-26,-0.5899999999999994
2007-03-27,-0.6099999999999999
2007-03-28,-0.5700000000000003
2007-03-29,-0.6000000000000001
2007-03-30,-0.6000000000000001
2007-04-02,-0.6199999999999997
2007-04-03,-0.6299999999999999
2007-04-04,-0.6300000000000003
2007-04-05,-0.6100000000000003
2007-04-09,-0.6400000000000006
2007-04-10,-0.6299999999999999
2007-04-11,-0.6300000000000008
2007-04-12,-0.6300000000000008
2007-04-13,-0.6299999999999999
2007-04-16,-0.6100000000000003
2007-04-17,-0.5699999999999994
2007-04-18,-0.5199999999999996
2007-04-19,-0.5199999999999996
2007-04-20,-0.46999999999999975
2007-04-23,-0.46999999999999975
2007-04-24,-0.45999999999999996
2007-04-25,-0.5
2007-04-26,-0.5300000000000002
2007-04-27,-0.5099999999999998
2007-04-30,-0.46999999999999975
2007-05-01,-0.47999999999999954
2007-05-02,-0.47000000000000064
2007-05-03,-0.47999999999999954
2007-05-04,-0.46999999999999975
2007-05-07,-0.47999999999999954
2007-05-08,-0.47999999999999954
2007-05-09,-0.5100000000000007
2007-05-10,-0.4900000000000002
2007-05-11,-0.5199999999999996
2007-05-14,-0.5
2007-05-15,-0.5199999999999996
2007-05-16,-0.5
2007-05-17,-0.4300000000000006
2007-05-18,-0.4400000000000004
2007-05-22,-0.41999999999999993
2007-05-23,-0.4299999999999997
2007-05-24,-0.4299999999999997
2007-05-25,-0.4299999999999997
2007-05-29,-0.2999999999999998
2007-05-30,-0.33000000000000007
2007-05-31,-0.34999999999999964
2007-06-01,-0.3700000000000001
2007-06-04,-0.3899999999999997
2007-06-05,-0.3700000000000001
2007-06-06,-0.34999999999999964
2007-06-07,-0.3600000000000003
2007-06-08,-0.33999999999999986
2007-06-11,-0.3199999999999994
2007-06-12,-0.33999999999999986
2007-06-13,-0.34999999999999964
2007-06-14,-0.3799999999999999
2007-06-15,-0.3899999999999997
2007-06-18,-0.3099999999999996
2007-06-19,-0.28000000000000025
2007-06-20,-0.29000000000000004
2007-06-21,-0.3000000000000007
2007-06-22,-0.2599999999999998
2007-06-25,-0.23000000000000043
2007-06-26,-0.2600000000000007
2007-06-27,-0.27000000000000046
2007-06-28,-0.3200000000000003
2007-06-29,-0.29000000000000004
2007-07-03,-0.2999999999999998
2007-07-05,-0.3200000000000003
2007-07-06,-0.27000000000000046
2007-07-09,-0.2699999999999996
2007-07-10,-0.25
2007-07-11,-0.2599999999999998
2007-07-12,-0.27000000000000046
2007-07-13,-0.27000000000000046
2007-07-16,-0.23999999999999932
2007-07-17,-0.21999999999999975
2007-07-18,-0.1899999999999995
2007-07-19,-0.21999999999999975
2007-07-20,-0.17999999999999972
2007-07-23,-0.16000000000000014
2007-07-24,-0.08999999999999986
2007-07-25,-0.04999999999999982
2007-07-26,0.05000000000000071
2007-07-27,0.010000000000000675
2007-07-30,0.03000000000000025
2007-07-31,0.05000000000000071
2007-08-01,0.08000000000000007
2007-08-02,0.04999999999999982
2007-08-03,0.15000000000000036
2007-08-07,0.05000000000000071
2007-08-08,0.03000000000000025
2007-08-09,0.040000000000000036
2007-08-10,0.0600000000000005
2007-08-13,-0.04999999999999982
2007-08-14,-0.08999999999999986
2007-08-15,0.03000000000000025
2007-08-16,0.17999999999999972
2007-08-17,0.0
2007-08-20,-0.020000000000000462
2007-08-21,-0.009999999999999787
2007-08-22,0.04999999999999982
2007-08-23,0.009999999999999787
2007-08-24,-0.040000000000000036
2007-08-27,-0.08999999999999986
2007-08-28,-0.009999999999999787
2007-08-29,0.09000000000000075
2007-08-30,0.1299999999999999
2007-08-31,0.1999999999999993
2007-09-04,0.20999999999999996
2007-09-05,0.17999999999999972
2007-09-06,0.16999999999999993
2007-09-07,0.23999999999999977
2007-09-10,0.2699999999999996
2007-09-11,0.2599999999999998
2007-09-12,0.2699999999999996
2007-09-13,0.16999999999999993
2007-09-14,0.20000000000000018
2007-09-17,0.1899999999999995
2007-09-18,0.1900000000000004
2007-09-19,0.25
2007-09-20,0.23000000000000043
2007-09-21,0.08000000000000007
2007-09-24,0.10000000000000053
2007-09-25,0.13999999999999968
2007-09-26,0.18999999999999995
2007-09-27,0.20000000000000018
2007-09-28,0.10000000000000009
2007-10-01,0.05000000000000071
2007-10-02,0.11999999999999966
2007-10-03,0.1200000000000001
2007-10-04,0.1299999999999999
2007-10-05,0.21999999999999975
2007-10-09,0.23999999999999932
2007-10-10,0.20999999999999996
2007-10-11,0.17999999999999972
2007-10-12,0.1299999999999999
2007-10-15,0.14000000000000057
2007-10-16,0.1899999999999995
2007-10-17,0.28000000000000025
2007-10-18,0.2899999999999996
2007-10-19,0.33000000000000007
2007-10-22,0.31999999999999984
2007-10-23,0.3500000000000001
2007-10-24,0.3799999999999999
2007-10-25,0.41000000000000014
2007-10-26,0.3599999999999999
2007-10-29,0.3099999999999996
2007-10-30,0.26000000000000023
2007-10-31,0.22999999999999998
2007-11-01,0.30000000000000027
2007-11-02,0.4500000000000002
2007-11-05,0.4099999999999997
2007-11-06,0.39999999999999947
2007-11-07,0.3700000000000001
2007-11-08,0.48
2007-11-09,0.4900000000000002
2007-11-13,0.41999999999999993
2007-11-14,0.3500000000000001
2007-11-15,0.46999999999999975
2007-11-16,0.5
2007-11-19,0.43999999999999995
2007-11-20,0.5099999999999998
2007-11-21,0.5599999999999996
2007-11-23,0.5100000000000002
2007-11-26,0.56
2007-11-27,0.6000000000000001
2007-11-28,0.5899999999999999
2007-11-29,0.5899999999999999
2007-11-30,0.6099999999999999
2007-12-03,0.6499999999999999
2007-12-04,0.5800000000000001
2007-12-05,0.6499999999999999
2007-12-06,0.5800000000000001
2007-12-07,0.5800000000000001
2007-12-10,0.5800000000000001
2007-12-11,0.6800000000000002
2007-12-12,0.71
2007-12-13,0.71
2007-12-14,0.6299999999999999
2007-12-17,0.6299999999999999
2007-12-18,0.6299999999999999
2007-12-19,0.6399999999999997
2007-12-20,0.6800000000000002
2007-12-21,0.6600000000000001
2007-12-24,0.6299999999999999
2007-12-27,0.6099999999999999
2007-12-28,0.6499999999999999
2007-12-31,0.6900000000000004
2008-01-02,0.73
2008-01-03,0.7799999999999998
2008-01-04,0.8099999999999996
2008-01-07,0.7800000000000002
2008-01-08,0.7100000000000004
2008-01-09,0.79
2008-01-10,0.69
2008-01-11,0.6400000000000001
2008-01-14,0.6699999999999999
2008-01-15,0.7000000000000002
2008-01-16,0.77
2008-01-17,0.79
2008-01-18,0.8700000000000001
2008-01-22,1.0
2008-01-23,1.1
2008-01-24,1.0499999999999998
2008-01-25,0.9900000000000002
2008-01-28,1.0
2008-01-29,1.0
2008-01-30,0.8700000000000001
2008-01-31,1.0
2008-02-01,1.04
2008-02-04,1.0699999999999998
2008-02-05,1.0999999999999999
2008-02-06,1.08
2008-02-07,1.09
2008-02-08,1.1300000000000001
2008-02-11,1.11
2008-02-12,1.15
2008-02-13,1.1700000000000002
2008-02-14,1.11
2008-02-15,1.0800000000000003
2008-02-19,1.0499999999999998
2008-02-20,1.0099999999999998
2008-02-21,1.12
2008-02-22,1.1600000000000001
2008-02-25,1.0500000000000003
2008-02-26,1.04
2008-02-27,1.04
2008-02-28,1.0499999999999998
2008-02-29,1.12
2008-03-03,1.0999999999999999
2008-03-04,1.0300000000000002
2008-03-05,0.99
2008-03-06,0.99
2008-03-07,1.03
2008-03-10,1.07
2008-03-11,0.9200000000000002
2008-03-12,0.98
2008-03-13,0.9100000000000001
2008-03-14,0.9600000000000002
2008-03-17,0.9499999999999997
2008-03-18,0.9100000000000001
2008-03-19,0.98
2008-03-20,0.97
2008-03-24,0.8899999999999999
2008-03-25,0.9100000000000001
2008-03-26,0.8900000000000001
2008-03-27,0.8399999999999999
2008-03-28,0.9100000000000001
2008-03-31,1.0
2008-04-01,0.97
2008-04-02,1.02
2008-04-03,0.9099999999999999
2008-04-04,0.9199999999999999
2008-04-07,0.8499999999999999
2008-04-08,0.8999999999999999
2008-04-09,0.9199999999999999
2008-04-10,0.9000000000000001
2008-04-11,0.9099999999999999
2008-04-14,0.8699999999999999
2008-04-15,0.8699999999999999
2008-04-16,0.79
2008-04-17,0.7000000000000002
2008-04-18,0.6600000000000001
2008-04-21,0.6399999999999997
2008-04-22,0.5599999999999996
2008-04-23,0.5599999999999996
2008-04-24,0.45999999999999996
2008-04-25,0.48
2008-04-28,0.5100000000000002
2008-04-29,0.5099999999999998
2008-04-30,0.43999999999999995
2008-05-01,0.3599999999999999
2008-05-02,0.3099999999999996
2008-05-05,0.3599999999999999
2008-05-06,0.43000000000000016
2008-05-07,0.48999999999999977
2008-05-08,0.5099999999999998
2008-05-09,0.4700000000000002
2008-05-12,0.43000000000000016
2008-05-13,0.33999999999999986
2008-05-14,0.30000000000000027
2008-05-15,0.31999999999999984
2008-05-16,0.3299999999999996
2008-05-20,0.43000000000000016
2008-05-21,0.48999999999999977
2008-05-22,0.44999999999999973
2008-05-23,0.5300000000000002
2008-05-27,0.5100000000000002
2008-05-28,0.46999999999999975
2008-05-29,0.43000000000000016
2008-05-30,0.34999999999999964
2008-06-02,0.3900000000000001
2008-06-03,0.3799999999999999
2008-06-04,0.3799999999999999
2008-06-05,0.3599999999999999
2008-06-06,0.4700000000000002
2008-06-09,0.33999999999999986
2008-06-10,0.48
2008-06-11,0.44999999999999973
2008-06-12,0.3700000000000001
2008-06-13,0.3400000000000003
2008-06-16,0.33999999999999986
2008-06-17,0.33000000000000007
2008-06-18,0.3599999999999999
2008-06-19,0.3599999999999999
2008-06-20,0.41999999999999993
2008-06-23,0.3500000000000001
2008-06-24,0.3700000000000001
2008-06-25,0.41000000000000014
2008-06-26,0.46999999999999975
2008-06-27,0.52
2008-06-30,0.6100000000000003
2008-07-02,0.6200000000000001
2008-07-03,0.6699999999999999
2008-07-07,0.6799999999999997
2008-07-08,0.73
2008-07-09,0.77
2008-07-10,0.71
2008-07-11,0.5900000000000003
2008-07-14,0.6499999999999999
2008-07-15,0.6699999999999999
2008-07-16,0.6299999999999999
2008-07-17,0.5299999999999998
2008-07-18,0.52
2008-07-21,0.5
2008-07-22,0.46999999999999975
2008-07-23,0.41000000000000014
2008-07-24,0.5100000000000002
2008-07-25,0.43999999999999995
2008-07-28,0.4700000000000002
2008-07-29,0.3999999999999999
2008-07-30,0.4099999999999997
2008-07-31,0.41999999999999993
2008-08-01,0.3700000000000001
2008-08-05,0.3500000000000001
2008-08-06,0.29000000000000004
2008-08-07,0.33999999999999986
2008-08-08,0.20000000000000018
2008-08-11,0.18000000000000016
2008-08-12,0.27
2008-08-13,0.2599999999999998
2008-08-14,0.31999999999999984
2008-08-15,0.3599999999999999
2008-08-18,0.3799999999999999
2008-08-19,0.4200000000000004
2008-08-20,0.5499999999999998
2008-08-21,0.5299999999999998
2008-08-22,0.5100000000000002
2008-08-25,0.54
2008-08-26,0.48
2008-08-27,0.43999999999999995
2008-08-28,0.3700000000000001
2008-08-29,0.3500000000000001
2008-09-02,0.41000000000000014
2008-09-03,0.4500000000000002
2008-09-04,0.48
2008-09-05,0.5
2008-09-08,0.4400000000000004
2008-09-09,0.45999999999999996
2008-09-10,0.48999999999999977
2008-09-11,0.5499999999999998
2008-09-12,0.5499999999999998
2008-09-15,0.6599999999999999
2008-09-16,0.6799999999999999
2008-09-17,0.9200000000000002
2008-09-18,0.8099999999999998
2008-09-19,0.7199999999999998
2008-09-22,0.71
2008-09-23,0.7600000000000002
2008-09-24,0.8200000000000003
2008-09-25,0.73
2008-09-26,0.7200000000000002
2008-09-29,0.8400000000000001
2008-09-30,0.7799999999999998
2008-10-01,0.8800000000000001
2008-10-02,0.9699999999999998
2008-10-03,0.9099999999999997
2008-10-06,0.8200000000000001
2008-10-07,0.8
2008-10-08,0.5100000000000002
2008-10-09,0.45999999999999996
2008-10-10,0.5899999999999999
2008-10-14,0.5199999999999998
2008-10-15,0.6199999999999999
2008-10-16,0.6899999999999997
2008-10-17,0.6300000000000001
2008-10-20,0.4900000000000002
2008-10-21,0.5800000000000001
2008-10-22,0.5599999999999998
2008-10-23,0.5800000000000001
2008-10-24,0.5199999999999998
2008-10-27,0.47
2008-10-28,0.43999999999999995
2008-10-29,0.48999999999999977
2008-10-30,0.42999999999999994
2008-10-31,0.44999999999999973
2008-11-03,0.5599999999999998
2008-11-04,0.5800000000000001
2008-11-05,0.6099999999999999
2008-11-06,0.6099999999999999
2008-11-07,0.5699999999999998
2008-11-10,0.6499999999999999
2008-11-12,0.6500000000000001
2008-11-13,0.6799999999999999
2008-11-14,0.6799999999999999
2008-11-17,0.6699999999999999
2008-11-18,0.77
2008-11-19,0.8199999999999998
2008-11-20,0.77
2008-11-21,0.71
2008-11-24,0.51
2008-11-25,0.6200000000000001
2008-11-26,0.6399999999999999
2008-11-28,0.7
2008-12-01,0.68
2008-12-02,0.68
2008-12-03,0.7300000000000001
2008-12-04,0.7000000000000001
2008-12-05,0.64
2008-12-08,0.6100000000000001
2008-12-09,0.7000000000000001
2008-12-10,0.67
2008-12-11,0.71
2008-12-12,0.7
2008-12-15,0.71
2008-12-16,0.63
2008-12-17,0.55
2008-12-18,0.5099999999999999
2008-12-19,0.52
2008-12-22,0.38
2008-12-23,0.30999999999999994
2008-12-24,0.29999999999999993
2008-12-29,0.32000000000000006
2008-12-30,0.33000000000000007
2008-12-31,0.33000000000000007
2009-01-02,0.2699999999999999
2009-01-05,0.3799999999999999
2009-01-06,0.34999999999999987
2009-01-07,0.31999999999999995
2009-01-08,0.30999999999999994
2009-01-09,0.3400000000000001
2009-01-12,0.29000000000000004
2009-01-13,0.26
2009-01-14,0.19000000000000006
2009-01-15,0.22999999999999998
2009-01-16,0.21999999999999997
2009-01-20,0.31000000000000005
2009-01-21,0.30000000000000004
2009-01-22,0.3999999999999999
2009-01-23,0.41000000000000003
2009-01-26,0.4600000000000001
2009-01-27,0.44000000000000006
2009-01-28,0.4800000000000001
2009-01-29,0.44999999999999996
2009-01-30,0.47
2009-02-02,0.43000000000000005
2009-02-03,0.3700000000000001
2009-02-04,0.3500000000000001
2009-02-05,0.25
2009-02-06,0.1499999999999999
2009-02-09,0.1299999999999999
2009-02-10,0.22999999999999987
2009-02-11,0.22999999999999987
2009-02-12,0.2599999999999999
2009-02-13,0.22999999999999998
2009-02-17,0.30999999999999994
2009-02-18,0.28
2009-02-19,0.24
2009-02-20,0.26
2009-02-23,0.19999999999999996
2009-02-24,0.15999999999999992
2009-02-25,0.15999999999999992
2009-02-26,0.1299999999999999
2009-02-27,0.1499999999999999
2009-03-02,0.15000000000000002
2009-03-03,0.06999999999999995
2009-03-04,0.0
2009-03-05,0.030000000000000027
2009-03-06,0.04999999999999993
2009-03-09,-0.010000000000000009
2009-03-10,-0.030000000000000027
2009-03-11,-0.040000000000000036
2009-03-12,-0.040000000000000036
2009-03-13,-0.010000000000000009
2009-03-16,-0.010000000000000009
2009-03-17,-0.030000000000000027
2009-03-18,0.13
2009-03-19,0.12
2009-03-20,0.13
2009-03-23,0.09999999999999998
2009-03-24,0.16000000000000003
2009-03-25,0.16000000000000014
2009-03-26,0.2699999999999999
2009-03-27,0.2699999999999999
2009-03-30,0.27000000000000013
2009-03-31,0.26
2009-04-01,0.2500000000000001
2009-04-02,0.2400000000000001
2009-04-03,0.17999999999999994
2009-04-06,0.19999999999999996
2009-04-07,0.21000000000000008
2009-04-08,0.16000000000000003
2009-04-09,0.16000000000000014
2009-04-13,0.21000000000000008
2009-04-14,0.2300000000000001
2009-04-15,0.2600000000000001
2009-04-16,0.21000000000000008
2009-04-17,0.16999999999999993
2009-04-20,0.17000000000000004
2009-04-21,0.06000000000000005
2009-04-22,0.0
2009-04-23,0.010000000000000009
2009-04-24,-0.010000000000000009
2009-04-27,0.05999999999999994
2009-04-28,0.030000000000000027
2009-04-29,0.040000000000000036
2009-04-30,0.06999999999999995
2009-05-01,0.05999999999999994
2009-05-04,0.08000000000000007
2009-05-05,0.030000000000000027
2009-05-06,0.07000000000000006
2009-05-07,0.07000000000000006
2009-05-08,0.1200000000000001
2009-05-11,0.17000000000000004
2009-05-12,0.22000000000000008
2009-05-13,0.22000000000000008
2009-05-14,0.2300000000000001
2009-05-15,0.21000000000000008
2009-05-19,0.19000000000000006
2009-05-20,0.2300000000000001
2009-05-21,0.2499999999999999
2009-05-22,0.22999999999999987
2009-05-26,0.25
2009-05-27,0.31000000000000005
2009-05-28,0.30000000000000004
2009-05-29,0.30999999999999994
2009-06-01,0.29000000000000004
2009-06-02,0.27
2009-06-03,0.23999999999999988
2009-06-04,0.19999999999999996
2009-06-05,-0.040000000000000036
2009-06-08,-0.020000000000000018
2009-06-09,0.020000000000000018
2009-06-10,0.050000000000000044
2009-06-11,0.04999999999999982
2009-06-12,0.09999999999999987
2009-06-15,0.1299999999999999
2009-06-16,0.13000000000000012
2009-06-17,0.10000000000000009
2009-06-18,0.050000000000000044
2009-06-19,0.030000000000000027
2009-06-22,0.06000000000000005
2009-06-23,0.10000000000000009
2009-06-24,0.08000000000000007
2009-06-25,0.10999999999999988
2009-06-26,0.09999999999999987
2009-06-29,0.08999999999999986
2009-06-30,0.08999999999999986
2009-07-02,0.18999999999999995
2009-07-06,0.18999999999999995
2009-07-07,0.17999999999999994
2009-07-08,0.2499999999999999
2009-07-09,0.22999999999999998
2009-07-10,0.2499999999999999
2009-07-13,0.2599999999999999
2009-07-14,0.25
2009-07-15,0.19999999999999996
2009-07-16,0.19999999999999996
2009-07-17,0.18999999999999995
2009-07-20,0.21999999999999997
2009-07-21,0.22999999999999998
2009-07-22,0.21999999999999997
2009-07-23,0.22999999999999998
2009-07-24,0.28
2009-07-27,0.27
2009-07-28,0.19999999999999996
2009-07-29,0.28
2009-07-30,0.28
2009-07-31,0.28
2009-08-04,0.24
2009-08-05,0.24
2009-08-06,0.22999999999999998
2009-08-07,0.1499999999999999
2009-08-10,0.16999999999999993
2009-08-11,0.14000000000000012
2009-08-12,0.14000000000000012
2009-08-13,0.20999999999999996
2009-08-14,0.24
2009-08-17,0.24
2009-08-18,0.22999999999999998
2009-08-19,0.26
2009-08-20,0.22999999999999998
2009-08-21,0.2200000000000002
2009-08-24,0.26
2009-08-25,0.24
2009-08-26,0.22999999999999998
2009-08-27,0.24
2009-08-28,0.27
2009-08-31,0.31000000000000005
2009-09-01,0.31999999999999995
2009-09-02,0.35
2009-09-03,0.33999999999999997
2009-09-04,0.3400000000000001
2009-09-08,0.33999999999999997
2009-09-09,0.30999999999999994
2009-09-10,0.30999999999999994
2009-09-11,0.29999999999999993
2009-09-14,0.29000000000000004
2009-09-15,0.28
2009-09-16,0.27
2009-09-17,0.28
2009-09-18,0.25
2009-09-21,0.26
2009-09-22,0.26
2009-09-23,0.31000000000000005
2009-09-24,0.32999999999999996
2009-09-25,0.29000000000000004
2009-09-28,0.29000000000000004
2009-09-29,0.28
2009-09-30,0.31000000000000005
2009-10-01,0.32999999999999996
2009-10-02,0.30999999999999994
2009-10-05,0.29999999999999993
2009-10-06,0.33999999999999997
2009-10-07,0.37
2009-10-08,0.6
2009-10-09,0.72
2009-10-13,0.7499999999999999
2009-10-14,0.74
2009-10-15,0.71
2009-10-16,0.6300000000000001
2009-10-19,0.6300000000000001
2009-10-20,0.55
2009-10-21,0.51
2009-10-22,0.52
2009-10-23,0.48
2009-10-26,0.48
2009-10-27,0.48
2009-10-28,0.48
2009-10-29,0.49
2009-10-30,0.47999999999999987
2009-11-02,0.4899999999999999
2009-11-03,0.47999999999999987
2009-11-04,0.4899999999999999
2009-11-05,0.5199999999999999
2009-11-06,0.5399999999999999
2009-11-09,0.5399999999999999
2009-11-10,0.5499999999999999
2009-11-12,0.57
2009-11-13,0.5599999999999999
2009-11-16,0.56
2009-11-17,0.53
2009-11-18,0.54
2009-11-19,0.53
2009-11-20,0.5
2009-11-23,0.48
2009-11-24,0.44999999999999996
2009-11-25,0.41999999999999993
2009-11-27,0.44000000000000006
2009-11-30,0.43000000000000005
2009-12-01,0.42000000000000004
2009-12-02,0.4099999999999999
2009-12-03,0.3800000000000001
2009-12-04,0.43000000000000005
2009-12-07,0.43999999999999995
2009-12-08,0.47
2009-12-09,0.43999999999999995
2009-12-10,0.43999999999999995
2009-12-11,0.41000000000000003
2009-12-14,0.39
2009-12-15,0.4
2009-12-16,0.4700000000000001
2009-12-17,0.51
2009-12-18,0.4800000000000001
2009-12-21,0.4700000000000001
2009-12-22,0.43999999999999995
2009-12-23,0.41000000000000014
2009-12-24,0.3899999999999999
2009-12-29,0.34999999999999987
2009-12-30,0.34999999999999987
2009-12-31,0.33000000000000007
2010-01-04,0.3599999999999999
2010-01-05,0.3699999999999999
2010-01-06,0.3699999999999999
2010-01-07,0.34999999999999987
2010-01-08,0.3500000000000001
2010-01-11,0.3400000000000001
2010-01-12,0.35
2010-01-13,0.3700000000000001
2010-01-14,0.3800000000000001
2010-01-15,0.39
2010-01-19,0.32999999999999996
2010-01-20,0.2799999999999999
2010-01-21,0.30999999999999994
2010-01-22,0.32999999999999996
2010-01-25,0.31999999999999995
2010-01-26,0.29999999999999993
2010-01-27,0.31999999999999995
2010-01-28,0.30999999999999994
2010-01-29,0.5000000000000001
2010-02-01,0.4700000000000001
2010-02-02,0.43000000000000005
2010-02-03,0.45000000000000007
2010-02-04,0.48
2010-02-05,0.48
2010-02-08,0.45999999999999996
2010-02-09,0.44000000000000006
2010-02-10,0.43000000000000005
2010-02-11,0.4600000000000001
2010-02-12,0.5000000000000001
2010-02-16,0.5000000000000001
2010-02-17,0.4700000000000001
2010-02-18,0.4700000000000001
2010-02-19,0.43999999999999995
2010-02-22,0.46999999999999986
2010-02-23,0.4600000000000001
2010-02-24,0.4700000000000001
2010-02-25,0.4600000000000001
2010-02-26,0.47
2010-03-01,0.55
2010-03-02,0.5700000000000001
2010-03-03,0.64
2010-03-04,0.61
2010-03-05,0.6
2010-03-08,0.64
2010-03-09,0.63
2010-03-10,0.61
2010-03-11,0.55
2010-03-12,0.6100000000000001
2010-03-15,0.6000000000000001
2010-03-16,0.61
2010-03-17,0.6400000000000001
2010-03-18,0.5700000000000001
2010-03-19,0.6199999999999999
2010-03-22,0.6000000000000001
2010-03-23,0.6099999999999999
2010-03-24,0.6099999999999999
2010-03-25,0.5899999999999999
2010-03-26,0.6499999999999999
2010-03-29,0.6699999999999999
2010-03-30,0.6699999999999999
2010-03-31,0.71
2010-04-01,0.6699999999999999
2010-04-05,0.6500000000000001
2010-04-06,0.7100000000000002
2010-04-07,0.72
2010-04-08,0.76
2010-04-09,0.76
2010-04-12,0.79
2010-04-13,0.8299999999999998
2010-04-14,0.8599999999999999
2010-04-15,0.8999999999999999
2010-04-16,0.8800000000000001
2010-04-19,0.8200000000000001
2010-04-20,0.9599999999999997
2010-04-21,1.0199999999999998
2010-04-22,0.95
2010-04-23,0.8799999999999999
2010-04-26,0.8899999999999999
2010-04-27,0.8799999999999999
2010-04-28,0.94
2010-04-29,0.95
2010-04-30,0.9299999999999999
2010-05-03,0.8799999999999999
2010-05-04,0.79
2010-05-05,0.84
2010-05-06,1.01
2010-05-07,0.9800000000000001
2010-05-10,1.06
2010-05-11,1.1099999999999999
2010-05-12,1.1199999999999997
2010-05-13,1.0699999999999998
2010-05-14,1.03
2010-05-17,1.06
2010-05-18,1.02
2010-05-19,0.95
2010-05-20,0.8699999999999999
2010-05-21,0.9299999999999999
2010-05-25,0.78
2010-05-26,0.8000000000000002
2010-05-27,0.91
2010-05-28,0.96
2010-06-01,0.95
2010-06-02,0.9400000000000001
2010-06-03,0.9400000000000001
2010-06-04,0.9000000000000001
2010-06-07,0.8899999999999999
2010-06-08,0.9299999999999999
2010-06-09,0.98
2010-06-10,1.03
2010-06-11,1.03
2010-06-14,1.04
2010-06-15,1.04
2010-06-16,1.02
2010-06-17,1.0
2010-06-18,1.0
2010-06-21,1.0
2010-06-22,0.98
2010-06-23,0.9500000000000001
2010-06-24,0.9
2010-06-25,0.9
2010-06-28,0.88
2010-06-29,0.7699999999999999
2010-06-30,0.7799999999999999
2010-07-02,0.7999999999999999
2010-07-06,0.7999999999999999
2010-07-07,0.86
2010-07-08,0.87
2010-07-09,1.08
2010-07-12,1.0299999999999998
2010-07-13,1.0499999999999998
2010-07-14,1.0899999999999999
2010-07-15,1.0499999999999998
2010-07-16,0.9500000000000001
2010-07-19,0.91
2010-07-20,0.9700000000000001
2010-07-21,0.9400000000000001
2010-07-22,0.9500000000000001
2010-07-23,0.9900000000000001
2010-07-26,0.9800000000000001
2010-07-27,0.9899999999999999
2010-07-28,0.9900000000000001
2010-07-29,0.9400000000000001
2010-07-30,0.9099999999999999
2010-08-03,0.9099999999999999
2010-08-04,0.98
2010-08-05,0.99
2010-08-06,0.94
2010-08-09,0.9099999999999999
2010-08-10,0.9199999999999999
2010-08-11,0.8
2010-08-12,0.81
2010-08-13,0.8300000000000001
2010-08-16,0.8400000000000001
2010-08-17,0.8699999999999999
2010-08-18,0.8799999999999999
2010-08-19,0.8800000000000001
2010-08-20,0.81
2010-08-23,0.76
2010-08-24,0.7
2010-08-25,0.7
2010-08-26,0.73
2010-08-27,0.74
2010-08-30,0.75
2010-08-31,0.74
2010-09-01,0.76
2010-09-02,0.78
2010-09-03,0.8500000000000001
2010-09-07,0.78
2010-09-08,0.8899999999999999
2010-09-09,0.9
2010-09-10,0.88
2010-09-13,0.9199999999999999
2010-09-14,0.96
2010-09-15,0.99
2010-09-16,1.03
2010-09-17,0.99
2010-09-20,1.03
2010-09-21,1.02
2010-09-22,0.97
2010-09-23,0.96
2010-09-24,1.02
2010-09-27,0.98
2010-09-28,1.02
2010-09-29,0.95
2010-09-30,0.9400000000000002
2010-10-01,0.9500000000000002
2010-10-04,0.9500000000000002
2010-10-05,0.9500000000000002
2010-10-06,0.9700000000000001
2010-10-07,0.9700000000000001
2010-10-08,0.9600000000000001
2010-10-12,0.9700000000000001
2010-10-13,1.02
2010-10-14,1.02
2010-10-15,1.0299999999999998
2010-10-18,1.0299999999999998
2010-10-19,0.9700000000000001
2010-10-20,1.02
2010-10-21,1.02
2010-10-22,1.04
2010-10-25,1.02
2010-10-26,1.02
2010-10-27,1.0499999999999998
2010-10-28,1.06
2010-10-29,1.0699999999999998
2010-11-01,1.0699999999999998
2010-11-02,1.0799999999999998
2010-11-03,1.0799999999999998
2010-11-04,1.0799999999999998
2010-11-05,1.0899999999999999
2010-11-08,1.11
2010-11-09,1.1400000000000001
2010-11-10,1.1300000000000001
2010-11-12,1.07
2010-11-15,1.09
2010-11-16,1.06
2010-11-17,1.08
2010-11-18,1.1099999999999999
2010-11-19,1.1199999999999999
2010-11-22,1.11
2010-11-23,1.21
2010-11-24,1.21
2010-11-26,1.16
2010-11-29,1.14
2010-11-30,1.1700000000000002
2010-12-01,1.14
2010-12-02,1.13
2010-12-03,1.14
2010-12-06,1.1400000000000001
2010-12-07,1.08
2010-12-08,1.0499999999999998
2010-12-09,1.0299999999999998
2010-12-10,1.08
2010-12-13,1.0499999999999998
2010-12-14,1.06
2010-12-15,1.04
2010-12-16,1.02
2010-12-17,1.02
2010-12-20,1.0099999999999998
2010-12-21,0.9900000000000001
2010-12-22,1.0099999999999998
2010-12-23,1.02
2010-12-29,1.0499999999999998
2010-12-30,1.0499999999999998
2010-12-31,1.06
2011-01-04,1.0699999999999998
2011-01-05,1.05
2011-01-06,1.06
2011-01-07,1.1099999999999999
2011-01-10,1.1099999999999999
2011-01-11,1.13
2011-01-12,1.1400000000000001
2011-01-13,1.1800000000000002
2011-01-14,1.2000000000000002
2011-01-18,1.1600000000000001
2011-01-19,1.08
2011-01-20,1.06
2011-01-21,1.0899999999999999
2011-01-24,1.0699999999999998
2011-01-25,1.0499999999999998
2011-01-26,1.0499999999999998
2011-01-27,1.13
2011-01-28,1.13
2011-01-31,1.0899999999999999
2011-02-01,1.1
2011-02-02,1.0699999999999998
2011-02-03,1.06
2011-02-04,1.07
2011-02-07,1.05
2011-02-08,1.02
2011-02-09,1.06
2011-02-10,1.02
2011-02-11,1.0499999999999998
2011-02-14,1.0499999999999998
2011-02-15,1.08
2011-02-16,1.08
2011-02-17,1.0999999999999999
2011-02-18,1.0999999999999999
2011-02-22,1.05
2011-02-23,1.05
2011-02-24,1.07
2011-02-25,1.06
2011-02-28,1.1500000000000001
2011-03-01,1.13
2011-03-02,1.1300000000000001
2011-03-03,1.0899999999999999
2011-03-04,1.1600000000000001
2011-03-07,1.1500000000000001
2011-03-08,1.15
2011-03-09,1.1400000000000001
2011-03-10,1.13
2011-03-11,1.1
2011-03-14,1.06
2011-03-15,0.9900000000000001
2011-03-16,0.9500000000000001
2011-03-17,1.0100000000000002
2011-03-18,0.9900000000000001
2011-03-21,1.0099999999999998
2011-03-22,0.9899999999999999
2011-03-23,0.99
2011-03-24,0.99
2011-03-25,0.95
2011-03-28,0.94
2011-03-29,0.98
2011-03-30,0.97
2011-03-31,1.02
2011-04-01,1.03
2011-04-04,1.04
2011-04-05,1.02
2011-04-06,1.0299999999999998
2011-04-07,1.0699999999999998
2011-04-08,1.0699999999999998
2011-04-11,1.08
2011-04-12,1.09
2011-04-13,1.07
2011-04-14,1.05
2011-04-15,1.04
2011-04-18,1.0
2011-04-19,1.0899999999999999
2011-04-20,1.11
2011-04-21,1.12
2011-04-25,1.1099999999999999
2011-04-26,1.0899999999999999
2011-04-27,1.13
2011-04-28,1.1099999999999999
2011-04-29,1.0899999999999999
2011-05-02,1.0899999999999999
2011-05-03,1.0899999999999999
2011-05-04,1.08
2011-05-05,1.08
2011-05-06,1.1
2011-05-09,1.0899999999999999
2011-05-10,1.13
2011-05-11,1.14
2011-05-12,1.13
2011-05-13,1.12
2011-05-16,1.1199999999999999
2011-05-17,1.0899999999999999
2011-05-18,1.1
2011-05-19,1.14
2011-05-20,1.06
2011-05-24,1.04
2011-05-25,1.05
2011-05-26,1.05
2011-05-27,1.03
2011-05-31,1.09
2011-06-01,1.01
2011-06-02,1.03
2011-06-03,1.02
2011-06-06,1.0
2011-06-07,1.06
2011-06-08,1.04
2011-06-09,1.01
2011-06-10,1.03
2011-06-13,1.06
2011-06-14,1.06
2011-06-15,1.0299999999999998
2011-06-16,0.9900000000000001
2011-06-17,1.1099999999999999
2011-06-20,1.13
2011-06-21,1.12
2011-06-22,1.12
2011-06-23,1.1
2011-06-24,1.04
2011-06-27,0.99
2011-06-28,0.97
2011-06-29,1.09
2011-06-30,1.1400000000000001
2011-07-05,1.1300000000000001
2011-07-06,1.11
2011-07-07,1.09
2011-07-08,1.1099999999999999
2011-07-11,1.0499999999999998
2011-07-12,1.08
2011-07-13,1.08
2011-07-14,1.08
2011-07-15,1.04
2011-07-18,1.02
2011-07-19,1.0899999999999999
2011-07-20,1.12
2011-07-21,1.15
2011-07-22,1.1
2011-07-25,1.08
2011-07-26,1.07
2011-07-27,1.03
2011-07-28,1.06
2011-07-29,1.0299999999999998
2011-08-02,0.9199999999999999
2011-08-03,0.9199999999999999
2011-08-04,0.75
2011-08-05,0.8
2011-08-08,0.53
2011-08-09,0.6299999999999999
2011-08-10,0.6699999999999999
2011-08-11,0.73
2011-08-12,0.73
2011-08-15,0.8200000000000001
2011-08-16,0.79
2011-08-17,0.77
2011-08-18,0.6599999999999999
2011-08-19,0.6699999999999999
2011-08-22,0.65
2011-08-23,0.73
2011-08-24,0.77
2011-08-25,0.77
2011-08-26,0.8
2011-08-29,0.8600000000000001
2011-08-30,0.8300000000000001
2011-08-31,0.8800000000000001
2011-09-01,0.81
2011-09-02,0.75
2011-09-06,0.65
2011-09-07,0.7000000000000001
2011-09-08,0.7
2011-09-09,0.61
2011-09-12,0.66
2011-09-13,0.73
2011-09-14,0.74
2011-09-15,0.8
2011-09-16,0.8500000000000001
2011-09-19,0.77
2011-09-20,0.76
2011-09-21,0.7000000000000001
2011-09-22,0.6299999999999999
2011-09-23,0.63
2011-09-26,0.68
2011-09-27,0.7
2011-09-28,0.65
2011-09-29,0.65
2011-09-30,0.63
2011-10-03,0.6
2011-10-04,0.63
2011-10-05,0.65
2011-10-06,0.6499999999999999
2011-10-07,0.6699999999999999
2011-10-11,0.6699999999999999
2011-10-12,0.73
2011-10-13,0.69
2011-10-14,0.78
2011-10-17,0.71
2011-10-18,0.73
2011-10-19,0.76
2011-10-20,0.76
2011-10-21,0.78
2011-10-24,0.8
2011-10-25,0.73
2011-10-26,0.8
2011-10-27,0.8299999999999998
2011-10-28,0.81
2011-10-31,0.75
2011-11-01,0.6900000000000001
2011-11-02,0.73
2011-11-03,0.76
2011-11-04,0.7100000000000001
2011-11-07,0.69
2011-11-08,0.73
2011-11-09,0.66
2011-11-10,0.6900000000000001
2011-11-14,0.67
2011-11-15,0.64
2011-11-16,0.63
2011-11-17,0.63
2011-11-18,0.6200000000000001
2011-11-21,0.63
2011-11-22,0.64
2011-11-23,0.63
2011-11-25,0.6699999999999999
2011-11-28,0.71
2011-11-29,0.73
2011-11-30,0.76
2011-12-01,0.66
2011-12-02,0.65
2011-12-05,0.61
2011-12-06,0.67
2011-12-07,0.65
2011-12-08,0.63
2011-12-09,0.68
2011-12-12,0.64
2011-12-13,0.63
2011-12-14,0.61
2011-12-15,0.6
2011-12-16,0.61
2011-12-19,0.6
2011-12-20,0.62
2011-12-21,0.61
2011-12-22,0.62
2011-12-23,0.65
2011-12-28,0.65
2011-12-29,0.6699999999999999
2011-12-30,0.7
2012-01-03,0.71
2012-01-04,0.72
2012-01-05,0.69
2012-01-06,0.68
2012-01-09,0.6799999999999999
2012-01-10,0.73
2012-01-11,0.71
2012-01-12,0.75
2012-01-13,0.71
2012-01-17,0.75
2012-01-18,0.75
2012-01-19,0.76
2012-01-20,0.78
2012-01-23,0.79
2012-01-24,0.8
2012-01-25,0.8
2012-01-26,0.79
2012-01-27,0.78
2012-01-30,0.76
2012-01-31,0.74
2012-02-01,0.75
2012-02-02,0.76
2012-02-03,0.81
2012-02-06,0.78
2012-02-07,0.79
2012-02-08,0.8
2012-02-09,0.8200000000000001
2012-02-10,0.8
2012-02-13,0.79
2012-02-14,0.77
2012-02-15,0.76
2012-02-16,0.78
2012-02-17,0.8
2012-02-21,0.8
2012-02-22,0.81
2012-02-23,0.78
2012-02-24,0.76
2012-02-27,0.76
2012-02-28,0.77
2012-02-29,0.8
2012-03-01,0.8
2012-03-02,0.8200000000000001
2012-03-05,0.8
2012-03-06,0.78
2012-03-07,0.8200000000000001
2012-03-08,0.8499999999999999
2012-03-09,0.8399999999999999
2012-03-12,0.8399999999999999
2012-03-13,0.85
2012-03-14,0.84
2012-03-15,0.9
2012-03-16,0.91
2012-03-19,0.9
2012-03-20,0.8800000000000001
2012-03-21,0.89
2012-03-22,0.87
2012-03-23,0.86
2012-03-26,0.88
2012-03-27,0.8799999999999999
2012-03-28,0.8499999999999999
2012-03-29,0.8499999999999999
2012-03-30,0.8699999999999999
2012-04-02,0.8799999999999999
2012-04-03,0.9
2012-04-04,0.87
2012-04-05,0.9
2012-04-09,0.9099999999999999
2012-04-10,0.9099999999999999
2012-04-11,0.9099999999999999
2012-04-12,0.94
2012-04-13,0.9299999999999999
2012-04-16,0.96
2012-04-17,1.06
2012-04-18,1.05
2012-04-19,1.06
2012-04-20,1.06
2012-04-23,1.09
2012-04-24,1.14
2012-04-25,1.17
2012-04-26,1.11
2012-04-27,1.17
2012-04-30,1.07
2012-05-01,1.06
2012-05-02,1.04
2012-05-03,1.02
2012-05-04,0.98
2012-05-07,1.0
2012-05-08,0.95
2012-05-09,0.95
2012-05-10,0.97
2012-05-11,1.03
2012-05-14,0.98
2012-05-15,1.0
2012-05-16,0.97
2012-05-17,0.8999999999999999
2012-05-18,0.8999999999999999
2012-05-22,0.9099999999999999
2012-05-23,0.8799999999999999
2012-05-24,0.8499999999999999
2012-05-25,0.77
2012-05-29,0.8599999999999999
2012-05-30,0.8400000000000001
2012-05-31,0.79
2012-06-01,0.63
2012-06-04,0.72
2012-06-05,0.74
2012-06-06,0.79
2012-06-07,0.77
2012-06-08,0.76
2012-06-11,0.73
2012-06-12,0.72
2012-06-13,0.73
2012-06-14,0.74
2012-06-15,0.6699999999999999
2012-06-18,0.69
2012-06-19,0.74
2012-06-20,0.77
2012-06-21,0.73
2012-06-22,0.75
2012-06-25,0.6799999999999999
2012-06-26,0.7
2012-06-27,0.6799999999999999
2012-06-28,0.6499999999999999
2012-06-29,0.7
2012-07-03,0.74
2012-07-05,0.74
2012-07-06,0.71
2012-07-09,0.69
2012-07-10,0.7
2012-07-11,0.72
2012-07-12,0.72
2012-07-13,0.74
2012-07-16,0.72
2012-07-17,0.72
2012-07-18,0.74
2012-07-19,0.76
2012-07-20,0.73
2012-07-23,0.7100000000000001
2012-07-24,0.7100000000000001
2012-07-25,0.74
2012-07-26,0.78
2012-07-27,0.8600000000000001
2012-07-30,0.8600000000000001
2012-07-31,0.8500000000000001
2012-08-01,0.8600000000000001
2012-08-02,0.8200000000000001
2012-08-03,0.8800000000000001
2012-08-07,0.8999999999999999
2012-08-08,0.8699999999999999
2012-08-09,0.8699999999999999
2012-08-10,0.8599999999999999
2012-08-13,0.8699999999999999
2012-08-14,0.9099999999999999
2012-08-15,0.98
2012-08-16,0.95
2012-08-17,0.9099999999999999
2012-08-20,0.8999999999999999
2012-08-21,0.8699999999999999
2012-08-22,0.8600000000000001
2012-08-23,0.8699999999999999
2012-08-24,0.8699999999999999
2012-08-27,0.8799999999999999
2012-08-28,0.8999999999999999
2012-08-29,0.8799999999999999
2012-08-30,0.8599999999999999
2012-08-31,0.9299999999999999
2012-09-04,0.8900000000000001
2012-09-05,0.8600000000000001
2012-09-06,0.8899999999999999
2012-09-07,0.9299999999999999
2012-09-10,0.9199999999999999
2012-09-11,0.9199999999999999
2012-09-12,0.94
2012-09-13,0.9299999999999999
2012-09-14,0.9299999999999999
2012-09-17,0.94
2012-09-18,0.9299999999999999
2012-09-19,0.8999999999999999
2012-09-20,0.8799999999999999
2012-09-21,0.8699999999999999
2012-09-24,0.8500000000000001
2012-09-25,0.8500000000000001
2012-09-26,0.8300000000000001
2012-09-27,0.8500000000000001
2012-09-28,0.8400000000000001
2012-10-01,0.81
2012-10-02,0.8300000000000001
2012-10-03,0.8300000000000001
2012-10-04,0.8600000000000001
2012-10-05,0.8699999999999999
2012-10-09,0.8899999999999999
2012-10-10,0.8699999999999999
2012-10-11,0.8699999999999999
2012-10-12,0.8699999999999999
2012-10-15,0.81
2012-10-16,0.81
2012-10-17,0.8299999999999998
2012-10-18,0.8300000000000001
2012-10-19,0.79
2012-10-22,0.77
2012-10-23,0.8499999999999999
2012-10-24,0.8300000000000001
2012-10-25,0.8299999999999998
2012-10-26,0.8200000000000001
2012-10-29,0.78
2012-10-31,0.77
2012-11-01,0.77
2012-11-02,0.78
2012-11-05,0.79
2012-11-06,0.81
2012-11-07,0.8
2012-11-08,0.8
2012-11-09,0.81
2012-11-13,0.8
2012-11-14,0.8200000000000001
2012-11-15,0.8300000000000001
2012-11-16,0.8300000000000001
2012-11-19,0.8500000000000001
2012-11-20,0.8400000000000001
2012-11-21,0.8400000000000001
2012-11-23,0.8300000000000001
2012-11-26,0.8300000000000001
2012-11-27,0.8200000000000001
2012-11-28,0.8200000000000001
2012-11-29,0.8300000000000001
2012-11-30,0.8200000000000001
2012-12-03,0.81
2012-12-04,0.81
2012-12-05,0.79
2012-12-06,0.79
2012-12-07,0.81
2012-12-10,0.81
2012-12-11,0.8300000000000001
2012-12-12,0.8400000000000001
2012-12-13,0.8500000000000001
2012-12-14,0.8800000000000001
2012-12-17,0.8999999999999999
2012-12-18,0.8699999999999999
2012-12-19,0.8599999999999999
2012-12-20,0.8499999999999999
2012-12-21,0.8600000000000001
2012-12-24,0.8600000000000001
2012-12-27,0.8799999999999999
2012-12-28,0.8599999999999999
2012-12-31,0.8899999999999999
2013-01-02,0.8999999999999999
2013-01-03,0.9199999999999999
2013-01-04,0.94
2013-01-07,0.9299999999999999
2013-01-08,0.9199999999999999
2013-01-09,0.9299999999999999
2013-01-10,0.9299999999999999
2013-01-11,0.9299999999999999
2013-01-14,0.9299999999999999
2013-01-15,0.9199999999999999
2013-01-16,0.9099999999999999
2013-01-17,0.9199999999999999
2013-01-18,0.9199999999999999
2013-01-22,0.9099999999999999
2013-01-23,0.8600000000000001
2013-01-24,0.8900000000000001
2013-01-25,0.8599999999999999
2013-01-28,0.8599999999999999
2013-01-29,0.8699999999999999
2013-01-30,0.8899999999999999
2013-01-31,0.8899999999999999
2013-02-01,0.9199999999999999
2013-02-04,0.8999999999999999
2013-02-05,0.8999999999999999
2013-02-06,0.8899999999999999
2013-02-07,0.8999999999999999
2013-02-08,0.8500000000000001
2013-02-11,0.8400000000000001
2013-02-12,0.8300000000000001
2013-02-13,0.8599999999999999
2013-02-14,0.8599999999999999
2013-02-15,0.8399999999999999
2013-02-19,0.8399999999999999
2013-02-20,0.8500000000000001
2013-02-21,0.8500000000000001
2013-02-22,0.8
2013-02-25,0.76
2013-02-26,0.75
2013-02-27,0.73
2013-02-28,0.71
2013-03-01,0.69
2013-03-04,0.7
2013-03-05,0.7
2013-03-06,0.68
2013-03-07,0.71
2013-03-08,0.71
2013-03-11,0.71
2013-03-12,0.69
2013-03-13,0.7
2013-03-14,0.73
2013-03-15,0.74
2013-03-18,0.72
2013-03-19,0.73
2013-03-20,0.72
2013-03-21,0.71
2013-03-22,0.73
2013-03-25,0.76
2013-03-26,0.76
2013-03-27,0.75
2013-03-28,0.75
2013-04-01,0.76
2013-04-02,0.75
2013-04-03,0.75
2013-04-04,0.77
2013-04-05,0.74
2013-04-08,0.75
2013-04-09,0.76
2013-04-10,0.75
2013-04-11,0.74
2013-04-12,0.73
2013-04-15,0.7100000000000001
2013-04-16,0.7
2013-04-17,0.6900000000000001
2013-04-18,0.7
2013-04-19,0.7
2013-04-22,0.7
2013-04-23,0.71
2013-04-24,0.71
2013-04-25,0.72
2013-04-26,0.7100000000000001
2013-04-29,0.73
2013-04-30,0.7000000000000001
2013-05-01,0.71
2013-05-02,0.71
2013-05-03,0.74
2013-05-06,0.75
2013-05-07,0.76
2013-05-08,0.75
2013-05-09,0.75
2013-05-10,0.74
2013-05-13,0.77
2013-05-14,0.78
2013-05-15,0.77
2013-05-16,0.78
2013-05-17,0.75
2013-05-21,0.75
2013-05-22,0.77
2013-05-23,0.78
2013-05-24,0.77
2013-05-28,0.78
2013-05-29,0.77
2013-05-30,0.77
2013-05-31,0.78
2013-06-03,0.77
2013-06-04,0.75
2013-06-05,0.75
2013-06-06,0.75
2013-06-07,0.8099999999999998
2013-06-10,0.8399999999999999
2013-06-11,0.8099999999999998
2013-06-12,0.8099999999999998
2013-06-13,0.8
2013-06-14,0.81
2013-06-17,0.8400000000000001
2013-06-18,0.8400000000000001
2013-06-19,0.8599999999999999
2013-06-20,0.8499999999999999
2013-06-21,0.85
2013-06-24,0.8200000000000001
2013-06-25,0.8200000000000001
2013-06-26,0.84
2013-06-27,0.84
2013-06-28,0.86
2013-07-02,0.8599999999999999
2013-07-03,0.83
2013-07-05,0.83
2013-07-08,0.7899999999999999
2013-07-09,0.7799999999999999
2013-07-10,0.7799999999999999
2013-07-11,0.7899999999999998
2013-07-12,0.7699999999999999
2013-07-15,0.7899999999999998
2013-07-16,0.78
2013-07-17,0.77
2013-07-18,0.77
2013-07-19,0.76
2013-07-22,0.77
2013-07-23,0.78
2013-07-24,0.8099999999999998
2013-07-25,0.8299999999999998
2013-07-26,0.8399999999999999
2013-07-29,0.8299999999999998
2013-07-30,0.8499999999999999
2013-07-31,0.8399999999999999
2013-08-01,0.84
2013-08-02,0.8599999999999999
2013-08-06,0.8299999999999998
2013-08-07,0.8199999999999998
2013-08-08,0.8399999999999999
2013-08-09,0.8099999999999998
2013-08-12,0.8199999999999998
2013-08-13,0.8599999999999999
2013-08-14,0.8599999999999999
2013-08-15,0.85
2013-08-16,0.86
2013-08-19,0.86
2013-08-20,0.83
2013-08-21,0.84
2013-08-22,0.78
2013-08-23,0.7899999999999999
2013-08-26,0.77
2013-08-27,0.7799999999999999
2013-08-28,0.7999999999999999
2013-08-29,0.7999999999999999
2013-08-30,0.7999999999999999
2013-09-03,0.79
2013-09-04,0.77
2013-09-05,0.77
2013-09-06,0.8300000000000001
2013-09-09,0.8300000000000001
2013-09-10,0.81
2013-09-11,0.8200000000000001
2013-09-12,0.8300000000000001
2013-09-13,0.8300000000000001
2013-09-16,0.8500000000000001
2013-09-17,0.87
2013-09-18,0.8899999999999999
2013-09-19,0.8799999999999999
2013-09-20,0.8799999999999999
2013-09-23,0.86
2013-09-24,0.86
2013-09-25,0.85
2013-09-26,0.8799999999999999
2013-09-27,0.8599999999999999
2013-09-30,0.8599999999999999
2013-10-01,0.8599999999999999
2013-10-02,0.8699999999999999
2013-10-03,0.8499999999999999
2013-10-04,0.8599999999999999
2013-10-07,0.82
2013-10-08,0.7899999999999999
2013-10-09,0.83
2013-10-10,0.86
2013-10-11,0.86
2013-10-15,0.86
2013-10-16,0.8699999999999999
2013-10-17,0.8499999999999999
2013-10-18,0.8499999999999999
2013-10-21,0.8699999999999999
2013-10-22,0.8599999999999999
2013-10-23,0.8
2013-10-24,0.76
2013-10-25,0.76
2013-10-28,0.76
2013-10-29,0.78
2013-10-30,0.77
2013-10-31,0.79
2013-11-01,0.7999999999999998
2013-11-04,0.8
2013-11-05,0.8099999999999998
2013-11-06,0.8200000000000001
2013-11-07,0.81
2013-11-08,0.8099999999999998
2013-11-12,0.7999999999999998
2013-11-13,0.8
2013-11-14,0.81
2013-11-15,0.81
2013-11-18,0.79
2013-11-19,0.8300000000000001
2013-11-20,0.8400000000000001
2013-11-21,0.79
2013-11-22,0.77
2013-11-25,0.8
2013-11-26,0.81
2013-11-27,0.8200000000000001
2013-11-29,0.8200000000000001
2013-12-02,0.81
2013-12-03,0.79
2013-12-04,0.76
2013-12-05,0.78
2013-12-06,0.79
2013-12-09,0.78
2013-12-10,0.78
2013-12-11,0.78
2013-12-12,0.76
2013-12-13,0.76
2013-12-16,0.77
2013-12-17,0.77
2013-12-18,0.79
2013-12-19,0.7899999999999999
2013-12-20,0.7400000000000001
2013-12-23,0.7499999999999999
2013-12-24,0.7499999999999999
2013-12-27,0.7499999999999999
2013-12-30,0.7399999999999999
2013-12-31,0.7499999999999999
2014-01-02,0.7399999999999999
2014-01-03,0.73
2014-01-06,0.7299999999999999
2014-01-07,0.7100000000000001
2014-01-08,0.6800000000000002
2014-01-09,0.6600000000000001
2014-01-10,0.63
2014-01-13,0.65
2014-01-14,0.66
2014-01-15,0.6500000000000001
2014-01-16,0.6300000000000001
2014-01-17,0.62
2014-01-21,0.63
2014-01-22,0.5700000000000001
2014-01-23,0.58
2014-01-24,0.6
2014-01-27,0.62
2014-01-28,0.59
2014-01-29,0.6
2014-01-30,0.61
2014-01-31,0.6099999999999999
2014-02-03,0.6300000000000001
2014-02-04,0.6499999999999999
2014-02-05,0.6599999999999999
2014-02-06,0.6499999999999999
2014-02-07,0.6799999999999999
2014-02-10,0.6599999999999999
2014-02-11,0.66
2014-02-12,0.68
2014-02-13,0.7
2014-02-14,0.69
2014-02-18,0.69
2014-02-19,0.6699999999999999
2014-02-20,0.6599999999999999
2014-02-21,0.6799999999999999
2014-02-24,0.68
2014-02-25,0.6799999999999999
2014-02-26,0.6699999999999999
2014-02-27,0.6599999999999999
2014-02-28,0.6699999999999999
2014-03-03,0.6699999999999999
2014-03-04,0.7
2014-03-05,0.7
2014-03-06,0.68
2014-03-07,0.67
2014-03-10,0.67
2014-03-11,0.66
2014-03-12,0.65
2014-03-13,0.6699999999999999
2014-03-14,0.65
2014-03-17,0.65
2014-03-18,0.64
2014-03-19,0.5900000000000001
2014-03-20,0.6200000000000001
2014-03-21,0.6200000000000001
2014-03-24,0.6000000000000001
2014-03-25,0.6000000000000001
2014-03-26,0.6100000000000001
2014-03-27,0.6100000000000001
2014-03-28,0.6200000000000001
2014-03-31,0.6300000000000001
2014-04-01,0.6300000000000001
2014-04-02,0.6300000000000001
2014-04-03,0.6400000000000001
2014-04-04,0.6600000000000001
2014-04-07,0.6700000000000002
2014-04-08,0.68
2014-04-09,0.7000000000000001
2014-04-10,0.68
2014-04-11,0.67
2014-04-14,0.68
2014-04-15,0.65
2014-04-16,0.66
2014-04-17,0.6400000000000001
2014-04-21,0.6500000000000001
2014-04-22,0.6200000000000001
2014-04-23,0.6300000000000001
2014-04-24,0.6400000000000001
2014-04-25,0.6300000000000001
2014-04-28,0.6300000000000001
2014-04-29,0.6400000000000001
2014-04-30,0.6400000000000001
2014-05-01,0.6400000000000001
2014-05-02,0.6500000000000001
2014-05-05,0.6400000000000001
2014-05-06,0.6400000000000001
2014-05-07,0.6600000000000001
2014-05-08,0.67
2014-05-09,0.66
2014-05-12,0.6600000000000001
2014-05-13,0.67
2014-05-14,0.65
2014-05-15,0.65
2014-05-16,0.66
2014-05-20,0.6900000000000001
2014-05-21,0.68
2014-05-22,0.68
2014-05-23,0.68
2014-05-27,0.66
2014-05-28,0.67
2014-05-29,0.68
2014-05-30,0.68
2014-06-02,0.67
2014-06-03,0.6600000000000001
2014-06-04,0.6500000000000001
2014-06-05,0.66
2014-06-06,0.6500000000000001
2014-06-09,0.6400000000000001
2014-06-10,0.6300000000000001
2014-06-11,0.6300000000000001
2014-06-12,0.6500000000000001
2014-06-13,0.6400000000000001
2014-06-16,0.6100000000000001
2014-06-17,0.6000000000000001
2014-06-18,0.6200000000000001
2014-06-19,0.5900000000000001
2014-06-20,0.6399999999999999
2014-06-23,0.6599999999999999
2014-06-24,0.6300000000000001
2014-06-25,0.6300000000000001
2014-06-26,0.6500000000000001
2014-06-27,0.6700000000000002
2014-06-30,0.6300000000000001
2014-07-02,0.6399999999999999
2014-07-03,0.6099999999999999
2014-07-07,0.6099999999999999
2014-07-08,0.6000000000000001
2014-07-09,0.6100000000000001
2014-07-10,0.6600000000000001
2014-07-11,0.6200000000000001
2014-07-14,0.6100000000000001
2014-07-15,0.6100000000000001
2014-07-16,0.5900000000000001
2014-07-17,0.6000000000000001
2014-07-18,0.5700000000000001
2014-07-21,0.5700000000000001
2014-07-22,0.5900000000000001
2014-07-23,0.5800000000000001
2014-07-24,0.5700000000000001
2014-07-25,0.55
2014-07-28,0.55
2014-07-29,0.54
2014-07-30,0.54
2014-07-31,0.5700000000000001
2014-08-01,0.6000000000000001
2014-08-05,0.6000000000000001
2014-08-06,0.6000000000000001
2014-08-07,0.6300000000000001
2014-08-08,0.6000000000000001
2014-08-11,0.5900000000000001
2014-08-12,0.6300000000000001
2014-08-13,0.6400000000000001
2014-08-14,0.6400000000000001
2014-08-15,0.6300000000000001
2014-08-18,0.6300000000000001
2014-08-19,0.6100000000000001
2014-08-20,0.6000000000000001
2014-08-21,0.6000000000000001
2014-08-22,0.56
2014-08-25,0.56
2014-08-26,0.5800000000000001
2014-08-27,0.5900000000000001
2014-08-28,0.6000000000000001
2014-08-29,0.6200000000000001
2014-09-02,0.5900000000000001
2014-09-03,0.6000000000000001
2014-09-04,0.5800000000000001
2014-09-05,0.5900000000000001
2014-09-08,0.5800000000000001
2014-09-09,0.5799999999999998
2014-09-10,0.57
2014-09-11,0.5599999999999999
2014-09-12,0.58
2014-09-15,0.57
2014-09-16,0.5999999999999999
2014-09-17,0.57
2014-09-18,0.58
2014-09-19,0.58
2014-09-22,0.57
2014-09-23,0.5500000000000002
2014-09-24,0.5499999999999999
2014-09-25,0.56
2014-09-26,0.5399999999999999
2014-09-29,0.5400000000000001
2014-09-30,0.5499999999999999
2014-10-01,0.5700000000000001
2014-10-02,0.5700000000000001
2014-10-03,0.5599999999999999
2014-10-06,0.5700000000000001
2014-10-07,0.56
2014-10-08,0.5900000000000001
2014-10-09,0.6000000000000001
2014-10-10,0.6000000000000001
2014-10-14,0.59
2014-10-15,0.5700000000000001
2014-10-16,0.5700000000000001
2014-10-17,0.58
2014-10-20,0.59
2014-10-21,0.59
2014-10-22,0.5800000000000001
2014-10-23,0.5900000000000001
2014-10-24,0.5900000000000001
2014-10-27,0.5900000000000001
2014-10-28,0.5900000000000001
2014-10-29,0.56
2014-10-30,0.56
2014-10-31,0.52
2014-11-03,0.47
2014-11-04,0.45999999999999996
2014-11-05,0.48
2014-11-06,0.48
2014-11-07,0.51
2014-11-10,0.48
2014-11-12,0.45999999999999996
2014-11-13,0.48
2014-11-14,0.47
2014-11-17,0.45999999999999996
2014-11-18,0.47
2014-11-19,0.48
2014-11-20,0.48
2014-11-21,0.5
2014-11-24,0.49
2014-11-25,0.5
2014-11-26,0.47
2014-11-28,0.48
2014-12-01,0.45999999999999996
2014-12-02,0.45999999999999996
2014-12-03,0.4600000000000001
2014-12-04,0.45999999999999996
2014-12-05,0.39
2014-12-08,0.38
2014-12-09,0.38
2014-12-10,0.4
2014-12-11,0.4
2014-12-12,0.4099999999999999
2014-12-15,0.38
2014-12-16,0.37
2014-12-17,0.38
2014-12-18,0.35
2014-12-19,0.33999999999999997
2014-12-22,0.31000000000000005
2014-12-23,0.32000000000000006
2014-12-24,0.33000000000000007
2014-12-29,0.31000000000000005
2014-12-30,0.33000000000000007
2014-12-31,0.33999999999999997
2015-01-02,0.33999999999999997
2015-01-05,0.29999999999999993
2015-01-06,0.30999999999999994
2015-01-07,0.35
2015-01-08,0.36
2015-01-09,0.36
2015-01-12,0.36
2015-01-13,0.37
2015-01-14,0.37
2015-01-15,0.37000000000000005
2015-01-16,0.38
2015-01-20,0.31999999999999995
2015-01-21,0.030000000000000027
2015-01-22,0.020000000000000018
2015-01-23,0.020000000000000018
2015-01-26,-0.020000000000000018
2015-01-27,-0.050000000000000044
2015-01-28,-0.06
2015-01-29,-0.06
2015-01-30,-0.07999999999999996
2015-02-02,-0.09999999999999998
2015-02-03,-0.09000000000000002
2015-02-04,-0.12
2015-02-05,-0.09000000000000002
2015-02-06,-0.16000000000000003
2015-02-09,-0.17000000000000004
2015-02-10,-0.24000000000000005
2015-02-11,-0.24000000000000005
2015-02-12,-0.19
2015-02-13,-0.23000000000000004
2015-02-17,-0.23999999999999994
2015-02-18,-0.2
2015-02-19,-0.25000000000000006
2015-02-20,-0.26000000000000006
2015-02-23,-0.25
2015-02-24,-0.13999999999999996
2015-02-25,-0.14
2015-02-26,-0.16000000000000003
2015-02-27,-0.16000000000000003
2015-03-02,-0.17000000000000004
2015-03-03,-0.18000000000000005
2015-03-04,-0.050000000000000044
2015-03-05,-0.030000000000000027
2015-03-06,-0.10999999999999999
2015-03-09,-0.09999999999999998
2015-03-10,-0.10999999999999999
2015-03-11,-0.12
2015-03-12,-0.10000000000000009
2015-03-13,-0.13
2015-03-16,-0.12
2015-03-17,-0.15999999999999992
2015-03-18,-0.07999999999999996
2015-03-19,-0.15000000000000002
2015-03-20,-0.13999999999999996
2015-03-23,-0.14999999999999997
2015-03-24,-0.11999999999999994
2015-03-25,-0.09999999999999998
2015-03-26,-0.030000000000000027
2015-03-27,-0.05999999999999994
2015-03-30,-0.06999999999999995
2015-03-31,-0.050000000000000044
2015-04-01,-0.06000000000000005
2015-04-02,-0.06000000000000005
2015-04-06,-0.010000000000000009
2015-04-07,-0.020000000000000018
2015-04-08,-0.040000000000000036
2015-04-09,-0.050000000000000044
2015-04-10,-0.04999999999999993
2015-04-13,-0.020000000000000018
2015-04-14,-0.020000000000000018
2015-04-15,0.050000000000000044
2015-04-16,0.07999999999999996
2015-04-17,0.10999999999999999
2015-04-20,0.08999999999999997
2015-04-21,0.08999999999999997
2015-04-22,0.10000000000000009
2015-04-23,0.10999999999999999
2015-04-24,0.08999999999999997
2015-04-27,0.09999999999999998
2015-04-28,0.10999999999999999
2015-04-29,0.12
2015-04-30,0.10000000000000009
2015-05-01,0.10999999999999999
2015-05-04,0.10999999999999999
2015-05-05,0.06999999999999995
2015-05-06,0.039999999999999925
2015-05-07,0.050000000000000044
2015-05-08,0.07000000000000006
2015-05-11,0.07999999999999996
2015-05-12,0.07999999999999996
2015-05-13,0.09999999999999998
2015-05-14,0.10999999999999999
2015-05-15,0.08999999999999997
2015-05-19,0.05999999999999994
2015-05-20,0.08000000000000007
2015-05-21,0.07000000000000006
2015-05-22,0.040000000000000036
2015-05-26,0.010000000000000009
2015-05-27,-0.010000000000000009
2015-05-28,0.0
2015-05-29,-0.040000000000000036
2015-06-01,-0.07999999999999996
2015-06-02,-0.050000000000000044
2015-06-03,-0.07999999999999996
2015-06-04,-0.09000000000000008
2015-06-05,-0.08999999999999997
2015-06-08,-0.06999999999999995
2015-06-09,-0.05999999999999994
2015-06-10,-0.06999999999999995
2015-06-11,-0.06999999999999995
2015-06-12,-0.09999999999999998
2015-06-15,-0.09999999999999998
2015-06-16,-0.09999999999999998
2015-06-17,-0.06000000000000005
2015-06-18,-0.040000000000000036
2015-06-19,-0.06000000000000005
2015-06-22,-0.06000000000000005
2015-06-23,-0.06999999999999995
2015-06-24,-0.08000000000000007
2015-06-25,-0.06000000000000005
2015-06-26,-0.08999999999999997
2015-06-29,-0.07999999999999996
2015-06-30,-0.15000000000000002
2015-07-02,-0.16000000000000003
2015-07-06,-0.13999999999999996
2015-07-07,-0.10999999999999999
2015-07-08,-0.12000000000000005
2015-07-09,-0.13999999999999996
2015-07-10,-0.15000000000000002
2015-07-13,-0.21999999999999997
2015-07-14,-0.21000000000000002
2015-07-15,-0.25
2015-07-16,-0.26000000000000006
2015-07-17,-0.26000000000000006
2015-07-20,-0.29
2015-07-21,-0.27999999999999997
2015-07-22,-0.32
2015-07-23,-0.29
2015-07-24,-0.26999999999999996
2015-07-27,-0.2700000000000001
2015-07-28,-0.24999999999999994
2015-07-29,-0.23999999999999994
2015-07-30,-0.26999999999999996
2015-07-31,-0.26000000000000006
2015-08-04,-0.33999999999999997
2015-08-05,-0.3
2015-08-06,-0.26999999999999996
2015-08-07,-0.29
2015-08-10,-0.26999999999999996
2015-08-11,-0.26000000000000006
2015-08-12,-0.25000000000000006
2015-08-13,-0.31
2015-08-14,-0.32
2015-08-17,-0.31
2015-08-18,-0.33
2015-08-19,-0.30000000000000004
2015-08-20,-0.33999999999999997
2015-08-21,-0.31
2015-08-24,-0.26999999999999996
2015-08-25,-0.31000000000000005
2015-08-26,-0.28
2015-08-27,-0.28
2015-08-28,-0.3
2015-08-31,-0.3
2015-09-01,-0.27999999999999997
2015-09-02,-0.3
2015-09-03,-0.27999999999999997
2015-09-04,-0.26999999999999996
2015-09-08,-0.3
2015-09-09,-0.29
2015-09-10,-0.29
2015-09-11,-0.24999999999999994
2015-09-14,-0.27999999999999997
2015-09-15,-0.32999999999999996
2015-09-16,-0.29999999999999993
2015-09-17,-0.21999999999999997
2015-09-18,-0.22999999999999993
2015-09-21,-0.19999999999999996
2015-09-22,-0.18999999999999995
2015-09-23,-0.18999999999999995
2015-09-24,-0.16000000000000003
2015-09-25,-0.15999999999999992
2015-09-28,-0.17000000000000004
2015-09-29,-0.14
2015-09-30,-0.10999999999999999
2015-10-01,-0.12
2015-10-02,-0.07999999999999996
2015-10-05,-0.09999999999999998
2015-10-06,-0.09999999999999998
2015-10-07,-0.12
2015-10-08,-0.09999999999999998
2015-10-09,-0.08999999999999997
2015-10-13,-0.09999999999999998
2015-10-14,-0.04999999999999993
2015-10-15,-0.07999999999999996
2015-10-16,-0.07999999999999996
2015-10-19,-0.08999999999999997
2015-10-20,-0.10999999999999999
2015-10-21,-0.10999999999999999
2015-10-22,-0.08999999999999997
2015-10-23,-0.13
2015-10-26,-0.14
2015-10-27,-0.16000000000000003
2015-10-28,-0.18999999999999995
2015-10-29,-0.18000000000000005
2015-10-30,-0.18000000000000005
2015-11-02,-0.19000000000000006
2015-11-03,-0.21000000000000008
2015-11-04,-0.21999999999999997
2015-11-05,-0.21999999999999997
2015-11-06,-0.22999999999999998
2015-11-09,-0.21999999999999997
2015-11-10,-0.20999999999999996
2015-11-12,-0.24
2015-11-13,-0.25
2015-11-16,-0.27
2015-11-17,-0.24
2015-11-18,-0.26
2015-11-19,-0.29000000000000004
2015-11-20,-0.32000000000000006
2015-11-23,-0.31999999999999995
2015-11-24,-0.31000000000000005
2015-11-25,-0.30000000000000004
2015-11-27,-0.29000000000000004
2015-11-30,-0.30999999999999994
2015-12-01,-0.31000000000000005
2015-12-02,-0.31999999999999995
2015-12-03,-0.30999999999999994
2015-12-04,-0.33999999999999997
2015-12-07,-0.33999999999999997
2015-12-08,-0.37
2015-12-09,-0.39
2015-12-10,-0.4099999999999999
2015-12-11,-0.4
2015-12-14,-0.47
2015-12-15,-0.45999999999999996
2015-12-16,-0.47
2015-12-17,-0.48
2015-12-18,-0.47
2015-12-21,-0.47
2015-12-22,-0.47
2015-12-23,-0.51
2015-12-24,-0.54
2015-12-29,-0.5900000000000001
2015-12-30,-0.6000000000000001
2015-12-31,-0.5800000000000001
2016-01-04,-0.56
2016-01-05,-0.5900000000000001
2016-01-06,-0.5800000000000001
2016-01-07,-0.55
2016-01-08,-0.52
2016-01-11,-0.5499999999999999
2016-01-12,-0.5900000000000001
2016-01-13,-0.6100000000000001
2016-01-14,-0.5900000000000001
2016-01-15,-0.57
2016-01-19,-0.5900000000000001
2016-01-20,-0.47
2016-01-21,-0.39999999999999997
2016-01-22,-0.43
2016-01-25,-0.46
2016-01-26,-0.42
2016-01-27,-0.42
2016-01-28,-0.39999999999999997
2016-01-29,-0.34
2016-02-01,-0.39000000000000007
2016-02-02,-0.37
2016-02-03,-0.31999999999999995
2016-02-04,-0.30999999999999994
2016-02-05,-0.37
2016-02-08,-0.32
2016-02-09,-0.33999999999999997
2016-02-10,-0.36
2016-02-11,-0.28
2016-02-12,-0.26999999999999996
2016-02-16,-0.27999999999999997
2016-02-17,-0.26
2016-02-18,-0.27999999999999997
2016-02-19,-0.31
2016-02-22,-0.33
2016-02-23,-0.29000000000000004
2016-02-24,-0.26
2016-02-25,-0.22999999999999998
2016-02-26,-0.29000000000000004
2016-02-29,-0.27
2016-03-01,-0.31999999999999995
2016-03-02,-0.30999999999999994
2016-03-03,-0.33999999999999997
2016-03-04,-0.36
2016-03-07,-0.38
2016-03-08,-0.38
2016-03-09,-0.37
2016-03-10,-0.37
2016-03-11,-0.39
2016-03-14,-0.39
2016-03-15,-0.4
2016-03-16,-0.31999999999999995
2016-03-17,-0.33999999999999997
2016-03-18,-0.29999999999999993
2016-03-21,-0.30999999999999994
2016-03-22,-0.35
2016-03-23,-0.30999999999999994
2016-03-24,-0.32999999999999996
2016-03-28,-0.32999999999999996
2016-03-29,-0.27
2016-03-30,-0.22999999999999998
2016-03-31,-0.18999999999999995
2016-04-01,-0.21999999999999997
2016-04-04,-0.19999999999999996
2016-04-05,-0.19999999999999996
2016-04-06,-0.18999999999999995
2016-04-07,-0.16999999999999993
2016-04-08,-0.1399999999999999
2016-04-11,-0.1399999999999999
2016-04-12,-0.16000000000000003
2016-04-13,-0.18000000000000005
2016-04-14,-0.17000000000000004
2016-04-15,-0.15000000000000002
2016-04-18,-0.15000000000000002
2016-04-19,-0.16000000000000003
2016-04-20,-0.18000000000000005
2016-04-21,-0.18999999999999995
2016-04-22,-0.16999999999999993
2016-04-25,-0.15000000000000002
2016-04-26,-0.16000000000000003
2016-04-27,-0.1499999999999999
2016-04-28,-0.10999999999999999
2016-04-29,-0.08999999999999997
2016-05-02,-0.1100000000000001
2016-05-03,-0.10999999999999999
2016-05-04,-0.17000000000000004
2016-05-05,-0.15000000000000002
2016-05-06,-0.17999999999999994
2016-05-09,-0.18999999999999995
2016-05-10,-0.19999999999999996
2016-05-11,-0.20999999999999996
2016-05-12,-0.19999999999999996
2016-05-13,-0.20999999999999996
2016-05-16,-0.22999999999999998
2016-05-17,-0.24
2016-05-18,-0.27
2016-05-19,-0.27
2016-05-20,-0.27
2016-05-24,-0.29000000000000004
2016-05-25,-0.29000000000000004
2016-05-26,-0.25
2016-05-27,-0.25
2016-05-31,-0.26
2016-06-01,-0.32000000000000006
2016-06-02,-0.32000000000000006
2016-06-03,-0.28
2016-06-06,-0.26
2016-06-07,-0.26
2016-06-08,-0.26
2016-06-09,-0.26
2016-06-10,-0.24
2016-06-13,-0.24
2016-06-14,-0.24
2016-06-15,-0.20999999999999996
2016-06-16,-0.18999999999999995
2016-06-17,-0.17999999999999994
2016-06-20,-0.17000000000000004
2016-06-21,-0.16000000000000003
2016-06-22,-0.15000000000000002
2016-06-23,-0.16000000000000003
2016-06-24,-0.09999999999999998
2016-06-27,-0.12
2016-06-28,-0.12
2016-06-29,-0.07999999999999996
2016-06-30,-0.05999999999999994
2016-07-05,-0.07000000000000006
2016-07-06,-0.09999999999999998
2016-07-07,-0.10999999999999999
2016-07-08,-0.14
2016-07-11,-0.19000000000000006
2016-07-12,-0.18999999999999995
2016-07-13,-0.18000000000000005
2016-07-14,-0.14
2016-07-15,-0.13
2016-07-18,-0.10000000000000009
2016-07-19,-0.13
2016-07-20,-0.13
2016-07-21,-0.13
2016-07-22,-0.1499999999999999
2016-07-25,-0.14
2016-07-26,-0.16000000000000003
2016-07-27,-0.15000000000000002
2016-07-28,-0.14
2016-07-29,-0.13
2016-08-02,-0.12
2016-08-03,-0.10999999999999999
2016-08-04,-0.09999999999999998
2016-08-05,-0.19999999999999996
2016-08-08,-0.22999999999999998
2016-08-09,-0.20999999999999996
2016-08-10,-0.18999999999999995
2016-08-11,-0.21999999999999997
2016-08-12,-0.18999999999999995
2016-08-15,-0.17999999999999994
2016-08-16,-0.19999999999999996
2016-08-17,-0.17000000000000004
2016-08-18,-0.14
2016-08-19,-0.19000000000000006
2016-08-22,-0.20999999999999996
2016-08-23,-0.18999999999999995
2016-08-24,-0.19000000000000006
2016-08-25,-0.20000000000000007
2016-08-26,-0.24
2016-08-29,-0.22000000000000008
2016-08-30,-0.21000000000000008
2016-08-31,-0.22000000000000008
2016-09-01,-0.21999999999999997
2016-09-02,-0.21000000000000008
2016-09-06,-0.17000000000000004
2016-09-07,-0.19999999999999996
2016-09-08,-0.21000000000000008
2016-09-09,-0.21000000000000008
2016-09-12,-0.21000000000000008
2016-09-13,-0.20000000000000007
2016-09-14,-0.19000000000000006
2016-09-15,-0.17000000000000004
2016-09-16,-0.19000000000000006
2016-09-19,-0.21000000000000008
2016-09-20,-0.22000000000000008
2016-09-21,-0.22000000000000008
2016-09-22,-0.22000000000000008
2016-09-23,-0.25
2016-09-26,-0.26
2016-09-27,-0.26
2016-09-28,-0.24
2016-09-29,-0.24
2016-09-30,-0.25
2016-10-03,-0.27
2016-10-04,-0.2699999999999999
2016-10-05,-0.27
2016-10-06,-0.28
2016-10-07,-0.24
2016-10-11,-0.27
2016-10-12,-0.27
2016-10-13,-0.25
2016-10-14,-0.21999999999999997
2016-10-17,-0.21000000000000008
2016-10-18,-0.22999999999999998
2016-10-19,-0.25
2016-10-20,-0.2899999999999999
2016-10-21,-0.31999999999999995
2016-10-24,-0.30999999999999994
2016-10-25,-0.31999999999999995
2016-10-26,-0.29999999999999993
2016-10-27,-0.29000000000000004
2016-10-28,-0.29000000000000004
2016-10-31,-0.30999999999999994
2016-11-01,-0.2799999999999999
2016-11-02,-0.27
2016-11-03,-0.27
2016-11-04,-0.28
2016-11-07,-0.2699999999999999
2016-11-08,-0.29000000000000004
2016-11-09,-0.31000000000000005
2016-11-10,-0.30000000000000004
2016-11-14,-0.33999999999999997
2016-11-15,-0.36
2016-11-16,-0.33999999999999997
2016-11-17,-0.37
2016-11-18,-0.4
2016-11-21,-0.41000000000000003
2016-11-22,-0.42000000000000004
2016-11-23,-0.45000000000000007
2016-11-25,-0.45000000000000007
2016-11-28,-0.45000000000000007
2016-11-29,-0.42000000000000004
2016-11-30,-0.41000000000000014
2016-12-01,-0.3899999999999999
2016-12-02,-0.3800000000000001
2016-12-05,-0.3899999999999999
2016-12-06,-0.40000000000000013
2016-12-07,-0.40000000000000013
2016-12-08,-0.40000000000000013
2016-12-09,-0.4099999999999999
2016-12-12,-0.3899999999999999
2016-12-13,-0.3999999999999999
2016-12-14,-0.47
2016-12-15,-0.4700000000000001
2016-12-16,-0.4600000000000001
2016-12-19,-0.43999999999999995
2016-12-20,-0.43000000000000005
2016-12-21,-0.38
2016-12-22,-0.39
2016-12-23,-0.42999999999999994
2016-12-28,-0.48
2016-12-29,-0.45999999999999996
2016-12-30,-0.45999999999999996
2017-01-03,-0.44999999999999996
2017-01-04,-0.49
2017-01-05,-0.44999999999999996
2017-01-06,-0.45999999999999996
2017-01-09,-0.45999999999999996
2017-01-10,-0.43999999999999995
2017-01-11,-0.44999999999999996
2017-01-12,-0.4099999999999999
2017-01-13,-0.41999999999999993
2017-01-17,-0.3899999999999999
2017-01-18,-0.47
2017-01-19,-0.45999999999999996
2017-01-20,-0.42999999999999994
2017-01-23,-0.4099999999999999
2017-01-24,-0.42999999999999994
2017-01-25,-0.41000000000000003
2017-01-26,-0.3999999999999999
2017-01-27,-0.41999999999999993
2017-01-30,-0.42999999999999994
2017-01-31,-0.41999999999999993
2017-02-01,-0.44999999999999996
2017-02-02,-0.43999999999999995
2017-02-03,-0.43999999999999995
2017-02-06,-0.41999999999999993
2017-02-07,-0.41999999999999993
2017-02-08,-0.42999999999999994
2017-02-09,-0.44999999999999996
2017-02-10,-0.42999999999999994
2017-02-13,-0.41999999999999993
2017-02-14,-0.44999999999999996
2017-02-15,-0.45999999999999996
2017-02-16,-0.42999999999999994
2017-02-17,-0.43999999999999995
2017-02-21,-0.43999999999999995
2017-02-22,-0.43999999999999995
2017-02-23,-0.41999999999999993
2017-02-24,-0.3700000000000001
2017-02-27,-0.43999999999999995
2017-02-28,-0.48
2017-03-01,-0.53
2017-03-02,-0.54
2017-03-03,-0.56
2017-03-06,-0.55
2017-03-07,-0.53
2017-03-08,-0.5400000000000001
2017-03-09,-0.5500000000000002
2017-03-10,-0.5200000000000001
2017-03-13,-0.5299999999999999
2017-03-14,-0.5499999999999999
2017-03-15,-0.53
2017-03-16,-0.5300000000000001
2017-03-17,-0.53
2017-03-20,-0.51
2017-03-21,-0.48
2017-03-22,-0.5
2017-03-23,-0.5
2017-03-24,-0.52
2017-03-27,-0.54
2017-03-28,-0.56
2017-03-29,-0.54
2017-03-30,-0.54
2017-03-31,-0.52
2017-04-03,-0.51
2017-04-04,-0.51
2017-04-05,-0.52
2017-04-06,-0.52
2017-04-07,-0.53
2017-04-10,-0.53
2017-04-11,-0.51
2017-04-12,-0.51
2017-04-13,-0.48
2017-04-17,-0.48
2017-04-18,-0.49
2017-04-19,-0.49
2017-04-20,-0.47
2017-04-21,-0.49
2017-04-24,-0.51
2017-04-25,-0.53
2017-04-26,-0.54
2017-04-27,-0.52
2017-04-28,-0.56
2017-05-01,-0.56
2017-05-02,-0.6
2017-05-03,-0.6000000000000001
2017-05-04,-0.64
2017-05-05,-0.64
2017-05-08,-0.6300000000000001
2017-05-09,-0.6500000000000001
2017-05-10,-0.6400000000000001
2017-05-11,-0.6500000000000001
2017-05-12,-0.61
2017-05-15,-0.6200000000000001
2017-05-16,-0.5900000000000001
2017-05-17,-0.6
2017-05-18,-0.6
2017-05-19,-0.6
2017-05-23,-0.6200000000000001
2017-05-24,-0.5700000000000001
2017-05-25,-0.5800000000000001
2017-05-26,-0.5900000000000001
2017-05-30,-0.5800000000000001
2017-05-31,-0.5900000000000001
2017-06-01,-0.5800000000000001
2017-06-02,-0.5900000000000001
2017-06-05,-0.6100000000000001
2017-06-06,-0.5900000000000001
2017-06-07,-0.6100000000000001
2017-06-08,-0.6200000000000001
2017-06-09,-0.6100000000000001
2017-06-12,-0.5200000000000001
2017-06-13,-0.46999999999999986
2017-06-14,-0.4700000000000001
2017-06-15,-0.44000000000000006
2017-06-16,-0.43000000000000005
2017-06-19,-0.42000000000000015
2017-06-20,-0.45000000000000007
2017-06-21,-0.45000000000000007
2017-06-22,-0.41000000000000003
2017-06-23,-0.44000000000000006
2017-06-26,-0.4600000000000001
2017-06-27,-0.41999999999999993
2017-06-28,-0.30000000000000004
2017-06-29,-0.2999999999999998
2017-06-30,-0.2899999999999998
2017-07-05,-0.28
2017-07-06,-0.27
2017-07-07,-0.24
2017-07-10,-0.25
2017-07-11,-0.25
2017-07-12,-0.16000000000000014
2017-07-13,-0.15000000000000013
2017-07-14,-0.16000000000000014
2017-07-17,-0.17000000000000015
2017-07-18,-0.17000000000000015
2017-07-19,-0.15000000000000013
2017-07-20,-0.13000000000000012
2017-07-21,-0.1100000000000001
2017-07-24,-0.10000000000000009
2017-07-25,-0.07999999999999985
2017-07-26,-0.08000000000000007
2017-07-27,-0.06000000000000005
2017-07-28,-0.010000000000000009
2017-07-31,-0.030000000000000027
2017-08-01,-0.08000000000000007
2017-08-02,-0.1100000000000001
2017-08-03,-0.10000000000000009
2017-08-04,-0.1200000000000001
2017-08-08,-0.1100000000000001
2017-08-09,-0.09000000000000008
2017-08-10,-0.1100000000000001
2017-08-11,-0.09000000000000008
2017-08-14,-0.1100000000000001
2017-08-15,-0.1100000000000001
2017-08-16,-0.10000000000000009
2017-08-17,-0.09000000000000008
2017-08-18,-0.09000000000000008
2017-08-21,-0.08000000000000007
2017-08-22,-0.06000000000000005
2017-08-23,-0.06000000000000005
2017-08-24,-0.06000000000000005
2017-08-25,-0.09000000000000008
2017-08-28,-0.07000000000000006
2017-08-29,-0.09000000000000008
2017-08-30,-0.09000000000000008
2017-08-31,-0.06000000000000005
2017-09-01,-0.010000000000000009
2017-09-05,0.040000000000000036
2017-09-06,0.1399999999999999
2017-09-07,0.19999999999999996
2017-09-08,0.25
2017-09-11,0.21999999999999997
2017-09-12,0.20999999999999996
2017-09-13,0.20999999999999996
2017-09-14,0.20999999999999996
2017-09-15,0.2100000000000002
2017-09-18,0.17000000000000015
2017-09-19,0.15000000000000013
2017-09-20,0.13000000000000012
2017-09-21,0.14000000000000012
2017-09-22,0.14000000000000012
2017-09-25,0.15000000000000013
2017-09-26,0.15000000000000013
2017-09-27,0.1100000000000001
2017-09-28,0.09000000000000008
2017-09-29,0.050000000000000044
2017-10-02,0.040000000000000036
2017-10-03,0.050000000000000044
2017-10-04,0.06000000000000005
2017-10-05,0.030000000000000027
2017-10-06,0.010000000000000009
2017-10-10,0.040000000000000036
2017-10-11,0.040000000000000036
2017-10-12,0.050000000000000044
2017-10-13,0.030000000000000027
2017-10-16,-0.020000000000000018
2017-10-17,-0.030000000000000027
2017-10-18,-0.08000000000000007
2017-10-19,-0.09000000000000008
2017-10-20,-0.13000000000000012
2017-10-23,-0.1100000000000001
2017-10-24,-0.1100000000000001
2017-10-25,-0.15000000000000013
2017-10-26,-0.17999999999999994
2017-10-27,-0.17000000000000015
2017-10-30,-0.18000000000000016
2017-10-31,-0.2100000000000002
2017-11-01,-0.20000000000000018
2017-11-02,-0.20000000000000018
2017-11-03,-0.18999999999999995
2017-11-06,-0.19000000000000017
2017-11-07,-0.22999999999999998
2017-11-08,-0.22999999999999998
2017-11-09,-0.17999999999999994
2017-11-10,-0.20999999999999996
2017-11-14,-0.21999999999999997
2017-11-15,-0.24
2017-11-16,-0.24
2017-11-17,-0.28
2017-11-20,-0.30000000000000004
2017-11-21,-0.31000000000000005
2017-11-22,-0.29000000000000004
2017-11-24,-0.31000000000000005
2017-11-27,-0.31000000000000005
2017-11-28,-0.33000000000000007
2017-11-29,-0.3500000000000001
2017-11-30,-0.3500000000000001
2017-12-01,-0.26
2017-12-04,-0.25
2017-12-05,-0.29000000000000004
2017-12-06,-0.29000000000000004
2017-12-07,-0.31000000000000005
2017-12-08,-0.30000000000000004
2017-12-11,-0.31000000000000005
2017-12-12,-0.31000000000000005
2017-12-13,-0.29000000000000004
2017-12-14,-0.25
2017-12-15,-0.29000000000000004
2017-12-18,-0.27
2017-12-19,-0.27
2017-12-20,-0.2400000000000002
2017-12-21,-0.20999999999999996
2017-12-22,-0.25
2017-12-27,-0.22999999999999998
2017-12-28,-0.21999999999999997
2017-12-29,-0.20999999999999996
2018-01-02,-0.21999999999999997
2018-01-03,-0.26
2018-01-04,-0.26
2018-01-05,-0.18999999999999995
2018-01-08,-0.17999999999999994
2018-01-09,-0.18999999999999995
2018-01-10,-0.25
2018-01-11,-0.21999999999999997
2018-01-12,-0.22999999999999998
2018-01-16,-0.24999999999999978
2018-01-17,-0.2699999999999998
2018-01-18,-0.23999999999999977
2018-01-19,-0.26
2018-01-22,-0.28
2018-01-23,-0.26
2018-01-24,-0.27
2018-01-25,-0.28
2018-01-26,-0.31999999999999984
2018-01-29,-0.2899999999999998
2018-01-30,-0.2999999999999998
2018-01-31,-0.30000000000000004
2018-02-01,-0.30000000000000004
2018-02-02,-0.2999999999999998
2018-02-05,-0.27
2018-02-06,-0.27
2018-02-07,-0.2999999999999998
2018-02-08,-0.2999999999999998
2018-02-09,-0.2699999999999998
2018-02-12,-0.30999999999999983
2018-02-13,-0.32000000000000006
2018-02-14,-0.34999999999999987
2018-02-15,-0.34999999999999987
2018-02-16,-0.3899999999999999
2018-02-20,-0.42999999999999994
2018-02-21,-0.4199999999999997
2018-02-22,-0.44999999999999996
2018-02-23,-0.47
2018-02-26,-0.43000000000000016
2018-02-27,-0.47
2018-02-28,-0.47
2018-03-01,-0.4600000000000002
2018-03-02,-0.48
2018-03-05,-0.4900000000000002
2018-03-06,-0.48
2018-03-07,-0.48
2018-03-08,-0.47
2018-03-09,-0.43999999999999995
2018-03-12,-0.43999999999999995
2018-03-13,-0.46999999999999975
2018-03-14,-0.48999999999999977
2018-03-15,-0.54
2018-03-16,-0.55
2018-03-19,-0.53
2018-03-20,-0.5299999999999998
2018-03-21,-0.44999999999999996
2018-03-22,-0.47
2018-03-23,-0.4299999999999997
2018-03-26,-0.4500000000000002
2018-03-27,-0.4299999999999997
2018-03-28,-0.47999999999999976
2018-03-29,-0.5
2018-04-02,-0.48
2018-04-03,-0.47999999999999976
2018-04-04,-0.46999999999999975
2018-04-05,-0.48999999999999977
2018-04-06,-0.48
2018-04-09,-0.5
2018-04-10,-0.4999999999999998
2018-04-11,-0.46999999999999975
2018-04-12,-0.45999999999999996
2018-04-13,-0.51
2018-04-16,-0.52
2018-04-17,-0.5300000000000002
2018-04-18,-0.54
2018-04-19,-0.53
2018-04-20,-0.53
2018-04-23,-0.5700000000000003
2018-04-24,-0.5700000000000001
2018-04-25,-0.5600000000000003
2018-04-26,-0.5800000000000003
2018-04-27,-0.6000000000000003
2018-04-30,-0.6000000000000003
2018-05-01,-0.5700000000000001
2018-05-02,-0.5500000000000003
2018-05-03,-0.5800000000000003
2018-05-04,-0.5999999999999999
2018-05-07,-0.5800000000000003
2018-05-08,-0.5799999999999998
2018-05-09,-0.5900000000000001
2018-05-10,-0.5700000000000001
2018-05-11,-0.5800000000000001
2018-05-14,-0.5599999999999998
2018-05-15,-0.54
2018-05-16,-0.5300000000000002
2018-05-17,-0.5099999999999998
2018-05-18,-0.52
2018-05-22,-0.5499999999999998
2018-05-23,-0.5099999999999998
2018-05-24,-0.51
2018-05-25,-0.52
2018-05-29,-0.47999999999999976
2018-05-30,-0.5
2018-05-31,-0.5
2018-06-01,-0.5500000000000003
2018-06-04,-0.5900000000000001
2018-06-05,-0.5800000000000003
2018-06-06,-0.5800000000000001
2018-06-07,-0.6000000000000001
2018-06-08,-0.5800000000000001
2018-06-11,-0.6200000000000001
2018-06-12,-0.6400000000000001
2018-06-13,-0.6499999999999999
2018-06-14,-0.6599999999999999
2018-06-15,-0.6599999999999999
2018-06-18,-0.69
2018-06-19,-0.7
2018-06-20,-0.71
2018-06-21,-0.74
2018-06-22,-0.77
2018-06-25,-0.77
2018-06-26,-0.7299999999999998
2018-06-27,-0.75
2018-06-28,-0.6699999999999999
2018-06-29,-0.6100000000000001
2018-07-03,-0.6399999999999999
2018-07-05,-0.6399999999999999
2018-07-06,-0.6199999999999999
2018-07-09,-0.6299999999999999
2018-07-10,-0.6499999999999999
2018-07-11,-0.6300000000000001
2018-07-12,-0.6600000000000001
2018-07-13,-0.6699999999999999
2018-07-16,-0.6599999999999999
2018-07-17,-0.7000000000000002
2018-07-18,-0.6700000000000002
2018-07-19,-0.6700000000000002
2018-07-20,-0.6300000000000001
2018-07-23,-0.6400000000000001
2018-07-24,-0.6299999999999999
2018-07-25,-0.6100000000000003
2018-07-26,-0.6400000000000001
2018-07-27,-0.6099999999999999
2018-07-30,-0.6100000000000003
2018-07-31,-0.6000000000000001
2018-08-01,-0.5899999999999999
2018-08-02,-0.5800000000000001
2018-08-03,-0.54
2018-08-07,-0.5500000000000003
2018-08-08,-0.5500000000000003
2018-08-09,-0.5300000000000002
2018-08-10,-0.5099999999999998
2018-08-13,-0.5
2018-08-14,-0.5099999999999998
2018-08-15,-0.52
2018-08-16,-0.5499999999999998
2018-08-17,-0.5
2018-08-20,-0.5
2018-08-21,-0.5099999999999998
2018-08-22,-0.4900000000000002
2018-08-23,-0.48999999999999977
2018-08-24,-0.5
2018-08-27,-0.5299999999999998
2018-08-28,-0.5299999999999998
2018-08-29,-0.5299999999999998
2018-08-30,-0.5300000000000002
2018-08-31,-0.56
2018-09-04,-0.6100000000000003
2018-09-05,-0.6100000000000003
2018-09-06,-0.5800000000000001
2018-09-07,-0.6000000000000001
2018-09-10,-0.6200000000000001
2018-09-11,-0.6299999999999999
2018-09-12,-0.6000000000000001
2018-09-13,-0.6199999999999997
2018-09-14,-0.6499999999999999
2018-09-17,-0.6499999999999999
2018-09-18,-0.6600000000000001
2018-09-19,-0.6400000000000001
2018-09-20,-0.6299999999999999
2018-09-21,-0.6299999999999999
2018-09-24,-0.6400000000000001
2018-09-25,-0.6299999999999999
2018-09-26,-0.6400000000000001
2018-09-27,-0.6400000000000001
2018-09-28,-0.6000000000000001
2018-10-01,-0.5299999999999998
2018-10-02,-0.5499999999999998
2018-10-03,-0.5500000000000003
2018-10-04,-0.5700000000000003
2018-10-05,-0.56
2018-10-09,-0.5699999999999998
2018-10-10,-0.5899999999999999
2018-10-11,-0.5800000000000001
2018-10-12,-0.5800000000000001
2018-10-15,-0.5500000000000003
2018-10-16,-0.5700000000000003
2018-10-17,-0.5800000000000001
2018-10-18,-0.56
2018-10-19,-0.6299999999999999
2018-10-22,-0.6299999999999999
2018-10-23,-0.6200000000000001
2018-10-24,-0.54
2018-10-25,-0.5499999999999998
2018-10-26,-0.5500000000000003
2018-10-29,-0.5500000000000003
2018-10-30,-0.54
2018-10-31,-0.54
2018-11-01,-0.52
2018-11-02,-0.56
2018-11-05,-0.5700000000000003
2018-11-06,-0.5800000000000001
2018-11-07,-0.6099999999999999
2018-11-08,-0.6200000000000001
2018-11-09,-0.6099999999999999
2018-11-13,-0.5800000000000001
2018-11-14,-0.5899999999999999
2018-11-15,-0.6199999999999997
2018-11-16,-0.5899999999999999
2018-11-19,-0.5800000000000001
2018-11-20,-0.5800000000000001
2018-11-21,-0.5800000000000001
2018-11-23,-0.5800000000000001
2018-11-26,-0.5999999999999996
2018-11-27,-0.6099999999999999
2018-11-28,-0.6000000000000001
2018-11-29,-0.6200000000000001
2018-11-30,-0.6399999999999997
2018-12-03,-0.6699999999999999
2018-12-04,-0.6799999999999997
2018-12-06,-0.76
2018-12-07,-0.7200000000000002
2018-12-10,-0.7100000000000004
2018-12-11,-0.75
2018-12-12,-0.71
2018-12-13,-0.69
2018-12-14,-0.71
2018-12-17,-0.7400000000000002
2018-12-18,-0.73
2018-12-19,-0.74
2018-12-20,-0.76
2018-12-21,-0.69
2018-12-24,-0.6399999999999999
2018-12-27,-0.6600000000000001
2018-12-28,-0.6599999999999999
2018-12-31,-0.6199999999999999
2019-01-02,-0.6399999999999999
2019-01-03,-0.6200000000000001
2019-01-04,-0.6599999999999999
2019-01-07,-0.6499999999999999
2019-01-08,-0.6900000000000002
2019-01-09,-0.6500000000000001
2019-01-10,-0.6500000000000001
2019-01-11,-0.6599999999999999
2019-01-14,-0.6499999999999999
2019-01-15,-0.6399999999999999
2019-01-16,-0.6299999999999999
2019-01-17,-0.6600000000000001
2019-01-18,-0.6800000000000002
2019-01-22,-0.6900000000000002
2019-01-23,-0.6800000000000002
2019-01-24,-0.7
2019-01-25,-0.7200000000000002
2019-01-28,-0.73
2019-01-29,-0.71
2019-01-30,-0.7
2019-01-31,-0.6800000000000002
2019-02-01,-0.69
2019-02-04,-0.6899999999999997
2019-02-05,-0.6999999999999997
2019-02-06,-0.71
2019-02-07,-0.72
2019-02-08,-0.6800000000000002
2019-02-11,-0.69
2019-02-12,-0.7
2019-02-13,-0.7199999999999998
2019-02-14,-0.73
2019-02-15,-0.74
2019-02-19,-0.73
2019-02-20,-0.73
2019-02-21,-0.7399999999999998
2019-02-22,-0.7
2019-02-25,-0.7299999999999998
2019-02-26,-0.73
2019-02-27,-0.73
2019-02-28,-0.74
2019-03-01,-0.7799999999999998
2019-03-04,-0.8099999999999998
2019-03-05,-0.8099999999999998
2019-03-06,-0.8400000000000001
2019-03-07,-0.8500000000000001
2019-03-08,-0.8000000000000003
2019-03-11,-0.8100000000000003
2019-03-12,-0.8000000000000003
2019-03-13,-0.7800000000000002
2019-03-14,-0.8
2019-03-15,-0.81
2019-03-18,-0.8200000000000003
2019-03-19,-0.8200000000000001
2019-03-20,-0.7999999999999998
2019-03-21,-0.81
2019-03-22,-0.77
2019-03-25,-0.7799999999999998
2019-03-26,-0.7400000000000002
2019-03-27,-0.7600000000000002
2019-03-28,-0.74
2019-03-29,-0.72
2019-04-01,-0.73
2019-04-02,-0.7399999999999998
2019-04-03,-0.74
2019-04-04,-0.75
2019-04-05,-0.76
2019-04-08,-0.7499999999999998
2019-04-09,-0.75
2019-04-10,-0.73
2019-04-11,-0.76
2019-04-12,-0.77
2019-04-15,-0.7999999999999998
2019-04-16,-0.7800000000000002
2019-04-17,-0.74
2019-04-18,-0.7599999999999998
2019-04-22,-0.7599999999999998
2019-04-23,-0.7899999999999998
2019-04-24,-0.8099999999999998
2019-04-25,-0.78
2019-04-26,-0.7299999999999998
2019-04-29,-0.7399999999999998
2019-04-30,-0.71
2019-05-01,-0.74
2019-05-02,-0.73
2019-05-03,-0.6900000000000002
2019-05-06,-0.69
2019-05-07,-0.6999999999999997
2019-05-08,-0.7099999999999997
2019-05-09,-0.6799999999999997
2019-05-10,-0.6199999999999999
2019-05-13,-0.6000000000000001
2019-05-14,-0.6000000000000001
2019-05-15,-0.5800000000000001
2019-05-16,-0.6100000000000001
2019-05-17,-0.6000000000000001
2019-05-21,-0.5899999999999999
2019-05-22,-0.5700000000000001
2019-05-23,-0.54
2019-05-24,-0.6000000000000001
2019-05-28,-0.5900000000000001
2019-05-29,-0.5599999999999998
2019-05-30,-0.54
2019-05-31,-0.52
2019-06-03,-0.44999999999999996
2019-06-04,-0.5
2019-06-05,-0.49
2019-06-06,-0.5
2019-06-07,-0.4500000000000002
2019-06-10,-0.44999999999999996
2019-06-11,-0.44999999999999996
2019-06-12,-0.43999999999999995
2019-06-13,-0.43000000000000016
2019-06-14,-0.4500000000000002
2019-06-17,-0.4600000000000002
2019-06-18,-0.4600000000000002
2019-06-19,-0.3400000000000001
2019-06-20,-0.32000000000000006
2019-06-21,-0.3400000000000001
2019-06-24,-0.32000000000000006
2019-06-25,-0.31000000000000005
2019-06-26,-0.31000000000000005
2019-06-27,-0.30000000000000004
2019-06-28,-0.28
2019-07-02,-0.29000000000000004
2019-07-03,-0.28
2019-07-05,-0.25
2019-07-08,-0.19999999999999996
2019-07-09,-0.28
2019-07-10,-0.24
2019-07-11,-0.25
2019-07-12,-0.26
2019-07-15,-0.27
2019-07-16,-0.31000000000000005
2019-07-17,-0.31000000000000005
2019-07-18,-0.32000000000000006
2019-07-19,-0.3400000000000001
2019-07-22,-0.3700000000000001
2019-07-23,-0.3800000000000001
2019-07-24,-0.40000000000000013
2019-07-25,-0.42000000000000015
2019-07-26,-0.3900000000000001
2019-07-29,-0.3700000000000001
2019-07-30,-0.33000000000000007
2019-07-31,-0.33999999999999986
2019-08-01,-0.26
2019-08-02,-0.26
2019-08-06,-0.26
2019-08-07,-0.26
2019-08-08,-0.26
2019-08-09,-0.25
2019-08-12,-0.25
2019-08-13,-0.28
2019-08-14,-0.22999999999999998
2019-08-15,-0.18999999999999995
2019-08-16,-0.1499999999999999
2019-08-19,-0.17999999999999994
2019-08-20,-0.15999999999999992
2019-08-21,-0.16000000000000014
2019-08-22,-0.15000000000000013
2019-08-23,-0.1399999999999999
2019-08-26,-0.15000000000000013
2019-08-27,-0.18999999999999995
2019-08-28,-0.16999999999999993
2019-08-29,-0.18999999999999995
2019-08-30,-0.1499999999999999
2019-09-03,-0.1499999999999999
2019-09-04,-0.09999999999999987
2019-09-05,-0.10000000000000009
2019-09-06,-0.040000000000000036
2019-09-09,-0.030000000000000027
2019-09-10,-0.06999999999999984
2019-09-11,-0.09999999999999987
2019-09-12,-0.11999999999999988
2019-09-13,-0.15000000000000013
2019-09-16,-0.11999999999999988
2019-09-17,-0.10999999999999988
2019-09-18,-0.16999999999999993
2019-09-19,-0.1399999999999999
2019-09-20,-0.11999999999999988
2019-09-23,-0.11999999999999988
2019-09-24,-0.08000000000000007
2019-09-25,-0.09999999999999987
2019-09-26,-0.08999999999999986
2019-09-27,-0.05999999999999983
2019-09-30,-0.04999999999999982
2019-10-01,-0.030000000000000027
2019-10-02,0.010000000000000009
2019-10-03,0.020000000000000018
2019-10-04,0.010000000000000009
2019-10-07,-0.010000000000000009
2019-10-08,0.020000000000000018
2019-10-09,0.0
2019-10-10,0.0
2019-10-11,0.020000000000000018
2019-10-15,0.07999999999999985
2019-10-16,0.08999999999999986
2019-10-17,0.04999999999999982
2019-10-18,0.05999999999999983
2019-10-21,0.029999999999999805
2019-10-22,0.020000000000000018
2019-10-23,0.040000000000000036
2019-10-24,0.04999999999999982
2019-10-25,0.030000000000000027
2019-10-28,0.07000000000000006
2019-10-29,0.06000000000000005
2019-10-30,-0.050000000000000044
2019-10-31,0.0
2019-11-01,-0.010000000000000009
2019-11-04,0.0
2019-11-05,0.0
2019-11-06,-0.020000000000000018
2019-11-07,-0.050000000000000044
2019-11-08,-0.09999999999999987
2019-11-12,-0.06999999999999984
2019-11-13,-0.05999999999999983
2019-11-14,-0.050000000000000044
2019-11-15,-0.07000000000000006
2019-11-18,-0.06000000000000005
2019-11-19,-0.08000000000000007
2019-11-20,-0.050000000000000044
2019-11-21,-0.040000000000000036
2019-11-22,-0.030000000000000027
2019-11-25,-0.020000000000000018
2019-11-26,-0.010000000000000009
2019-11-27,-0.029999999999999805
2019-11-29,-0.030000000000000027
2019-12-02,0.0
2019-12-03,0.020000000000000018
2019-12-04,0.04999999999999982
2019-12-05,0.09999999999999987
2019-12-06,0.039999999999999813
2019-12-09,0.040000000000000036
2019-12-10,0.020000000000000018
2019-12-11,0.04999999999999982
2019-12-12,0.040000000000000036
2019-12-13,0.04999999999999982
2019-12-16,0.040000000000000036
2019-12-17,0.07000000000000006
2019-12-18,0.10000000000000009
2019-12-19,0.06999999999999984
2019-12-20,0.020000000000000018
2019-12-23,0.040000000000000036
2019-12-24,0.04999999999999982
2019-12-27,0.06999999999999984
2019-12-30,0.09999999999999987
2019-12-31,0.10999999999999988
2020-01-02,0.07999999999999985
2020-01-03,0.08000000000000007
2020-01-06,0.08999999999999986
2020-01-07,0.09999999999999987
2020-01-08,0.07999999999999985
2020-01-09,0.04999999999999982
2020-01-10,0.08999999999999986
2020-01-13,0.07999999999999985
2020-01-14,0.07999999999999985
2020-01-15,0.06999999999999984
2020-01-16,0.05999999999999983
2020-01-17,0.05999999999999983
2020-01-21,0.09000000000000008
2020-01-22,0.010000000000000009
2020-01-23,0.0
2020-01-24,0.0
2020-01-27,0.0
2020-01-28,0.030000000000000027
2020-01-29,0.050000000000000044
2020-01-30,0.06000000000000005
2020-01-31,0.09999999999999987
2020-02-03,0.05999999999999983
2020-02-04,0.06000000000000005
2020-02-05,0.06000000000000005
2020-02-06,0.050000000000000044
2020-02-07,0.06000000000000005
2020-02-10,0.06999999999999984
2020-02-11,0.06000000000000005
2020-02-12,0.07000000000000006
2020-02-13,0.07000000000000006
2020-02-14,0.07000000000000006
2020-02-18,0.050000000000000044
2020-02-19,0.06000000000000005
2020-02-20,0.06000000000000005
2020-02-21,0.07999999999999985
2020-02-24,0.08000000000000007
2020-02-25,0.1200000000000001
2020-02-26,0.16000000000000014
2020-02-27,0.1399999999999999
2020-02-28,0.2799999999999999
2020-03-02,0.32999999999999996
2020-03-03,0.26
2020-03-04,0.25
2020-03-05,0.20000000000000007
2020-03-06,0.20999999999999996
2020-03-09,0.15000000000000002
2020-03-10,0.050000000000000044
2020-03-11,0.0
2020-03-12,-0.030000000000000027
2020-03-13,0.0
2020-03-16,0.10000000000000003
2020-03-17,0.16000000000000003
2020-03-18,0.1499999999999999
2020-03-19,0.19
2020-03-20,0.19000000000000006
2020-03-23,0.22999999999999998
2020-03-24,0.20999999999999996
2020-03-25,0.27999999999999997
2020-03-26,0.29
2020-03-27,0.19
2020-03-30,0.21
2020-03-31,0.18999999999999997
2020-04-01,0.17
2020-04-02,0.18999999999999997
2020-04-03,0.17999999999999997
2020-04-06,0.16999999999999998
2020-04-07,0.16999999999999998
2020-04-08,0.15999999999999998
2020-04-09,0.16
2020-04-13,0.13
2020-04-14,0.13999999999999999
2020-04-15,0.13
2020-04-16,0.13
2020-04-17,0.14999999999999997
2020-04-20,0.14
2020-04-21,0.12
2020-04-22,0.11000000000000001
2020-04-23,0.11000000000000001
2020-04-24,0.11000000000000001
2020-04-27,0.10000000000000003
2020-04-28,0.12
2020-04-29,0.12
2020-04-30,0.09999999999999998
2020-05-01,0.09999999999999998
2020-05-04,0.12
2020-05-05,0.12
2020-05-06,0.12999999999999998
2020-05-07,0.14
2020-05-08,0.11000000000000001
2020-05-11,0.11000000000000001
2020-05-12,0.1
2020-05-13,0.12000000000000002
2020-05-14,0.11000000000000001
2020-05-15,0.12000000000000002
2020-05-19,0.12999999999999998
2020-05-20,0.13999999999999999
2020-05-21,0.12999999999999998
2020-05-22,0.11999999999999997
2020-05-26,0.12
2020-05-27,0.10999999999999999
2020-05-28,0.12999999999999998
2020-05-29,0.12000000000000002
2020-06-01,0.14999999999999997
2020-06-02,0.11999999999999997
2020-06-03,0.13
2020-06-04,0.13
2020-06-05,0.12999999999999998
2020-06-08,0.1
2020-06-09,0.09999999999999998
2020-06-10,0.11000000000000001
2020-06-11,0.08000000000000002
2020-06-12,0.09000000000000002
2020-06-15,0.09999999999999998
2020-06-16,0.07999999999999999
2020-06-17,0.09999999999999998
2020-06-18,0.10999999999999999
2020-06-19,0.10999999999999999
2020-06-22,0.10999999999999999
2020-06-23,0.12
2020-06-24,0.10999999999999999
2020-06-25,0.12999999999999998
2020-06-26,0.11999999999999997
2020-06-29,0.12999999999999998
2020-06-30,0.12000000000000002
2020-07-02,0.12999999999999998
2020-07-06,0.12999999999999998
2020-07-07,0.12000000000000002
2020-07-08,0.12999999999999998
2020-07-09,0.12000000000000002
2020-07-10,0.12000000000000002
2020-07-13,0.12000000000000002
2020-07-14,0.14
2020-07-15,0.11000000000000001
2020-07-16,0.11000000000000001
2020-07-17,0.13
2020-07-20,0.11000000000000001
2020-07-21,0.13
2020-07-22,0.13
2020-07-23,0.11000000000000001
2020-07-24,0.13
2020-07-27,0.13000000000000003
2020-07-28,0.13
2020-07-29,0.14
2020-07-30,0.15000000000000002
2020-07-31,0.15000000000000002
2020-08-04,0.14
2020-08-05,0.16000000000000003
2020-08-06,0.15000000000000002
2020-08-07,0.14
2020-08-10,0.13
2020-08-11,0.12000000000000002
2020-08-12,0.12999999999999998
2020-08-13,0.15
2020-08-14,0.15999999999999998
2020-08-17,0.14999999999999997
2020-08-18,0.14
2020-08-19,0.14999999999999997
2020-08-20,0.15000000000000002
2020-08-21,0.12000000000000002
2020-08-24,0.14
2020-08-25,0.13999999999999999
2020-08-26,0.12999999999999998
2020-08-27,0.12999999999999998
2020-08-28,0.14
2020-08-31,0.14
2020-09-01,0.14
2020-09-02,0.12
2020-09-03,0.13
2020-09-04,0.13
2020-09-08,0.13
2020-09-09,0.13
2020-09-10,0.12
2020-09-11,0.13
2020-09-14,0.12
2020-09-15,0.12
2020-09-16,0.12
2020-09-17,0.13
2020-09-18,0.12
2020-09-21,0.12
2020-09-22,0.13
2020-09-23,0.12
2020-09-24,0.10999999999999999
2020-09-25,0.13
2020-09-28,0.10999999999999999
2020-09-29,0.13
2020-09-30,0.12
2020-10-01,0.09999999999999998
2020-10-02,0.10999999999999999
2020-10-05,0.09999999999999998
2020-10-06,0.09
2020-10-07,0.07999999999999999
2020-10-08,0.14
2020-10-09,0.1
2020-10-13,0.09
2020-10-14,0.09999999999999998
2020-10-15,0.09
2020-10-16,0.09
2020-10-19,0.07
2020-10-20,0.09
2020-10-21,0.09
2020-10-22,0.07999999999999999
2020-10-23,0.06
2020-10-26,0.07999999999999999
2020-10-27,0.07999999999999999
2020-10-28,0.07999999999999999
2020-10-29,0.09
2020-10-30,0.12
2020-11-02,0.1
2020-11-03,0.1
2020-11-04,0.12
2020-11-05,0.10999999999999999
2020-11-06,0.1
2020-11-09,0.11000000000000001
2020-11-10,0.08000000000000002
2020-11-12,0.09
2020-11-13,0.1
2020-11-16,0.08000000000000002
2020-11-17,0.09000000000000002
2020-11-18,0.11000000000000001
2020-11-19,0.09000000000000002
2020-11-20,0.11000000000000001
2020-11-23,0.11000000000000001
2020-11-24,0.11000000000000001
2020-11-25,0.1
2020-11-27,0.09
2020-11-30,0.09
2020-12-01,0.09
2020-12-02,0.11000000000000001
2020-12-03,0.1
2020-12-04,0.12000000000000002
2020-12-07,0.14
2020-12-08,0.13
2020-12-09,0.11000000000000001
2020-12-10,0.12
2020-12-11,0.14
2020-12-14,0.12
2020-12-15,0.14
2020-12-16,0.12
2020-12-17,0.12
2020-12-18,0.10999999999999999
2020-12-21,0.1
2020-12-22,0.09
2020-12-23,0.1
2020-12-24,0.09
2020-12-29,0.09
2020-12-30,0.08000000000000002
2020-12-31,0.07
2021-01-04,0.09000000000000001
2021-01-05,0.06
2021-01-06,0.03999999999999998
2021-01-07,0.03999999999999998
2021-01-08,0.04999999999999999
2021-01-11,0.04999999999999999
2021-01-12,0.03999999999999998
2021-01-13,0.01999999999999999
2021-01-14,0.0
2021-01-15,0.01999999999999999
2021-01-19,0.009999999999999981
2021-01-20,0.03
2021-01-21,0.04000000000000001
2021-01-22,0.04999999999999999
2021-01-25,0.04999999999999999
2021-01-26,0.06000000000000001
2021-01-27,0.04000000000000001
2021-01-28,0.04000000000000001
2021-01-29,0.039999999999999994
2021-02-01,0.039999999999999994
2021-02-02,0.05
2021-02-03,0.06000000000000001
2021-02-04,0.08
2021-02-05,0.11000000000000001
2021-02-08,0.09000000000000001
2021-02-09,0.08
2021-02-10,0.08
2021-02-11,0.08
2021-02-12,0.08
2021-02-16,0.07999999999999999
2021-02-17,0.09999999999999999
2021-02-18,0.11
2021-02-19,0.12000000000000001
2021-02-22,0.12000000000000001
2021-02-23,0.12000000000000001
2021-02-24,0.11000000000000001
2021-02-25,0.15
2021-02-26,0.15999999999999998
2021-03-01,0.12
2021-03-02,0.10999999999999999
2021-03-03,0.12
2021-03-04,0.14
2021-03-05,0.14999999999999997
2021-03-08,0.11999999999999997
2021-03-09,0.1
2021-03-10,0.07999999999999999
2021-03-11,0.10999999999999999
2021-03-12,0.16999999999999998
2021-03-15,0.16999999999999998
2021-03-16,0.16
2021-03-17,0.14
2021-03-18,0.11000000000000001
2021-03-19,0.1
2021-03-22,0.11000000000000001
2021-03-23,0.1
2021-03-24,0.09999999999999998
2021-03-25,0.09
2021-03-26,0.09
2021-03-29,0.09
2021-03-30,0.07
2021-03-31,0.06
2021-04-01,0.04999999999999999
2021-04-05,0.06999999999999998
2021-04-06,0.07
2021-04-07,0.07
2021-04-08,0.07999999999999999
2021-04-09,0.07999999999999999
2021-04-12,0.07
2021-04-13,0.07999999999999999
2021-04-14,0.07999999999999999
2021-04-15,0.07999999999999999
2021-04-16,0.12999999999999998
2021-04-19,0.15
2021-04-20,0.13999999999999999
2021-04-21,0.15
2021-04-22,0.15
2021-04-23,0.16
2021-04-26,0.15000000000000002
2021-04-27,0.16
2021-04-28,0.13999999999999999
2021-04-29,0.15
2021-04-30,0.13999999999999999
2021-05-03,0.13999999999999999
2021-05-04,0.13999999999999999
2021-05-05,0.13999999999999999
2021-05-06,0.15
2021-05-07,0.14999999999999997
2021-05-10,0.12999999999999998
2021-05-11,0.13999999999999999
2021-05-12,0.17
2021-05-13,0.16
2021-05-14,0.16
2021-05-17,0.17
2021-05-18,0.16
2021-05-19,0.17
2021-05-20,0.18000000000000002
2021-05-21,0.16
2021-05-25,0.15
2021-05-26,0.16999999999999998
2021-05-27,0.18
2021-05-28,0.18
2021-06-01,0.16
2021-06-02,0.19
2021-06-03,0.16
2021-06-04,0.16999999999999998
2021-06-07,0.16
2021-06-08,0.18
2021-06-09,0.16
2021-06-10,0.16999999999999998
2021-06-11,0.15
2021-06-14,0.16
2021-06-15,0.16
2021-06-16,0.15
2021-06-17,0.15
2021-06-18,0.19
2021-06-21,0.16999999999999998
2021-06-22,0.16999999999999998
2021-06-23,0.15999999999999998
2021-06-24,0.15999999999999998
2021-06-25,0.15999999999999998
2021-06-28,0.19
2021-06-29,0.16999999999999998
2021-06-30,0.2
2021-07-02,0.21000000000000002
2021-07-06,0.24000000000000002
2021-07-07,0.26
2021-07-08,0.29
2021-07-09,0.24999999999999997
2021-07-12,0.24999999999999997
2021-07-13,0.21999999999999997
2021-07-14,0.22
2021-07-15,0.21
2021-07-16,0.18
2021-07-19,0.26
2021-07-20,0.26
2021-07-21,0.24000000000000002
2021-07-22,0.25
2021-07-23,0.23
2021-07-26,0.24000000000000002
2021-07-27,0.24
2021-07-28,0.25
2021-07-29,0.25
2021-07-30,0.26
2021-08-03,0.24999999999999997
2021-08-04,0.27
2021-08-05,0.26
2021-08-06,0.27
2021-08-09,0.24999999999999997
2021-08-10,0.24
2021-08-11,0.23999999999999996
2021-08-12,0.23
2021-08-13,0.22
2021-08-16,0.22
2021-08-17,0.21
2021-08-18,0.22
2021-08-19,0.22
2021-08-20,0.21
2021-08-23,0.21
2021-08-24,0.21000000000000002
2021-08-25,0.22
2021-08-26,0.2
2021-08-27,0.22
2021-08-30,0.22999999999999998
2021-08-31,0.22999999999999998
2021-09-01,0.20999999999999996
2021-09-02,0.2
2021-09-03,0.18000000000000002
2021-09-07,0.18000000000000002
2021-09-08,0.17
2021-09-09,0.17
2021-09-10,0.17999999999999997
2021-09-13,0.19999999999999998
2021-09-14,0.19000000000000003
2021-09-15,0.21
2021-09-16,0.21
2021-09-17,0.23
2021-09-20,0.21
2021-09-21,0.22
2021-09-22,0.2
2021-09-23,0.20999999999999996
2021-09-24,0.21000000000000002
2021-09-27,0.19
2021-09-28,0.19
2021-09-29,0.23000000000000004
2021-10-01,0.24
2021-10-04,0.24
2021-10-05,0.24
2021-10-06,0.3
2021-10-07,0.31
2021-10-08,0.36000000000000004
2021-10-12,0.39
2021-10-13,0.4
2021-10-14,0.36
2021-10-15,0.35000000000000003
2021-10-18,0.37999999999999995
2021-10-19,0.42
2021-10-20,0.39
2021-10-21,0.41
2021-10-22,0.39
2021-10-25,0.39
2021-10-26,0.39
2021-10-27,0.5700000000000001
2021-10-28,0.5
2021-10-29,0.6000000000000001
2021-11-01,0.5700000000000001
2021-11-02,0.5800000000000001
2021-11-03,0.56
2021-11-04,0.5700000000000001
2021-11-05,0.53
2021-11-08,0.49999999999999994
2021-11-09,0.51
2021-11-10,0.49
2021-11-12,0.44999999999999996
2021-11-15,0.47
2021-11-16,0.51
2021-11-17,0.48
2021-11-18,0.45999999999999996
2021-11-19,0.44999999999999996
2021-11-22,0.41000000000000003
2021-11-23,0.44000000000000006
2021-11-24,0.41000000000000003
2021-11-26,0.43000000000000005
2021-11-29,0.43999999999999995
2021-11-30,0.45999999999999996
2021-12-01,0.3899999999999999
2021-12-02,0.32999999999999996
2021-12-03,0.41000000000000003
2021-12-06,0.41000000000000003
2021-12-07,0.43999999999999995
2021-12-08,0.39
2021-12-09,0.30000000000000004
2021-12-10,0.29999999999999993
2021-12-13,0.26
2021-12-14,0.2799999999999999
2021-12-15,0.26
2021-12-16,0.26
2021-12-17,0.25
2021-12-20,0.28
2021-12-21,0.28
2021-12-22,0.2799999999999999
2021-12-23,0.27
2021-12-29,0.24
2021-12-30,0.25
2021-12-31,0.21999999999999997
2022-01-04,0.24
2022-01-05,0.21000000000000008
2022-01-06,0.19000000000000006
2022-01-07,0.20000000000000007
2022-01-10,0.16000000000000003
2022-01-11,0.17000000000000004
2022-01-12,0.19000000000000006
2022-01-13,0.20000000000000007
2022-01-14,0.15999999999999992
2022-01-18,0.20999999999999996
2022-01-19,0.22999999999999998
2022-01-20,0.19999999999999996
2022-01-21,0.22999999999999998
2022-01-24,0.25
2022-01-25,0.21999999999999997
2022-01-26,0.13000000000000012
2022-01-27,0.09000000000000008
2022-01-28,0.10000000000000009
2022-01-31,0.10000000000000009
2022-02-01,0.10000000000000009
2022-02-02,0.08000000000000007
2022-02-03,0.10000000000000009
2022-02-04,0.050000000000000044
2022-02-07,0.040000000000000036
2022-02-08,0.0
2022-02-09,0.0
2022-02-10,-0.1100000000000001
2022-02-11,-0.040000000000000036
2022-02-14,-0.07000000000000006
2022-02-15,-0.030000000000000027
2022-02-16,0.010000000000000009
2022-02-17,0.020000000000000018
2022-02-18,0.020000000000000018
2022-02-22,-0.030000000000000027
2022-02-23,-0.010000000000000009
2022-02-24,-0.020000000000000018
2022-02-25,-0.020000000000000018
2022-02-28,0.010000000000000009
2022-03-01,0.020000000000000018
2022-03-02,-0.030000000000000027
2022-03-03,-0.050000000000000044
2022-03-04,-0.1200000000000001
2022-03-07,-0.14000000000000012
2022-03-08,-0.16999999999999993
2022-03-09,-0.17999999999999994
2022-03-10,-0.16999999999999993
2022-03-11,-0.09000000000000008
2022-03-14,-0.10000000000000009
2022-03-15,-0.050000000000000044
2022-03-16,-0.06000000000000005
2022-03-17,-0.050000000000000044
2022-03-18,-0.08000000000000007
2022-03-21,-0.11000000000000032
2022-03-22,-0.0900000000000003
2022-03-23,-0.06999999999999984
2022-03-24,0.0
2022-03-25,0.040000000000000036
2022-03-28,0.0
2022-03-29,-0.010000000000000231
2022-03-30,0.0
2022-03-31,-0.009999999999999787
2022-04-01,-0.10000000000000009
2022-04-04,-0.1200000000000001
2022-04-05,-0.13999999999999968
2022-04-06,-0.1299999999999999
2022-04-07,-0.11000000000000032
2022-04-08,-0.09999999999999964
2022-04-11,-0.06999999999999984
2022-04-12,-0.050000000000000266
2022-04-13,-0.03000000000000025
2022-04-14,-0.050000000000000266
2022-04-18,-0.029999999999999805
2022-04-19,-0.08999999999999986
2022-04-20,-0.020000000000000018
2022-04-21,-0.050000000000000266
2022-04-22,-0.07000000000000028
2022-04-25,-0.08000000000000007
2022-04-26,-0.06999999999999984
2022-04-27,-0.08000000000000007
2022-04-28,-0.10000000000000009
2022-04-29,-0.07000000000000028
2022-05-02,-0.06999999999999984
2022-05-03,-0.06999999999999984
2022-05-04,-0.050000000000000266
2022-05-05,-0.020000000000000018
2022-05-06,-0.03000000000000025
2022-05-09,-0.009999999999999787
2022-05-10,0.04999999999999982
2022-05-11,0.06999999999999984
2022-05-12,0.08000000000000007
2022-05-13,0.050000000000000266
2022-05-16,0.06000000000000005
2022-05-17,0.040000000000000036
2022-05-18,0.07999999999999963
2022-05-19,0.07000000000000028
2022-05-20,0.040000000000000036
2022-05-24,0.06999999999999984
2022-05-25,0.04999999999999982
2022-05-26,0.08999999999999986
2022-05-27,0.07999999999999963
2022-05-31,0.14000000000000012
2022-06-01,0.1299999999999999
2022-06-02,0.18999999999999995
2022-06-03,0.25
2022-06-06,0.29000000000000004
2022-06-07,0.29000000000000004
2022-06-08,0.3200000000000003
2022-06-09,0.23999999999999977
2022-06-10,0.18999999999999995
2022-06-13,-0.009999999999999787
2022-06-14,0.009999999999999787
2022-06-15,0.07999999999999963
2022-06-16,0.10000000000000009
2022-06-17,0.07000000000000028
2022-06-21,0.14000000000000012
2022-06-22,0.18999999999999995
2022-06-23,0.0900000000000003
2022-06-24,0.08000000000000007
2022-06-27,0.08999999999999986
2022-06-28,0.06000000000000005
2022-06-29,0.08000000000000007
2022-06-30,0.18000000000000016
2022-07-05,0.18000000000000016
2022-07-06,0.1499999999999999
2022-07-07,0.16000000000000014
2022-07-08,0.1499999999999999
2022-07-11,0.18000000000000016
2022-07-12,0.16000000000000014
2022-07-13,0.16999999999999993
2022-07-14,0.1200000000000001
2022-07-15,0.07000000000000028
2022-07-18,0.07000000000000028
2022-07-19,0.06000000000000005
2022-07-20,0.04999999999999982
2022-07-21,0.08999999999999986
2022-07-22,0.08000000000000007
2022-07-25,0.10999999999999988
2022-07-26,0.08999999999999986
2022-07-27,0.1200000000000001
2022-07-28,0.06999999999999984
2022-07-29,0.06999999999999984
2022-08-02,0.040000000000000036
2022-08-03,0.08000000000000007
2022-08-04,0.11000000000000032
2022-08-05,0.009999999999999787
2022-08-08,0.020000000000000018
2022-08-09,0.0
2022-08-10,-0.04999999999999982
2022-08-11,0.020000000000000018
2022-08-12,-0.009999999999999787
2022-08-15,0.009999999999999787
2022-08-16,0.06999999999999984
2022-08-17,0.1200000000000001
2022-08-18,0.1599999999999997
2022-08-19,0.16999999999999993
2022-08-22,0.16000000000000014
2022-08-23,0.18999999999999995
2022-08-24,0.1499999999999999
2022-08-25,0.1499999999999999
2022-08-26,0.16999999999999993
2022-08-29,0.16999999999999993
2022-08-30,0.16999999999999993
2022-08-31,0.18999999999999995
2022-09-01,0.15000000000000036
2022-09-02,0.18000000000000016
2022-09-06,0.10000000000000009
2022-09-07,0.1499999999999999
2022-09-08,0.18000000000000016
2022-09-09,0.04999999999999982
2022-09-12,0.029999999999999805
2022-09-13,-0.029999999999999805
2022-09-14,-0.029999999999999805
2022-09-15,-0.050000000000000266
2022-09-16,-0.06000000000000005
2022-09-19,-0.15000000000000036
2022-09-20,-0.20000000000000018
2022-09-21,-0.24999999999999956
2022-09-22,-0.3300000000000005
2022-09-23,-0.43000000000000016
2022-09-26,-0.4399999999999995
2022-09-27,-0.4099999999999997
2022-09-28,-0.3200000000000003
2022-09-29,-0.3700000000000001
2022-10-03,-0.3600000000000003
2022-10-04,-0.35999999999999943
2022-10-05,-0.30000000000000027
2022-10-06,-0.2400000000000002
2022-10-07,-0.25
2022-10-11,-0.20000000000000018
2022-10-12,-0.2400000000000002
2022-10-13,-0.35999999999999943
2022-10-14,-0.34000000000000075
2022-10-17,-0.33999999999999986
2022-10-18,-0.41000000000000014
2022-10-19,-0.3700000000000001
2022-10-20,-0.33999999999999986
2022-10-21,-0.33000000000000007
2022-10-24,-0.34999999999999964
2022-10-25,-0.2699999999999996
2022-10-26,-0.5199999999999996
2022-10-27,-0.48
2022-10-28,-0.5700000000000003
2022-10-31,-0.5899999999999999
2022-11-01,-0.6299999999999999
2022-11-02,-0.6700000000000004
2022-11-03,-0.6600000000000001
2022-11-04,-0.5300000000000002
2022-11-07,-0.54
2022-11-08,-0.5199999999999996
2022-11-09,-0.5100000000000007
2022-11-10,-0.5099999999999998
2022-11-14,-0.5300000000000002
2022-11-15,-0.5100000000000002
2022-11-16,-0.5099999999999998
2022-11-17,-0.49999999999999956
2022-11-18,-0.5399999999999996
2022-11-21,-0.5500000000000003
2022-11-22,-0.5399999999999996
2022-11-23,-0.54
2022-11-25,-0.54
2022-11-28,-0.5499999999999998
2022-11-29,-0.5300000000000002
2022-11-30,-0.48999999999999977
2022-12-01,-0.45999999999999996
2022-12-02,-0.5200000000000005
2022-12-05,-0.6000000000000001
2022-12-06,-0.56
2022-12-07,-0.48
2022-12-08,-0.49999999999999956
2022-12-09,-0.48
2022-12-12,-0.5199999999999996
2022-12-13,-0.45999999999999996
2022-12-14,-0.5100000000000002
2022-12-15,-0.5500000000000003
2022-12-16,-0.5099999999999998
2022-12-19,-0.5800000000000001
2022-12-20,-0.54
2022-12-21,-0.48999999999999977
2022-12-22,-0.4200000000000004
2022-12-23,-0.37999999999999945
2022-12-28,-0.29000000000000004
2022-12-29,-0.33000000000000007
2022-12-30,-0.35000000000000053
2023-01-03,-0.3800000000000008
2023-01-04,-0.3700000000000001
2023-01-05,-0.41999999999999993
2023-01-06,-0.27
2023-01-09,-0.26000000000000023
2023-01-10,-0.31000000000000005
2023-01-11,-0.33000000000000007
2023-01-12,-0.33000000000000007
2023-01-13,-0.5499999999999998
2023-01-17,-0.6199999999999997
2023-01-18,-0.5899999999999994
2023-01-19,-0.5800000000000001
2023-01-20,-0.5499999999999998
2023-01-23,-0.5499999999999998
2023-01-24,-0.48
2023-01-25,-0.5500000000000003
2023-01-26,-0.5499999999999998
2023-01-27,-0.5100000000000002
2023-01-30,-0.5099999999999998
2023-01-31,-0.4500000000000002
2023-02-01,-0.4299999999999997
2023-02-02,-0.4299999999999997
2023-02-03,-0.48999999999999977
2023-02-06,-0.5000000000000004
2023-02-07,-0.5099999999999998
2023-02-08,-0.5300000000000002
2023-02-09,-0.5000000000000004
2023-02-10,-0.41000000000000014
2023-02-13,-0.4499999999999993
2023-02-14,-0.40999999999999925
2023-02-15,-0.4500000000000002
2023-02-16,-0.4800000000000004
2023-02-17,-0.4499999999999993
2023-02-21,-0.4399999999999995
2023-02-22,-0.45999999999999996
2023-02-23,-0.45999999999999996
2023-02-24,-0.5
2023-02-27,-0.5200000000000005
2023-02-28,-0.5999999999999996
2023-03-01,-0.6200000000000001
2023-03-02,-0.5899999999999999
2023-03-03,-0.6400000000000006
2023-03-06,-0.6399999999999997
2023-03-07,-0.6799999999999997
2023-03-08,-0.7599999999999998
2023-03-09,-0.75
2023-03-10,-0.6299999999999994
2023-03-13,-0.4900000000000002
2023-03-14,-0.48
2023-03-15,-0.43000000000000016
2023-03-16,-0.4099999999999997
2023-03-17,-0.27
2023-03-20,-0.2999999999999998
2023-03-21,-0.46999999999999975
2023-03-22,-0.46999999999999975
2023-03-23,-0.3299999999999996
2023-03-24,-0.33999999999999986
2023-03-27,-0.33000000000000007
2023-03-28,-0.3299999999999996
2023-03-29,-0.33000000000000007
2023-03-30,-0.33999999999999986
2023-03-31,-0.3199999999999994
2023-04-03,-0.3200000000000003
2023-04-04,-0.29000000000000004
2023-04-05,-0.25
2023-04-06,-0.20999999999999996
2023-04-10,-0.2400000000000002
2023-04-11,-0.25000000000000044
2023-04-12,-0.17000000000000037
2023-04-13,-0.1499999999999999
2023-04-14,-0.27
2023-04-17,-0.2999999999999998
2023-04-18,-0.3300000000000005
2023-04-19,-0.3600000000000003
2023-04-20,-0.34999999999999964
2023-04-21,-0.43999999999999995
2023-04-24,-0.3900000000000001
2023-04-25,-0.29000000000000004
2023-04-26,-0.2799999999999998
2023-04-27,-0.3400000000000003
2023-04-28,-0.3900000000000001
2023-05-01,-0.3599999999999999
2023-05-02,-0.3400000000000003
2023-05-03,-0.33000000000000007
2023-05-04,-0.20000000000000018
2023-05-05,-0.21999999999999975
2023-05-08,-0.2400000000000002
2023-05-09,-0.23999999999999977
2023-05-10,-0.21999999999999975
2023-05-11,-0.2400000000000002
2023-05-12,-0.25
2023-05-15,-0.1900000000000004
2023-05-16,-0.10999999999999943
2023-05-17,-0.08000000000000007
2023-05-18,-0.16000000000000014
2023-05-19,-0.29000000000000004
2023-05-23,-0.14999999999999947
2023-05-24,-0.14999999999999947
2023-05-25,-0.2699999999999996
2023-05-26,-0.2400000000000002
2023-05-30,-0.21999999999999975
2023-05-31,-0.1800000000000006
2023-06-01,-0.1299999999999999
2023-06-02,-0.20999999999999996
2023-06-05,-0.1299999999999999
2023-06-06,-0.1299999999999999
2023-06-07,0.040000000000000036
2023-06-08,0.010000000000000675
2023-06-09,-0.09999999999999964
2023-06-12,-0.09999999999999964
2023-06-13,-0.11000000000000032
2023-06-14,-0.1900000000000004
2023-06-15,-0.1299999999999999
2023-06-16,-0.14000000000000057
2023-06-20,-0.09999999999999964
2023-06-21,-0.04999999999999982
2023-06-22,-0.02999999999999936
2023-06-23,-0.04999999999999982
2023-06-26,-0.040000000000000036
2023-06-27,-0.15000000000000036
2023-06-28,-0.1900000000000004
2023-06-29,-0.20999999999999996
2023-06-30,-0.29000000000000004
2023-07-05,-0.2600000000000007
2023-07-06,-0.2400000000000002
2023-07-07,-0.15000000000000036
2023-07-10,-0.10999999999999943
2023-07-11,-0.08000000000000007
2023-07-12,-0.05999999999999961
2023-07-13,-0.019999999999999574
2023-07-14,-0.10000000000000053
2023-07-17,-0.07000000000000028
2023-07-18,-0.10000000000000053
2023-07-19,-0.11000000000000032
2023-07-20,-0.17999999999999972
2023-07-21,-0.2400000000000002
2023-07-24,-0.1299999999999999
2023-07-25,-0.1299999999999999
2023-07-26,-0.16999999999999993
2023-07-27,-0.14000000000000057
2023-07-28,-0.1900000000000004
2023-07-31,-0.20999999999999996
2023-08-01,-0.20000000000000018
2023-08-02,-0.1899999999999995
2023-08-03,-0.1800000000000006
2023-08-04,-0.20999999999999996
2023-08-08,-0.20999999999999996
2023-08-09,-0.20000000000000018
2023-08-10,-0.1900000000000004
2023-08-11,-0.21999999999999975
2023-08-14,-0.2400000000000002
2023-08-15,-0.13999999999999968
2023-08-16,-0.16999999999999993
2023-08-17,-0.16000000000000014
2023-08-18,-0.16000000000000014
2023-08-21,-0.17999999999999972
2023-08-22,-0.1899999999999995
2023-08-23,-0.25
2023-08-24,-0.22000000000000064
2023-08-25,-0.25
2023-08-28,-0.20000000000000018
2023-08-29,-0.1900000000000004
2023-08-30,-0.25
2023-08-31,-0.20999999999999996
2023-09-01,-0.3200000000000003
2023-09-05,-0.28000000000000025
2023-09-06,-0.33000000000000007
2023-09-07,-0.3200000000000003
2023-09-08,-0.3200000000000003
2023-09-11,-0.2999999999999998
2023-09-12,-0.28000000000000025
2023-09-13,-0.2699999999999996
2023-09-14,-0.3099999999999996
2023-09-15,-0.28999999999999915
2023-09-18,-0.28000000000000025
2023-09-19,-0.16999999999999993
2023-09-20,-0.16999999999999993
2023-09-21,-0.16999999999999993
2023-09-22,-0.17999999999999972
2023-09-25,-0.14999999999999947
2023-09-26,-0.11000000000000032
2023-09-27,-0.13999999999999968
2023-09-28,-0.1299999999999999
2023-09-29,-0.16000000000000014
2023-10-03,-0.1800000000000006
2023-10-04,-0.14999999999999947
2023-10-05,-0.2400000000000002
2023-10-06,-0.23000000000000043
2023-10-10,-0.2400000000000002
2023-10-11,-0.2400000000000002
2023-10-12,-0.23999999999999932
2023-10-13,-0.1900000000000004
2023-10-16,-0.20000000000000018
2023-10-17,-0.3000000000000007
2023-10-18,-0.29000000000000004
2023-10-19,-0.2599999999999998
2023-10-20,-0.28000000000000025
2023-10-23,-0.33000000000000007
2023-10-24,-0.3199999999999994
2023-10-25,-0.34999999999999964
2023-10-26,-0.3799999999999999
2023-10-27,-0.41000000000000014
2023-10-30,-0.3799999999999999
2023-10-31,-0.4400000000000004
2023-11-01,-0.41999999999999993
2023-11-02,-0.4300000000000006
2023-11-03,-0.4500000000000002
2023-11-06,-0.47999999999999954
2023-11-07,-0.46999999999999975
2023-11-08,-0.45999999999999996
2023-11-09,-0.45999999999999996
2023-11-10,-0.4800000000000004
2023-11-14,-0.41000000000000014
2023-11-15,-0.39000000000000057
2023-11-16,-0.3799999999999999
2023-11-17,-0.41000000000000014
2023-11-20,-0.47999999999999954
2023-11-21,-0.47000000000000064
2023-11-22,-0.4899999999999993
2023-11-24,-0.46999999999999975
2023-11-27,-0.4399999999999995
2023-11-28,-0.4400000000000004
2023-11-29,-0.46999999999999975
2023-11-30,-0.5300000000000002
2023-12-01,-0.4899999999999993
2023-12-04,-0.5199999999999996
2023-12-05,-0.5
2023-12-06,-0.5299999999999994
2023-12-07,-0.5300000000000002
2023-12-08,-0.5599999999999996
2023-12-11,-0.5199999999999996
2023-12-12,-0.5100000000000007
2023-12-13,-0.48999999999999977
2023-12-14,-0.45999999999999996
2023-12-15,-0.5000000000000004
2023-12-18,-0.4399999999999995
2023-12-19,-0.41999999999999993
2023-12-20,-0.4299999999999997
2023-12-21,-0.3900000000000001
2023-12-22,-0.3199999999999994
2023-12-27,-0.29000000000000004
2023-12-28,-0.33999999999999986
2023-12-29,-0.35000000000000053
2024-01-02,-0.3700000000000001
2024-01-03,-0.3700000000000001
2024-01-04,-0.33999999999999986
2024-01-05,-0.34000000000000075
2024-01-08,-0.33000000000000007
2024-01-09,-0.35000000000000053
2024-01-10,-0.33000000000000007
2024-01-11,-0.2699999999999996
2024-01-12,-0.34999999999999964
2024-01-16,-0.3099999999999996
2024-01-17,-0.2999999999999998
2024-01-18,-0.29000000000000004
2024-01-19,-0.2999999999999998
2024-01-22,-0.2999999999999998
2024-01-23,-0.25
2024-01-24,-0.3200000000000003
2024-01-25,-0.27000000000000046
2024-01-26,-0.28000000000000025
2024-01-29,-0.27000000000000046
2024-01-30,-0.3200000000000003
2024-01-31,-0.2699999999999996
2024-02-01,-0.27
2024-02-02,-0.3000000000000007
2024-02-05,-0.3099999999999996
2024-02-06,-0.3199999999999994
2024-02-07,-0.29000000000000004
2024-02-08,-0.2699999999999996
2024-02-09,-0.28000000000000025
2024-02-12,-0.21999999999999975
2024-02-13,-0.29000000000000004
2024-02-14,-0.3099999999999996
2024-02-15,-0.3199999999999994
2024-02-16,-0.34999999999999964
2024-02-20,-0.4299999999999997
2024-02-21,-0.45999999999999996
2024-02-22,-0.47000000000000064
2024-02-23,-0.5
2024-02-26,-0.4900000000000002
2024-02-27,-0.46999999999999975
2024-02-28,-0.4499999999999993
2024-02-29,-0.45999999999999996
2024-03-01,-0.4400000000000004
2024-03-04,-0.4800000000000004
2024-03-05,-0.5
2024-03-06,-0.47999999999999954
2024-03-07,-0.41999999999999993
2024-03-08,-0.4500000000000002
2024-03-11,-0.4500000000000002
2024-03-12,-0.46999999999999975
2024-03-13,-0.47000000000000064
2024-03-14,-0.45999999999999996
2024-03-15,-0.46999999999999975
2024-03-18,-0.4400000000000004
2024-03-19,-0.5
2024-03-20,-0.46999999999999975
2024-03-21,-0.46999999999999975
2024-03-22,-0.4900000000000002
2024-03-25,-0.41000000000000014
2024-03-26,-0.39999999999999947
2024-03-27,-0.41000000000000014
2024-03-28,-0.41999999999999993
2024-04-01,-0.4500000000000002
2024-04-02,-0.45999999999999996
2024-04-03,-0.45999999999999996
2024-04-04,-0.45999999999999996
2024-04-05,-0.5200000000000005
2024-04-08,-0.5499999999999998
2024-04-09,-0.54
2024-04-10,-0.6200000000000001
2024-04-11,-0.6899999999999995
2024-04-12,-0.71
2024-04-15,-0.6999999999999993
2024-04-16,-0.7599999999999998
2024-04-17,-0.7399999999999993
2024-04-18,-0.7400000000000002
2024-04-19,-0.7299999999999995
2024-04-22,-0.7199999999999998
2024-04-23,-0.6000000000000005
2024-04-24,-0.6200000000000001
2024-04-25,-0.6200000000000001
2024-04-26,-0.6299999999999999
2024-04-29,-0.6699999999999999
2024-04-30,-0.7000000000000002
2024-05-01,-0.6600000000000001
2024-05-02,-0.6299999999999999
2024-05-03,-0.6499999999999995
2024-05-06,-0.6699999999999999
2024-05-07,-0.6699999999999999
2024-05-08,-0.6499999999999995
2024-05-09,-0.5999999999999996
2024-05-10,-0.5800000000000001
2024-05-13,-0.5599999999999996
2024-05-14,-0.54
2024-05-15,-0.5500000000000007
2024-05-16,-0.5899999999999999
2024-05-17,-0.5999999999999996
2024-05-21,-0.6600000000000001
2024-05-22,-0.6699999999999999
2024-05-23,-0.7000000000000002
2024-05-24,-0.6899999999999995
2024-05-28,-0.6600000000000001
2024-05-29,-0.6500000000000004
2024-05-30,-0.6600000000000001
2024-05-31,-0.7199999999999998
2024-06-03,-0.71
2024-06-04,-0.7199999999999998
2024-06-05,-0.7899999999999996
2024-06-06,-0.7899999999999996
2024-06-07,-0.8799999999999999
2024-06-10,-0.8799999999999999
2024-06-11,-0.8399999999999994
2024-06-12,-0.8399999999999999
2024-06-13,-0.8199999999999998
2024-06-14,-0.8399999999999999
2024-06-17,-0.8799999999999999
2024-06-18,-0.8700000000000006
2024-06-20,-0.81
2024-06-21,-0.8000000000000003
2024-06-24,-0.7999999999999998
2024-06-25,-0.6800000000000002
2024-06-26,-0.6699999999999999
2024-06-27,-0.6800000000000006
2024-06-28,-0.7199999999999998
2024-07-02,-0.6900000000000004
2024-07-03,-0.6799999999999997
2024-07-05,-0.6599999999999997
2024-07-08,-0.69
2024-07-09,-0.69
2024-07-10,-0.7000000000000002
2024-07-11,-0.6499999999999999
2024-07-12,-0.6300000000000003
2024-07-15,-0.6400000000000006
2024-07-16,-0.6599999999999997
2024-07-17,-0.6299999999999999
2024-07-18,-0.7599999999999998
2024-07-19,-0.77
2024-07-22,-0.7599999999999998
2024-07-23,-0.7000000000000002
2024-07-24,-0.7400000000000002
2024-07-25,-0.7800000000000002
2024-07-26,-0.7600000000000002
2024-07-29,-0.7900000000000005
2024-07-30,-0.8499999999999996
2024-07-31,-0.8300000000000001
2024-08-01,-0.8000000000000003
2024-08-02,-0.6999999999999997
2024-08-06,-0.7200000000000002
2024-08-07,-0.69
2024-08-08,-0.69
2024-08-09,-0.7199999999999998
2024-08-12,-0.71
2024-08-13,-0.69
2024-08-14,-0.71
2024-08-15,-0.77
2024-08-16,-0.7499999999999996
2024-08-19,-0.7299999999999995
2024-08-20,-0.7200000000000002
2024-08-21,-0.6699999999999999
2024-08-22,-0.6900000000000004
2024-08-23,-0.6699999999999999
2024-08-26,-0.6600000000000001
2024-08-27,-0.5899999999999999
2024-08-28,-0.56
2024-08-29,-0.56
2024-08-30,-0.5800000000000001
2024-09-03,-0.6299999999999999
2024-09-04,-0.6099999999999999
2024-09-05,-0.6200000000000001
2024-09-06,-0.6100000000000003
2024-09-09,-0.6600000000000001
2024-09-10,-0.6099999999999999
2024-09-11,-0.6000000000000001
2024-09-12,-0.6400000000000001
2024-09-13,-0.6299999999999999
2024-09-16,-0.6800000000000002
2024-09-17,-0.6699999999999999
2024-09-18,-0.6799999999999997
2024-09-19,-0.69
2024-09-20,-0.6299999999999999
2024-09-23,-0.6599999999999997
2024-09-24,-0.5900000000000003
2024-09-25,-0.5799999999999996
2024-09-26,-0.6299999999999999
2024-09-27,-0.6399999999999997
2024-10-01,-0.6799999999999997
2024-10-02,-0.6499999999999999
2024-10-03,-0.6500000000000004
2024-10-04,-0.71
2024-10-07,-0.7100000000000004
2024-10-08,-0.71
2024-10-09,-0.7400000000000002
2024-10-10,-0.79
2024-10-11,-0.8800000000000003
2024-10-15,-0.9400000000000004
2024-10-16,-0.96
2024-10-17,-0.9500000000000002
2024-10-18,-0.98
2024-10-21,-0.9899999999999998
2024-10-22,-1.0100000000000002
2024-10-23,-1.0200000000000005
2024-10-24,-1.0000000000000004
2024-10-25,-1.0200000000000005
2024-10-28,-1.0300000000000002
2024-10-29,-1.0300000000000002
2024-10-30,-1.0600000000000005
2024-10-31,-1.0900000000000003
2024-11-01,-1.12
2024-11-04,-1.08
2024-11-05,-1.0500000000000003
2024-11-06,-1.1099999999999994
2024-11-07,-1.1400000000000001
2024-11-08,-1.1799999999999997
2024-11-12,-1.17
2024-11-13,-1.0999999999999996
2024-11-14,-1.1599999999999997
2024-11-15,-1.1599999999999997
2024-11-18,-1.13
2024-11-19,-1.0599999999999996
2024-11-20,-1.0399999999999996
2024-11-21,-0.9499999999999997
2024-11-22,-1.0
2024-11-25,-0.9500000000000002
2024-11-26,-0.98
2024-11-27,-0.9900000000000002
2024-11-29,-1.1099999999999999
2024-12-02,-1.13
2024-12-03,-1.1
2024-12-04,-1.12
2024-12-05,-1.1200000000000006
2024-12-06,-1.2099999999999995
2024-12-09,-1.2199999999999998
2024-12-10,-1.2600000000000002
2024-12-11,-1.2100000000000004
2024-12-12,-1.1999999999999997
2024-12-13,-1.2400000000000002
2024-12-16,-1.2400000000000002
2024-12-17,-1.25
2024-12-18,-1.2999999999999998
2024-12-19,-1.2400000000000002
2024-12-20,-1.25
2024-12-23,-1.27
2024-12-24,-1.2600000000000002
2024-12-27,-1.3099999999999996
2024-12-30,-1.2800000000000002
2024-12-31,-1.3199999999999998
2025-01-02,-1.3199999999999998
2025-01-03,-1.35
2025-01-06,-1.37
2025-01-07,-1.3599999999999999
2025-01-08,-1.3400000000000003
2025-01-09,-1.3299999999999996
2025-01-10,-1.3300000000000005
2025-01-13,-1.2600000000000002
2025-01-14,-1.2200000000000002
2025-01-15,-1.2399999999999998
2025-01-16,-1.2800000000000002
2025-01-17,-1.3399999999999994
2025-01-21,-1.37
2025-01-22,-1.33
2025-01-23,-1.3399999999999999
2025-01-24,-1.3599999999999994
2025-01-27,-1.31
2025-01-28,-1.3600000000000003
2025-01-29,-1.42
2025-01-30,-1.4499999999999997
2025-01-31,-1.5599999999999996
2025-02-03,-1.6999999999999997
2025-02-04,-1.6
2025-02-05,-1.58
2025-02-06,-1.62
2025-02-07,-1.6
2025-02-10,-1.62
2025-02-11,-1.5899999999999999
2025-02-12,-1.5900000000000003
2025-02-13,-1.5799999999999996
2025-02-14,-1.5399999999999996
2025-02-18,-1.4900000000000002
2025-02-19,-1.4800000000000004
2025-02-20,-1.4600000000000004
2025-02-21,-1.4600000000000004
2025-02-24,-1.44
2025-02-25,-1.4300000000000002
2025-02-26,-1.4
2025-02-27,-1.4400000000000004
2025-02-28,-1.4200000000000004
2025-03-03,-1.5
2025-03-04,-1.5
2025-03-05,-1.4500000000000002
2025-03-06,-1.33
2025-03-07,-1.4000000000000004
2025-03-10,-1.3600000000000003
2025-03-11,-1.4100000000000001
2025-03-12,-1.4299999999999997
2025-03-13,-1.38
2025-03-14,-1.4499999999999997
2025-03-17,-1.5099999999999998
2025-03-18,-1.5
2025-03-19,-1.4800000000000004
2025-03-20,-1.4200000000000004
2025-03-21,-1.4300000000000002
2025-03-24,-1.5
2025-03-25,-1.4
2025-03-26,-1.37
2025-03-27,-1.4200000000000004
2025-03-28,-1.4
2025-03-31,-1.4300000000000002
2025-04-01,-1.44
2025-04-02,-1.4700000000000002
2025-04-03,-1.31
2025-04-04,-1.31
2025-04-07,-1.27
2025-04-08,-1.2599999999999998
2025-04-09,-1.29
2025-04-10,-1.2199999999999998
2025-04-11,-1.2799999999999998
2025-04-14,-1.2599999999999998
2025-04-15,-1.31
2025-04-16,-1.25
2025-04-17,-1.29
2025-04-21,-1.2000000000000002
2025-04-22,-1.2199999999999998
2025-04-23,-1.19
2025-04-24,-1.1800000000000002
2025-04-25,-1.1500000000000004
2025-04-28,-1.1099999999999999
2025-04-29,-1.1099999999999999
2025-04-30,-1.13
2025-05-01,-1.2000000000000002
2025-05-02,-1.29
2025-05-05,-1.2800000000000002
2025-05-06,-1.25
2025-05-07,-1.27
2025-05-08,-1.3199999999999998
2025-05-09,-1.3599999999999999
2025-05-12,-1.3900000000000001
2025-05-13,-1.4299999999999997
2025-05-14,-1.46
2025-05-15,-1.4300000000000002
2025-05-16,-1.4500000000000002
2025-05-20,-1.3400000000000003
2025-05-21,-1.2999999999999998
2025-05-22,-1.2999999999999998
2025-05-23,-1.31
2025-05-27,-1.2799999999999998
2025-05-28,-1.3399999999999999
2025-05-29,-1.3199999999999998
2025-05-30,-1.3000000000000003
2025-06-02,-1.3599999999999999
2025-06-03,-1.35
2025-06-04,-1.2800000000000002
2025-06-05,-1.2999999999999998
2025-06-06,-1.35
2025-06-09,-1.3099999999999996
2025-06-10,-1.3199999999999998
2025-06-11,-1.27
2025-06-12,-1.2199999999999998
2025-06-13,-1.25
2025-06-16,-1.25
2025-06-17,-1.2399999999999998
2025-06-18,-1.2599999999999998
2025-06-20,-1.2599999999999998
2025-06-23,-1.23
2025-06-24,-1.1400000000000001
2025-06-25,-1.0900000000000003
2025-06-26,-1.08
2025-06-27,-1.13
2025-06-30,-1.1300000000000003
2025-07-02,-1.1199999999999997
2025-07-03,-1.19
2025-07-07,-1.21
2025-07-08,-1.1999999999999997
2025-07-09,-1.1999999999999997
2025-07-10,-1.17
2025-07-11,-1.1599999999999997
2025-07-14,-1.1400000000000001
2025-07-15,-1.12
2025-07-16,-1.0699999999999998
2025-07-17,-1.1
2025-07-18,-1.06
2025-07-21,-1.06
2025-07-22,-1.0500000000000003
2025-07-23,-1.06
2025-07-24,-1.08
2025-07-25,-1.1
2025-07-28,-1.1
2025-07-29,-1.0899999999999999
2025-07-30,-1.15
2025-07-31,-1.1800000000000002
2025-08-01,-1.0
2025-08-05,-1.0300000000000002
2025-08-06,-1.0
2025-08-07,-1.0300000000000002
2025-08-08,-1.0999999999999996
2025-08-11,-1.0799999999999996
2025-08-12,-1.02
2025-08-13,-0.9899999999999998
2025-08-14,-1.0500000000000003
2025-08-15,-1.0299999999999998
2025-08-18,-1.0299999999999998
2025-08-19,-1.0499999999999998
2025-08-20,-1.0500000000000003
2025-08-21,-1.06
2025-08-22,-0.9900000000000002
2025-08-25,-1.0099999999999998
2025-08-26,-0.9199999999999999
2025-08-27,-0.8999999999999999
2025-08-28,-0.9300000000000002
2025-08-29,-0.9499999999999997
2025-09-02,-1.0
2025-09-03,-0.9899999999999998
2025-09-04,-0.9699999999999998
2025-09-05,-0.9699999999999998
2025-09-08,-0.9900000000000002
2025-09-09,-1.02
2025-09-10,-1.04
2025-09-11,-1.02
2025-09-12,-1.06
2025-09-15,-1.0499999999999998
2025-09-16,-1.0499999999999998
2025-09-17,-1.0299999999999998
2025-09-18,-1.0899999999999999
2025-09-19,-1.1099999999999999
2025-09-22,-1.1599999999999997
2025-09-23,-1.0799999999999996
2025-09-24,-1.1199999999999997
2025-09-25,-1.15
2025-09-26,-1.13
2025-09-29,-1.1599999999999997
2025-10-01,-1.0899999999999999
2025-10-02,-1.0999999999999996
2025-10-03,-1.13
2025-10-06,-1.13
2025-10-07,-1.1199999999999997
2025-10-08,-1.12
2025-10-09,-1.13
2025-10-10,-1.0499999999999998
2025-10-14,-1.0499999999999998
2025-10-15,-1.08
2025-10-16,-1.0300000000000002
2025-10-17,-1.0899999999999999
2025-10-20,-1.1
2025-10-21,-1.06
2025-10-22,-1.0700000000000003
2025-10-23,-1.0899999999999999
2025-10-24,-1.1099999999999999
2025-10-27,-1.12
2025-10-28,-1.1100000000000003
2025-10-29,-1.1599999999999997
2025-10-30,-1.19
2025-10-31,-1.2000000000000002
2025-11-03,-1.1800000000000002
2025-11-04,-1.15
2025-11-05,-1.21
2025-11-06,-1.1799999999999997
2025-11-07,-1.1099999999999999
2025-11-10,-1.13
2025-11-12,-1.1099999999999999
2025-11-13,-1.1099999999999999
2025-11-14,-1.1400000000000001
2025-11-17,-1.1099999999999999
2025-11-18,-1.0899999999999999
2025-11-19,-1.0899999999999999
2025-11-20,-1.0799999999999996
2025-11-21,-1.0699999999999998
2025-11-24,-1.0299999999999998
2025-11-25,-1.0300000000000002
2025-11-26,-1.0500000000000003
2025-11-28,-1.06
2025-12-01,-1.06
2025-12-02,-1.0499999999999998
2025-12-03,-1.06
2025-12-04,-1.06
2025-12-05,-0.9199999999999999
2025-12-08,-0.9299999999999997
2025-12-09,-0.9199999999999999
2025-12-10,-0.9100000000000001
2025-12-11,-0.8999999999999999
2025-12-12,-0.8999999999999999
2025-12-15,-0.9299999999999997
2025-12-16,-0.8999999999999999
2025-12-17,-0.8900000000000001
2025-12-18,-0.8700000000000001
2025-12-19,-0.8700000000000001
2025-12-22,-0.8399999999999999
2025-12-23,-0.9100000000000001
2025-12-24,-0.9000000000000004
2025-12-29,-0.8900000000000001
2025-12-30,-0.8700000000000001
2025-12-31,-0.8900000000000001
2026-01-02,-0.8600000000000003
2026-01-05,-0.8900000000000001
2026-01-06,-0.8800000000000003
2026-01-07,-0.9100000000000001
2026-01-08,-0.9200000000000004
2026-01-09,-0.9900000000000002
2026-01-12,-0.98
2026-01-13,-0.98
2026-01-14,-0.98
2026-01-15,-1.0300000000000002
2026-01-16,-1.0499999999999998
2026-01-20,-1.0500000000000003
2026-01-21,-1.04
2026-01-22,-1.0499999999999998
2026-01-23,-1.0
2026-01-26,-0.9900000000000002
2026-01-27,-0.9499999999999997
2026-01-28,-0.98
2026-01-29,-0.96
2026-01-30,-0.96
2026-02-02,-1.0
2026-02-03,-0.9899999999999998
2026-02-04,-0.9899999999999998
2026-02-05,-0.9200000000000004
2026-02-06,-0.9500000000000002
2026-02-09,-0.94
2026-02-10,-0.9200000000000004
2026-02-11,-1.0
2026-02-12,-0.98
2026-02-13,-0.9299999999999997
2026-02-17,-0.98
2026-02-18,-1.0300000000000002
2026-02-19,-1.0300000000000002
2026-02-20,-1.04
2026-02-23,-1.0
2026-02-24,-0.9900000000000002
2026-02-25,-0.9900000000000002
2026-02-26,-0.9899999999999998
2026-02-27,-0.9899999999999998
2026-03-02,-0.98
2026-03-03,-1.0
2026-03-04,-1.02
2026-03-05,-0.9899999999999998
2026-03-06,-0.9300000000000002
2026-03-09,-0.9300000000000002
2026-03-10,-0.9199999999999999
2026-03-11,-0.9199999999999999
2026-03-12,-0.94
2026-03-13,-0.94
2026-03-16,-0.9700000000000002
2026-03-17,-1.0100000000000002
2026-03-18,-1.0099999999999998
2026-03-19,-0.9500000000000002
2026-03-20,-0.81
2026-03-23,-0.8799999999999999
2026-03-24,-0.9099999999999997
2026-03-25,-0.9499999999999997
2026-03-26,-0.98
2026-03-27,-0.9299999999999997
2026-03-30,-0.94
2026-03-31,-0.9700000000000002
2026-04-01,-0.9900000000000002
2026-04-02,-0.9700000000000002
2026-04-06,-1.0099999999999998
2026-04-07,-0.9500000000000002
2026-04-08,-1.0
2026-04-09,-0.9899999999999998
2026-04-10,-1.0300000000000002
2026-04-13,-0.9899999999999998
2026-04-14,-1.0
2026-04-15,-0.9699999999999998
2026-04-16,-0.98
2026-04-17,-0.94
2026-04-20,-0.9600000000000004
2026-04-21,-0.94
2026-04-22,-0.96
2026-04-23,-0.98
2026-04-24,-0.96
2026-04-27,-0.9499999999999997
2026-04-28,-0.96
2026-04-29,-0.8900000000000001
2026-04-30,-0.9199999999999999
2026-05-01,-0.94
2026-05-04,-0.9000000000000004
2026-05-05,-0.9200000000000004
2026-05-06,-0.96
2026-05-07,-0.98
2026-05-08,-1.04
2026-05-11,-1.02
2026-05-12,-1.0299999999999998
2026-05-13,-1.02
2026-05-14,-1.04
2026-05-15,-1.02
2026-05-19,-1.0899999999999999
2026-05-20,-1.1099999999999999
2026-05-21,-1.17
2026-05-22,-1.21
2026-05-26,-1.17
2026-05-27,-1.1400000000000001
2026-05-28,-1.1500000000000004
2026-05-29,-1.21
2026-06-01,-1.2399999999999998
2026-06-02,-1.25
2026-06-03,-1.27
2026-06-04,-1.25
2026-06-05,-1.2999999999999998
2026-06-08,-1.2800000000000002
2026-06-09,-1.2799999999999998
2026-06-10,-1.2999999999999998
2026-06-11,-1.2799999999999998
