date,Meat,"Fish, seafood and other marine products",Dairy products and eggs,Bakery and cereal products (excluding baby food),"Fruit, fruit preparations and nuts",Vegetables and vegetable preparations,Other food products and non-alcoholic beverages,Food purchased from table-service restaurants,Food purchased from fast food and take-out restaurants,Food purchased from cafeterias and other restaurants,Rent,Tenants' insurance premiums,"Tenants' maintenance, repairs and other expenses",Mortgage interest cost,Homeowners' replacement cost,Property taxes and other special charges,Homeowners' home and mortgage insurance,Homeowners' maintenance and repairs,Other owned accommodation expenses,Electricity,Water,Natural gas,Fuel oil and other fuels,Communications,Child care and housekeeping services,Household cleaning products,"Paper, plastic and aluminum foil supplies",Other household goods and services,Furniture and household textiles,Household equipment,Services related to household furnishings and equipment,Women's clothing,Men's clothing,Children's clothing,Women's footwear (excluding athletic),Men's footwear (excluding athletic),Children's footwear (excluding athletic),Athletic footwear,Clothing accessories (2013=100),Watches,Jewellery,"Purchase, leasing and rental of passenger vehicles",Operation of passenger vehicles,Local and commuter transportation,Inter-city transportation,Health care goods,Health care services,Personal care supplies and equipment,Personal care services,Recreational equipment and services (excluding recreational vehicles),Purchase and operation of recreational vehicles,"Home entertainment equipment, parts and services",Travel services,Other cultural and recreational services,Education,Reading material (excluding textbooks),Alcoholic beverages served in licensed establishments,Alcoholic beverages purchased from stores,Cigarettes,Other tobacco products and smokers' supplies
1976-08-01,,,,,,43.4,,,,,25.6,22.2,34.5,43.0,,,,18.0,,12.3,30.6,,,,,,,,,,40.1,30.7,36.0,39.1,38.6,27.3,25.7,35.1,,25.7,21.9,21.5,18.8,49.1,36.8,33.3,,,36.7,,34.9,,14.2,28.4,,,22.8,,,
1976-09-01,,,,,,43.6,,,,,26.3,22.2,34.8,43.0,,,,18.0,,12.3,30.6,,,,,,,,,,40.3,30.7,36.3,39.5,38.9,27.3,25.7,35.5,,25.7,22.4,21.5,20.8,50.5,37.1,33.6,,,37.1,,34.5,,14.3,28.4,,,23.2,,,
1976-10-01,,,,,,44.0,,,,,26.4,22.2,35.0,43.5,,,,18.3,,12.3,30.6,,,,,,,,,,40.5,30.7,36.5,40.0,39.3,30.8,25.7,35.6,,25.7,22.6,22.2,20.8,50.6,37.4,33.7,,,37.4,,34.3,,14.0,28.4,,,23.2,,,
1976-11-01,,,,,,44.2,,,,,26.7,22.5,35.5,43.6,,,,18.3,,12.3,30.6,,,,,,,,,,40.8,31.1,36.8,40.3,39.5,30.8,26.4,35.9,,25.6,22.6,22.3,20.8,50.6,37.1,33.7,,,37.5,,34.2,,13.8,29.0,,,23.2,,,
1976-12-01,,,,,,44.2,,,,,26.7,22.6,35.5,43.6,,,,18.3,,12.5,30.8,,,,,,,,,,40.9,31.1,37.4,40.8,39.7,30.8,26.4,36.3,,25.6,22.6,22.3,20.8,50.6,37.3,34.0,,,38.0,,34.1,,13.9,29.0,,,23.3,,,
1977-01-01,,,,,,44.2,,,,,26.7,22.6,35.5,43.9,,,,18.3,,12.5,30.9,,,,,,,,,,41.0,31.1,37.5,41.1,40.0,30.8,26.4,36.4,,27.8,22.6,22.6,20.8,50.6,37.6,34.0,,,37.5,,34.1,,14.1,29.0,,,23.4,,,
1977-02-01,,,,,,44.7,,,,,26.7,22.6,35.5,44.0,,,,18.3,,12.5,31.3,,,,,,,,,,41.3,31.4,37.7,41.5,40.1,30.8,26.8,36.6,,28.2,23.1,22.7,20.8,50.7,37.7,34.1,,,37.8,,34.2,,13.9,30.1,,,23.6,,,
1977-03-01,,,,,,45.2,,,,,27.2,22.9,36.0,44.2,,,,18.3,,12.7,31.5,,,,,,,,,,41.5,31.4,37.8,41.7,40.3,30.8,26.8,36.7,,29.2,23.1,23.4,22.0,52.4,38.0,34.4,,,38.5,,34.7,,14.2,30.1,,,23.6,,,
1977-04-01,,,,,,46.7,,,,,27.2,23.2,36.5,44.6,,,,18.3,,12.8,31.7,,,,,,,,,,41.6,31.4,37.9,41.9,40.5,30.8,26.8,36.8,,29.7,24.5,23.5,22.0,52.4,38.4,34.6,,,39.5,,34.5,,14.2,30.1,,,23.6,,,
1977-05-01,,,,,,47.2,,,,,27.2,23.2,36.9,45.1,,,,18.3,,12.8,31.9,,,,,,,,,,41.7,31.6,38.2,42.1,40.8,30.8,27.3,37.1,,29.7,24.5,23.7,22.1,52.6,38.6,34.7,,,39.9,,35.3,,14.3,31.0,,,23.6,,,
1977-06-01,,,,,,47.4,,,,,27.4,23.2,37.0,45.4,,,,18.6,,12.8,32.3,,,,,,,,,,41.9,31.6,39.4,42.5,41.8,30.8,27.3,38.1,,29.7,24.5,23.7,22.1,54.9,39.0,34.9,,,40.2,,35.4,,14.5,31.0,,,23.6,,,
1977-07-01,,,,,,47.4,,,,,27.3,23.4,37.4,45.6,,,,18.6,,13.1,32.5,,,,,,,,,,42.1,31.6,39.6,42.8,42.1,30.8,27.3,38.2,,29.9,24.7,23.7,22.1,54.9,39.5,35.0,,,39.2,,35.8,,14.9,31.0,,,23.7,,,
1977-08-01,,,,,,47.8,,,,,27.2,23.4,37.4,45.9,,,,18.6,,13.1,32.9,,,,,,,,,,42.6,32.2,39.9,43.1,42.4,30.8,28.6,38.7,,30.0,25.0,24.0,22.1,55.3,39.9,35.3,,,40.0,,36.2,,15.0,31.4,,,23.7,,,
1977-09-01,,,,,,48.1,,,,,27.6,23.4,37.3,46.2,,,,18.6,,13.2,32.8,,,,,,,,,,42.8,32.5,40.0,43.3,42.5,30.8,28.7,38.8,,30.0,25.0,24.1,23.5,55.3,40.3,35.3,,,40.9,,36.4,,15.0,31.4,,,23.7,,,
1977-10-01,,,,,,48.9,,,,,27.5,23.4,37.3,46.5,,,,19.6,,13.2,33.3,,,,,,,,,,43.1,32.5,40.1,43.6,42.8,34.0,28.8,38.8,,30.0,25.1,25.6,23.5,55.3,40.7,35.5,,,41.1,,36.2,,14.5,31.4,,,23.9,,,
1977-11-01,,,,,,48.9,,,,,27.7,23.4,37.4,46.7,,,,19.6,,13.2,33.5,,,,,,,,,,43.3,32.5,40.1,44.0,43.1,34.0,29.0,39.0,,30.0,25.1,25.8,23.5,55.3,40.9,35.6,,,41.1,,36.4,,14.7,32.0,,,23.9,,,
1977-12-01,,,,,,49.2,,,,,27.7,23.4,37.6,46.8,,,,19.6,,13.6,33.9,,,,,,,,,,43.3,32.5,40.4,44.3,43.2,34.0,29.0,39.2,,30.0,25.1,26.0,23.4,55.3,41.2,35.6,,,41.0,,36.7,,14.9,32.0,,,23.9,,,
1978-01-01,,,,,,48.9,,,,,27.6,23.8,37.6,47.1,,,,19.6,,13.6,33.9,,,,,,,,,,43.5,32.5,40.5,44.6,43.3,34.0,29.0,39.3,,31.1,26.1,26.0,23.4,55.2,41.6,35.9,,,40.6,,36.2,,15.0,32.0,,,24.1,,,
1978-02-01,,,,,,49.3,,,,,27.8,24.0,38.1,47.3,,,,19.6,,13.6,34.3,,,,,,,,,,43.8,32.5,40.7,44.9,43.6,34.0,29.0,39.3,,31.4,26.1,27.6,23.4,55.2,41.6,35.9,,,40.0,,36.2,,14.8,32.6,,,24.3,,,
1978-03-01,,,,,,49.6,,,,,28.2,24.0,38.3,47.6,,,,19.6,,13.8,34.4,,,,,,,,,,43.9,32.9,40.9,45.1,44.0,34.0,29.4,39.9,,31.8,26.1,27.9,25.3,55.2,41.9,36.5,,,41.3,,38.6,,14.8,32.6,,,24.3,,,
1978-04-01,,,,,,48.6,,,,,28.2,24.0,38.5,47.5,,,,19.6,,14.0,34.7,,,,,,,,,,43.9,33.3,40.8,45.5,43.7,34.0,29.7,39.5,,31.9,26.1,28.6,25.3,56.3,41.9,36.3,,,39.8,,38.2,,15.2,32.6,,,24.3,,,
1978-05-01,,,,,,48.3,,,,,28.2,24.2,39.0,47.8,,,,19.6,,14.5,34.9,,,,,,,,,,44.0,33.3,41.0,45.7,44.2,34.0,29.7,40.0,,31.9,26.1,28.6,25.3,56.4,42.0,36.2,,,40.4,,38.2,,15.2,33.3,,,24.4,,,
1978-06-01,,,,,,49.0,,,,,28.0,24.2,39.4,48.0,,,,19.8,,14.5,34.9,,,,,,,,,,44.2,33.3,42.1,46.0,44.9,34.0,29.7,40.7,,31.9,26.1,28.6,25.1,56.4,42.2,36.3,,,40.9,,39.3,,15.7,33.3,,,24.4,,,
1978-07-01,,,,,,49.3,,,,,28.1,24.2,39.6,48.1,,,,19.8,,14.5,35.4,,,,,,,,,,44.3,33.3,42.3,46.4,45.1,34.0,29.7,41.0,,32.0,26.1,28.6,25.1,56.4,42.7,36.6,,,40.5,,39.3,,15.7,33.3,,,24.5,,,
1978-08-01,,,,,,49.4,,,,,28.6,24.3,39.6,48.6,,,,19.8,,14.5,35.6,,,,,,,,,,44.8,33.1,42.5,46.7,45.4,34.0,30.4,41.2,,32.0,26.1,28.8,25.1,57.9,43.0,36.6,,,40.6,,39.4,,15.7,33.9,,,24.5,,,
1978-09-01,,,48.0,,,49.5,,,60.9,,28.9,24.9,39.6,48.7,31.7,,,19.8,29.2,14.5,35.6,,,46.1,37.3,42.5,,,,,45.0,33.1,42.9,46.8,45.9,34.0,30.4,41.5,,32.0,26.1,29.3,27.0,57.9,43.2,36.9,57.7,31.3,41.0,,40.9,,15.7,33.9,80.9,91.1,25.3,28.8,,
1978-10-01,,,48.9,,,50.3,,,62.2,,28.9,24.9,40.1,49.5,32.1,,,20.2,29.2,14.5,36.0,,,45.2,39.6,43.5,,,,,45.2,33.1,43.3,47.1,45.9,35.8,30.4,42.5,,32.1,27.1,29.3,27.0,58.6,43.6,37.5,58.5,31.3,42.3,,41.4,,14.7,33.9,82.8,92.3,25.3,28.8,,
1978-11-01,,,49.5,,,50.4,,,62.1,,29.0,25.2,40.1,49.8,32.4,,,20.2,29.2,14.5,36.3,,,43.3,40.9,43.4,,,,,45.2,33.1,43.3,47.4,45.9,35.8,30.5,42.7,,32.2,27.1,29.5,27.0,58.6,44.0,37.6,58.8,32.2,42.8,,41.4,,14.7,34.9,82.9,92.8,25.4,29.7,,
1978-12-01,,,49.6,,,50.8,,,61.8,,29.2,25.2,40.5,50.0,32.4,,,20.2,29.2,14.5,36.2,,,44.1,40.5,43.8,,,,,45.3,33.1,43.3,47.5,46.0,35.8,30.5,43.2,,32.2,27.1,29.8,26.9,58.6,44.3,37.9,59.4,32.2,43.3,,44.0,,14.7,34.9,82.4,93.4,25.6,29.7,,
1979-01-01,,,49.5,,,50.5,,,62.8,,29.2,25.4,40.7,50.5,32.5,,,20.2,29.2,14.5,38.5,,,44.1,44.9,44.5,,,,,45.4,33.3,44.0,47.9,46.0,35.8,30.5,43.2,,34.2,28.1,29.7,27.5,58.6,44.4,38.2,59.5,32.3,42.7,,44.0,,14.7,34.9,82.6,93.4,25.8,29.7,,
1979-02-01,,,49.5,,,51.3,,,63.5,,29.5,25.4,41.0,50.5,32.6,,,20.3,29.2,14.7,39.4,,,45.5,45.8,46.8,,,,,45.7,33.3,44.7,48.1,45.9,35.8,30.5,43.6,,34.5,28.2,29.8,27.5,58.8,44.4,38.3,59.6,32.3,43.3,,44.0,,14.7,35.6,82.8,93.4,26.3,29.9,,
1979-03-01,,,50.5,,,52.4,,,65.2,,29.5,26.5,41.1,50.9,32.6,,,20.4,29.5,14.9,39.8,,,47.3,48.7,49.2,,,,,45.9,33.4,44.6,48.3,45.9,35.8,30.5,44.0,,34.5,28.3,29.8,27.5,58.8,44.8,38.6,60.3,33.2,43.9,,48.7,,14.7,35.6,82.9,94.3,26.5,29.9,,
1979-04-01,,,51.4,,,52.5,,,64.4,,29.9,26.5,41.5,51.3,32.8,,,20.4,29.6,15.0,40.6,,,48.9,47.2,49.6,,,,,45.9,33.8,46.8,48.6,46.0,35.8,30.5,44.5,,34.5,28.4,29.7,27.5,60.3,45.1,38.9,60.3,33.2,44.8,,48.7,,13.7,35.6,82.8,94.2,26.5,30.1,,
1979-05-01,,,51.3,,,53.0,,,63.3,,30.1,26.9,42.4,51.6,34.1,,,20.4,31.5,15.1,40.8,,,50.1,45.7,49.3,,,,,46.0,34.3,46.8,48.6,46.0,35.8,30.9,44.9,,34.5,28.4,29.8,27.5,60.2,45.6,39.3,61.1,33.3,45.0,,48.7,,16.7,36.2,85.8,94.2,26.5,31.0,,
1979-06-01,,,51.8,,,53.4,,,65.4,,30.1,26.9,42.5,52.0,35.1,,,20.5,31.5,15.1,40.9,,,52.3,47.5,48.0,,,,,46.1,34.6,46.8,48.8,46.6,35.8,31.3,45.7,,34.6,28.4,29.8,27.9,60.2,45.9,39.9,61.2,33.4,45.6,,51.8,,16.7,36.3,85.8,94.4,26.5,31.0,,
1979-07-01,,,51.9,,,53.3,,,66.2,,30.4,27.0,42.8,52.2,35.3,,,20.5,31.5,15.1,41.3,,,55.2,52.4,48.4,,,,,46.2,34.7,47.5,48.9,46.8,35.8,31.3,45.9,,34.6,28.4,29.9,27.9,60.2,46.3,40.8,61.2,34.1,45.3,,51.8,,16.9,36.3,85.8,94.5,27.0,31.0,,
1979-08-01,,,52.1,,,54.0,,,66.3,,30.7,27.0,43.1,52.6,35.6,,,20.6,31.5,15.1,41.8,,,56.3,44.5,47.8,,,,,46.7,34.8,48.4,49.0,46.8,35.8,31.5,46.4,,34.6,28.5,29.9,27.9,60.2,46.9,41.5,61.6,34.1,47.2,,51.8,,16.9,37.2,86.2,94.5,27.6,32.0,,
1979-09-01,,,52.8,,,54.6,,,68.4,,31.6,29.9,43.8,53.1,35.7,,,20.8,31.7,15.2,42.2,,,54.3,38.3,49.0,,,,,46.9,34.9,48.4,49.3,47.1,35.8,31.7,46.7,,34.8,28.7,30.4,30.3,60.2,47.4,42.1,62.3,34.2,48.0,,61.6,,16.1,37.2,86.5,95.3,28.1,32.0,,
1979-10-01,,,52.9,,,55.5,,,67.2,,31.7,29.9,43.9,53.7,35.7,,,21.3,31.7,15.2,42.6,,,51.8,41.3,49.2,,,,,47.1,35.4,48.4,49.6,47.5,37.2,31.9,47.0,,34.8,29.4,31.1,30.3,60.2,47.9,42.6,62.3,34.2,48.7,,61.6,,16.8,37.2,87.6,95.3,28.2,32.0,,
1979-11-01,,,54.0,,,56.2,,,68.4,,32.2,30.0,44.8,54.0,35.9,,,21.4,31.7,15.2,42.6,,,50.7,41.3,48.6,,,,,47.2,35.4,48.4,49.9,47.6,37.2,32.0,47.3,,34.9,29.4,31.1,30.7,60.2,48.4,43.1,63.1,35.3,49.6,,61.6,,17.1,38.2,87.6,95.8,28.9,32.5,,
1979-12-01,,,54.5,,,56.3,,,68.6,,32.6,30.0,45.1,54.2,36.0,,,21.4,31.7,15.2,43.6,,,50.3,44.2,49.5,,,,,47.3,36.1,48.4,50.5,47.9,37.2,32.3,46.9,,34.9,29.4,31.4,31.1,59.1,49.2,43.7,63.4,35.3,49.8,,72.7,,17.3,38.2,86.8,96.6,29.1,32.5,,
1980-01-01,,,54.6,,,56.3,,,68.8,,32.8,30.2,45.3,54.6,36.1,,,21.4,32.0,15.6,44.0,,,48.9,43.0,49.8,,,,,47.4,36.3,48.4,50.9,48.1,37.2,32.4,46.8,,37.2,29.8,31.6,31.1,60.2,49.9,44.0,63.5,35.4,49.6,,72.7,,16.9,38.2,87.2,96.6,29.2,32.6,,
1980-02-01,,,54.7,,,56.8,,,70.9,,32.8,30.3,46.0,55.1,36.1,,,21.5,32.6,15.6,44.1,,,50.7,42.8,50.5,,,,,47.7,36.3,50.6,51.3,48.4,37.2,32.5,47.3,,37.6,29.8,31.9,31.2,60.2,50.1,44.1,63.8,35.4,50.2,,72.7,,17.2,39.1,87.6,96.6,29.2,33.2,,
1980-03-01,,,55.5,,,57.8,,,73.5,,33.3,30.5,47.0,55.0,36.1,,,21.5,32.6,15.8,44.6,,,50.5,43.0,50.2,,,,,47.8,36.5,51.9,51.8,48.8,37.2,32.8,47.6,,37.3,29.8,31.9,32.9,60.1,51.2,45.2,64.4,37.0,51.8,,99.8,,18.3,39.1,87.7,97.9,29.5,33.2,,
1980-04-01,,,55.0,,,58.2,,,73.6,,33.9,29.1,47.1,55.5,36.4,,,21.5,32.8,16.0,45.4,,,53.2,45.4,49.1,,,,,47.9,37.0,51.9,52.5,49.3,37.2,33.2,47.8,,37.7,29.8,32.5,32.9,60.1,51.7,45.4,64.4,37.1,52.1,,99.8,,18.5,39.1,87.4,97.9,29.7,33.2,,
1980-05-01,,,55.7,,,58.3,,,73.9,,34.1,29.3,47.8,56.0,39.4,,,21.5,34.6,16.2,45.9,,,53.3,49.8,48.3,,,,,48.0,36.5,52.2,53.4,49.6,37.2,33.0,48.3,,37.7,30.0,32.5,32.9,60.1,52.3,46.0,65.4,37.1,52.8,,99.8,,18.9,40.5,92.0,97.9,29.8,34.6,,
1980-06-01,,,56.4,,,58.6,,,74.6,,34.2,29.3,48.3,56.4,39.6,,,21.5,35.5,16.5,46.5,,,55.9,53.0,49.3,,,,,48.2,37.1,52.2,53.8,50.0,37.2,33.4,48.9,,37.7,30.0,32.6,33.2,60.2,52.9,47.1,66.1,37.1,53.5,,97.0,,21.0,40.5,92.0,98.5,29.8,34.6,,
1980-07-01,,,56.9,,,58.6,,,76.6,,34.7,29.4,48.7,57.0,39.8,,,21.6,35.6,16.5,46.6,,,58.3,55.3,49.0,,,,,48.3,37.5,53.7,54.3,50.4,37.2,33.7,49.4,,38.1,30.3,32.6,33.8,60.2,54.0,47.2,66.3,37.9,53.2,,97.0,,21.2,40.5,92.5,98.7,30.2,34.6,,
1980-08-01,,,57.0,,,59.2,,,76.8,,34.8,29.5,49.0,57.8,39.9,,,21.9,35.6,16.5,47.4,,,60.0,54.9,50.6,,,,,49.1,38.3,55.9,54.6,50.7,37.2,34.0,50.3,,38.1,30.3,32.8,34.5,60.2,54.8,47.7,67.0,37.9,53.5,,97.0,,21.3,42.2,94.0,98.7,31.7,35.5,,
1980-09-01,,,57.6,,,59.3,,,76.4,,35.0,29.6,50.5,58.2,39.9,,,21.9,35.6,16.7,49.5,,,57.5,49.3,53.6,,,,,49.3,38.5,55.9,55.2,51.2,37.2,34.3,50.3,,38.1,30.7,33.3,34.5,63.7,55.4,48.2,67.9,37.9,54.9,,101.2,,20.8,42.2,94.0,98.7,31.9,35.5,,
1980-10-01,,,57.5,,,60.7,,,76.8,,36.4,29.6,50.9,58.8,40.1,,,23.3,36.0,16.7,49.6,,,54.1,51.2,54.2,,,,,49.6,39.1,55.9,55.7,51.4,37.2,34.4,50.4,,38.2,31.5,36.0,37.7,63.7,55.3,48.7,67.9,38.0,55.0,,101.2,,21.2,42.2,96.3,98.7,31.9,35.5,,
1980-11-01,,,57.1,,,60.9,,,77.7,,37.1,29.7,51.2,59.3,40.4,,,23.5,36.0,17.1,51.1,,,52.6,51.5,55.1,,,,,49.8,39.6,55.9,56.4,51.9,37.7,34.4,50.2,,38.2,31.5,37.6,39.0,63.7,56.8,49.6,68.0,39.2,55.7,,101.2,,20.9,42.6,96.1,98.7,32.4,36.1,,
1980-12-01,,,57.4,,,60.9,,,78.7,,37.2,29.7,51.9,59.3,40.4,,,23.5,36.5,17.3,51.7,,,53.0,55.1,55.3,,,,,49.9,40.0,58.8,57.0,52.4,37.7,34.8,50.6,,38.3,31.5,39.2,39.0,64.0,57.5,49.9,68.5,39.2,56.0,,105.4,,21.2,42.6,95.2,99.2,32.5,36.1,,
1981-01-01,,,57.8,,,61.1,,,78.9,,39.3,31.0,52.2,59.9,40.8,,,23.5,36.2,17.3,52.6,,,51.0,56.9,56.0,,,,,50.0,40.1,59.9,57.8,52.8,37.7,35.1,51.2,,40.7,33.2,39.5,42.6,64.0,58.6,50.3,68.5,39.5,55.0,,105.3,,22.0,42.6,96.6,99.2,32.6,36.1,,
1981-02-01,,,58.0,,,61.8,,,78.4,,39.6,31.6,54.0,60.8,40.9,,,23.6,36.2,17.3,53.0,,,52.4,63.6,55.5,,,,,50.4,40.9,59.9,58.5,53.6,37.7,35.9,51.6,,40.9,33.2,40.5,42.6,64.6,58.8,50.0,68.9,39.5,55.2,,107.0,,21.7,43.4,96.7,99.5,33.1,36.9,,
1981-03-01,,,60.2,,,62.5,,,80.5,,41.1,31.8,54.5,61.6,41.2,,,23.7,36.6,17.5,54.9,,,53.3,64.7,54.9,,,,,50.5,42.0,60.0,59.3,54.2,37.7,36.7,51.8,,41.0,33.5,40.5,46.0,64.6,60.0,51.0,70.5,41.6,56.6,,98.8,,22.4,43.3,97.6,100.2,33.4,36.9,,
1981-04-01,,,60.4,,,62.5,,,81.3,,41.5,32.0,54.7,62.4,41.3,,,23.7,36.8,17.8,55.4,,,55.1,70.1,54.2,,,,,50.7,44.3,59.5,60.2,55.5,37.7,38.6,52.0,,41.0,33.5,40.4,46.0,64.6,60.3,51.6,71.3,41.6,57.3,,96.0,,22.9,43.4,97.6,99.9,33.4,36.9,,
1981-05-01,,,60.8,,,62.6,,,82.3,,42.1,32.4,55.1,63.0,44.2,,,23.7,38.2,18.2,55.8,,,55.4,63.0,54.2,,,,,51.0,44.8,62.4,61.2,56.9,37.7,39.4,53.1,,40.9,34.1,41.2,47.6,64.6,60.3,52.1,71.8,41.6,57.4,,95.5,,23.0,44.8,99.1,99.9,33.6,38.0,,
1981-06-01,,,61.3,,,63.2,,,83.1,,43.8,32.5,55.9,63.3,44.5,,,23.7,38.8,18.8,56.3,,,58.1,69.6,54.6,,,,,51.2,45.2,64.7,62.3,58.1,37.7,40.1,55.5,,41.0,34.4,41.4,50.5,64.9,61.4,52.5,72.5,41.7,57.9,,93.2,,23.7,44.8,99.1,100.8,33.7,39.1,,
1981-07-01,,,62.6,,,63.0,,,82.3,,44.1,32.5,56.2,63.6,44.6,,,23.7,39.5,18.9,56.3,,,58.7,70.1,56.2,,,,,51.4,45.5,64.1,63.6,58.5,37.7,40.4,56.0,,41.3,34.8,42.3,51.0,64.9,62.4,52.6,73.0,42.9,57.0,,94.5,,24.1,44.9,99.1,101.4,33.9,39.1,,
1981-08-01,,,63.2,,,63.7,,,83.6,,44.2,33.4,56.4,64.2,44.9,,,23.9,39.8,18.9,56.4,,,61.0,64.2,56.8,,,,,52.4,45.8,66.3,64.9,58.6,37.7,40.5,57.1,,41.5,34.9,44.3,51.0,65.1,63.2,53.1,73.1,43.0,58.1,,88.7,,24.0,45.4,99.9,101.4,34.5,40.3,,
1981-09-01,,,63.7,,,64.0,,,82.6,,45.7,33.7,57.1,64.4,45.2,,,23.9,40.0,19.0,56.9,,,62.6,57.2,56.8,,,,,52.6,46.9,66.3,66.4,58.6,37.7,41.2,57.0,,41.5,34.9,44.4,53.4,65.1,64.0,53.5,74.1,43.0,58.5,,90.7,,24.0,45.4,100.0,102.4,34.5,40.3,,
1981-10-01,,,64.3,,,65.2,,,84.1,,46.2,33.7,57.3,64.7,45.2,,,25.3,41.4,19.5,56.7,,,61.6,55.5,56.8,,,,,53.0,48.3,66.3,68.1,58.6,41.4,41.8,57.1,,41.5,34.9,47.0,53.4,69.7,64.6,53.8,74.5,43.0,58.5,,93.7,,23.9,45.4,103.0,102.9,34.7,40.3,,
1981-11-01,,,64.1,,,65.5,,,84.4,,46.5,34.3,57.7,65.1,45.4,,,25.3,42.0,20.3,56.8,,,60.2,56.2,56.5,,,,,53.5,48.6,66.3,69.5,58.3,41.4,41.7,57.1,,41.5,34.9,46.8,53.6,69.7,64.6,53.4,74.5,44.2,59.0,,91.2,,23.7,46.5,102.9,103.6,34.9,41.5,,
1981-12-01,,,64.6,,,65.3,,,85.5,,47.9,34.8,57.8,65.6,45.6,,,25.3,42.2,20.4,56.3,,,60.1,56.3,54.9,,,,,53.7,48.5,65.7,70.8,58.4,42.5,41.8,56.9,,41.5,34.9,46.8,54.6,69.7,64.1,53.0,75.2,44.3,58.8,,95.4,,25.0,46.5,102.9,103.7,35.2,41.7,,
1982-01-01,,,64.4,,,64.8,,,85.6,,48.6,35.9,57.9,66.0,45.8,,,25.4,42.5,20.4,56.3,,,60.6,61.7,54.6,,,,,53.9,50.5,65.7,71.8,58.6,42.5,43.2,57.2,,44.8,36.6,47.0,54.6,76.6,65.0,52.6,75.1,44.5,57.4,,93.6,,26.2,46.5,103.6,103.7,35.5,41.7,,
1982-02-01,,,65.0,,,66.0,,,85.9,,49.1,36.2,58.3,66.9,45.9,,,25.5,42.8,20.4,56.9,,,63.4,69.6,55.1,,,,,54.3,50.6,67.9,73.0,59.0,42.5,43.7,57.8,,45.2,37.0,47.7,54.6,76.7,65.4,53.6,75.9,44.5,58.9,,92.4,,26.2,47.2,104.0,103.5,36.6,42.8,,
1982-03-01,,,65.5,63.2,65.7,66.6,,,86.2,,50.7,36.6,59.4,67.5,46.1,,,25.7,42.8,20.4,58.2,,,65.4,64.8,55.3,,,,,54.6,51.2,67.9,74.2,58.8,42.5,43.8,57.8,,45.3,37.2,52.0,59.6,76.9,67.7,54.9,76.4,46.4,60.0,,91.7,,26.6,47.2,104.5,104.2,36.8,42.8,,
1982-04-01,,,65.7,63.5,66.2,66.8,,,83.9,,51.5,37.2,59.7,68.3,46.2,,,25.7,42.8,20.5,58.6,,,66.4,64.1,55.6,,,,,55.0,51.8,67.9,75.5,58.6,42.5,44.4,57.5,,45.7,37.3,52.2,59.6,77.4,68.7,54.9,77.0,46.5,60.6,,89.0,,27.2,47.2,104.7,105.1,36.9,42.8,,
1982-05-01,,,66.1,63.6,66.3,67.1,,,84.0,,52.0,37.6,60.6,69.5,48.5,,,25.9,44.9,20.6,59.1,,,68.2,65.0,58.7,,,,,55.3,52.3,66.9,76.7,58.3,42.5,45.0,57.4,,45.7,37.3,53.0,59.6,78.4,71.9,56.2,78.1,46.8,61.3,,90.4,,29.1,48.2,105.9,105.2,38.3,43.4,,
1982-06-01,,,66.5,63.5,67.1,67.3,,,85.4,,52.3,37.6,60.2,70.2,48.5,,,25.9,45.7,21.3,58.9,,,70.9,69.8,61.2,,,,,55.6,53.2,68.7,77.9,57.9,42.5,44.7,57.7,,45.7,37.5,53.0,59.6,78.6,72.3,56.7,78.4,47.6,61.4,,89.0,,29.6,48.2,106.0,105.3,38.3,44.0,,
1982-07-01,,,66.4,62.9,66.6,67.0,,,86.4,,52.2,37.7,60.2,70.5,48.4,,,25.9,46.0,21.7,58.8,,,74.6,70.1,60.9,,,,,55.9,53.4,68.7,79.1,58.1,42.5,45.0,58.4,,46.2,39.3,54.2,59.6,78.7,72.9,56.9,78.5,48.2,59.7,,88.4,,30.8,48.2,106.0,105.6,38.8,44.0,,
1982-08-01,,,66.9,64.0,67.4,67.5,,,85.4,,52.7,37.7,60.7,71.3,48.9,,,26.2,46.1,21.8,59.6,,,73.8,59.7,60.2,,,,,57.4,53.5,68.7,80.3,58.1,42.5,45.1,58.4,,46.3,39.4,54.2,59.6,78.7,73.1,57.3,78.6,48.2,59.7,,90.3,,30.8,48.7,106.3,105.5,39.7,45.2,,
1982-09-01,,,67.0,64.7,67.9,67.4,,,85.1,,54.3,38.2,61.7,71.7,49.1,,,26.3,47.1,22.1,59.3,,,70.7,54.4,59.8,,,,,58.0,53.9,67.6,81.5,57.9,42.5,45.0,59.3,,46.3,39.5,56.2,64.2,80.9,73.9,58.3,79.5,48.5,61.3,,89.4,,28.8,48.7,106.5,105.6,40.1,45.2,,
1982-10-01,,,67.2,64.8,67.5,68.6,,,87.0,,53.7,38.3,62.2,72.1,49.1,,,28.6,48.1,22.7,60.1,,,65.7,54.9,59.4,,,,,58.4,54.9,69.8,82.4,57.9,47.1,45.6,59.5,,46.3,39.5,56.4,64.2,81.3,73.9,58.7,80.0,48.3,61.9,,89.8,,29.9,48.7,110.2,105.7,40.2,45.2,,
1982-11-01,,,67.5,65.0,68.5,68.7,,,87.8,,54.1,38.4,63.3,72.7,49.3,,,28.6,48.2,23.3,60.0,,,65.6,56.7,59.2,,,,,58.8,55.0,69.8,83.0,57.7,47.1,45.6,59.5,,46.3,39.5,56.8,64.3,81.5,73.7,58.8,80.8,49.2,62.3,,88.7,,30.3,49.3,109.9,105.8,40.7,46.2,,
1982-12-01,,,67.8,65.1,68.5,68.5,,,88.0,,53.9,38.4,63.5,73.1,49.2,,,28.6,48.6,23.2,60.4,,,63.1,58.4,58.3,,,,,58.9,55.8,71.1,83.5,57.6,47.1,45.6,60.7,,46.3,39.5,57.9,64.3,81.5,74.7,59.2,80.9,49.2,62.6,,89.0,,30.7,49.3,109.6,105.6,40.7,46.2,,
1983-01-01,,,67.0,63.5,66.6,67.3,,,87.1,,53.0,38.8,62.9,73.4,49.1,,,28.6,48.8,23.2,60.6,,,62.2,57.8,57.9,,,,,59.1,55.7,71.1,83.8,57.5,47.1,45.4,60.8,,49.0,40.9,58.3,60.9,81.7,75.0,59.2,81.0,49.1,60.0,,88.4,,30.4,49.3,111.1,105.6,41.0,46.2,,
1983-02-01,,,67.5,65.7,68.2,69.4,,,87.4,,52.0,38.8,63.3,73.7,49.1,,,28.9,48.8,23.3,60.6,,,62.5,59.8,58.8,,,,,59.4,56.3,71.1,84.1,57.6,47.1,45.7,60.8,,49.1,41.1,58.3,60.9,82.0,75.1,59.2,81.2,49.0,61.3,,90.1,,30.5,49.9,111.0,106.0,42.0,47.1,,
1983-03-01,,,68.5,66.5,69.5,69.9,,,87.9,,55.6,39.8,63.3,73.9,49.7,,,28.9,49.2,23.4,60.6,,,61.8,62.8,57.7,,,,,59.5,56.6,72.6,84.4,57.6,47.1,45.6,61.6,,49.2,41.2,58.4,67.3,82.5,74.0,60.0,82.2,50.5,62.4,,89.6,,29.3,49.9,111.1,106.3,42.0,47.1,,
1983-04-01,,,68.6,66.9,69.7,69.7,,,89.6,,53.0,39.8,63.0,74.6,49.5,,,28.9,49.2,23.9,60.4,,,65.1,65.7,58.6,,,,,59.7,57.5,73.4,84.5,57.5,47.1,45.6,61.8,,49.8,41.4,58.4,67.3,82.8,74.4,60.2,82.8,50.7,63.6,,89.6,,29.2,49.9,111.2,106.2,42.0,47.1,,
1983-05-01,,,67.3,66.7,69.7,69.7,,,88.6,,51.2,39.7,62.8,74.8,50.5,,,28.9,49.4,25.1,61.5,,,67.5,71.5,59.7,,,,,59.8,57.6,73.1,84.6,57.7,47.1,45.5,62.0,,49.8,41.7,58.4,67.3,83.0,75.0,60.9,82.7,50.5,63.6,,89.9,,30.6,50.4,112.2,106.3,42.1,47.6,,
1983-06-01,,,67.0,66.9,69.9,70.1,,,90.5,,55.9,40.0,63.3,74.7,51.3,,,28.9,49.9,25.6,61.6,,,69.4,70.8,59.5,,,,,60.1,56.8,73.1,84.8,57.8,47.1,45.3,63.4,,49.8,41.7,58.4,67.3,83.0,74.7,60.8,82.2,51.1,63.7,,89.1,,32.4,50.4,112.2,106.5,42.1,47.6,,
1983-07-01,,,67.5,66.6,69.2,69.9,,,90.6,,56.2,40.2,63.8,75.4,51.4,,,28.9,50.0,25.6,61.9,,,72.3,70.6,59.2,,,,,60.2,56.4,73.3,84.9,57.9,47.1,45.5,63.8,,50.1,41.6,59.4,67.3,83.6,75.2,61.4,82.2,51.0,63.5,,89.6,,32.7,50.4,112.5,106.8,42.1,47.6,,
1983-08-01,,,68.8,67.5,69.5,70.3,,,91.2,,56.7,40.2,63.8,75.5,52.0,,,29.0,50.2,25.9,62.2,,,71.3,69.2,59.0,,,,,61.3,65.2,70.6,84.9,58.1,47.1,48.5,64.5,,50.1,41.6,59.0,67.4,83.6,76.0,61.5,83.0,51.1,63.4,,89.1,,32.7,50.5,112.9,106.8,42.4,48.2,,
1983-09-01,,,69.4,67.5,70.1,69.4,,,89.3,,56.5,40.2,64.3,75.5,51.9,,,29.8,51.7,26.6,62.0,,,68.8,61.4,58.9,,,,,61.5,64.4,70.6,85.1,58.6,47.1,48.6,64.3,,50.1,41.6,59.0,68.1,85.7,76.5,61.1,83.7,51.3,64.3,,89.4,,30.4,50.5,112.6,107.3,42.5,48.2,,
1983-10-01,,,69.9,67.8,69.8,71.0,,,91.0,,55.9,40.2,64.6,76.0,51.9,,,30.2,52.5,27.3,62.8,,,67.6,66.4,59.8,,,,,61.8,63.6,70.6,85.3,58.7,49.6,48.2,64.1,,50.1,41.6,59.0,68.1,86.1,76.6,61.8,84.2,51.3,64.4,,91.3,,30.8,50.5,113.6,108.1,42.5,49.7,,
1983-11-01,,,69.9,67.6,70.4,70.8,,,91.1,,55.4,40.2,65.0,75.8,51.9,,,30.2,52.6,27.6,63.1,,,63.0,66.0,59.0,,,,,62.2,64.1,70.6,85.3,58.8,49.6,48.3,64.1,,50.2,41.6,59.2,68.0,86.4,76.7,61.4,83.9,51.7,64.4,,90.8,,29.7,51.1,112.8,108.3,42.6,50.0,,
1983-12-01,,,70.6,67.2,70.2,70.7,,,90.6,,56.2,40.3,65.3,75.6,52.1,,,30.2,52.6,27.6,63.4,,,64.6,66.6,59.4,,,,,62.2,64.0,74.3,85.3,59.0,49.6,48.5,64.8,,50.3,41.6,59.3,68.0,86.4,77.4,61.6,83.8,51.8,64.8,,91.4,,31.3,51.1,112.5,107.5,42.8,50.0,,
1984-01-01,,,70.6,65.9,67.9,69.9,,,90.8,,57.1,41.7,66.0,76.1,52.2,,,30.2,52.5,27.5,63.4,,,66.0,74.9,60.0,,,,,62.4,64.7,74.8,85.3,59.1,49.6,48.5,65.2,,51.4,43.5,59.2,69.6,86.4,77.5,61.2,83.8,51.9,61.5,,91.2,,31.8,51.1,112.9,107.5,42.9,50.0,,
1984-02-01,,,70.3,68.0,70.4,71.0,,,91.1,,57.1,41.8,66.3,76.2,52.2,,,30.3,52.5,27.4,63.3,,,68.1,80.4,60.9,,,,,62.7,65.0,74.1,85.2,59.2,49.6,48.5,65.2,,52.9,43.6,59.3,69.6,85.5,77.2,61.4,84.1,51.9,63.0,,90.5,,31.8,51.7,113.6,107.5,43.0,50.3,,
1984-03-01,,,71.5,68.8,71.0,71.6,,,91.3,,55.9,42.0,67.2,76.3,52.1,,,30.3,53.1,27.6,65.0,,,68.0,82.6,60.8,,,,,62.8,64.9,74.1,85.2,59.5,49.6,49.2,65.5,,52.9,43.9,59.3,69.8,85.4,77.4,62.9,84.6,52.2,65.1,,89.6,,31.4,51.7,113.7,107.8,43.1,50.3,,
1984-04-01,,,71.5,68.9,70.4,71.5,,,91.0,,56.0,42.7,67.2,77.0,52.4,,,30.3,53.1,27.8,64.7,,,70.7,79.2,61.4,,,,,62.9,65.7,74.1,85.2,59.7,49.6,49.4,65.5,,53.4,44.1,59.3,69.8,85.4,76.6,63.0,84.9,52.9,65.4,,90.9,,31.0,51.7,114.1,107.6,43.2,50.5,,
1984-05-01,,,71.5,68.9,70.8,71.3,,,91.1,,55.6,42.7,67.8,77.0,53.4,,,30.4,53.3,27.9,64.7,,,71.7,73.7,61.2,,,,,63.1,65.9,74.3,85.3,59.9,49.6,49.5,65.6,,53.4,44.1,59.3,69.8,85.4,76.5,63.1,85.0,52.8,65.4,,90.5,,32.6,51.8,113.8,107.6,43.7,51.3,,
1984-06-01,,,71.0,69.0,70.9,71.6,,,89.0,,56.2,42.7,68.0,77.0,53.4,,,30.4,53.4,28.3,65.0,,,77.3,75.1,61.8,,,,,63.2,65.6,74.3,85.6,59.9,49.6,49.4,65.4,,53.4,44.1,59.3,69.8,85.4,75.2,63.0,83.9,53.0,65.2,,87.2,,35.1,51.8,113.7,106.8,43.7,51.3,,
1984-07-01,,,71.7,68.4,71.0,71.4,,,91.6,,57.1,42.9,67.8,77.0,53.4,,,30.4,53.6,28.3,65.4,,,79.4,78.2,62.7,,,,,63.5,65.4,74.3,85.8,59.8,49.6,49.3,65.5,,53.7,44.5,59.5,69.8,85.9,75.9,63.1,84.1,53.3,63.4,,88.1,,35.9,51.8,113.7,107.0,43.9,51.3,,
1984-08-01,,,71.5,68.9,71.1,72.1,,,89.6,,56.5,42.9,68.1,77.3,53.9,,,30.5,53.6,28.6,65.2,,,80.4,71.8,62.0,,,,,64.1,64.0,74.3,86.1,59.8,49.6,49.0,65.7,,53.4,44.4,59.6,69.8,86.0,75.8,62.5,84.1,53.2,65.0,,86.7,,36.4,52.2,114.1,107.0,44.3,51.8,,
1984-09-01,,,71.7,69.7,71.5,71.7,,,88.1,,56.5,42.9,68.8,76.9,53.9,,,32.0,53.8,28.7,65.3,,,79.4,59.5,62.6,,,,,64.4,64.1,74.3,86.4,59.9,49.6,49.3,66.0,,53.4,44.6,59.9,71.0,86.0,75.2,63.0,84.8,53.4,66.0,,88.4,,35.7,52.2,114.1,107.6,44.3,51.8,,
1984-10-01,,,72.8,70.0,71.5,72.9,,,89.8,,56.5,42.9,69.0,77.2,53.9,,,32.3,54.7,29.3,65.2,,,77.1,60.7,62.7,,,,,64.6,64.9,74.3,86.6,59.8,52.4,49.3,66.3,,53.4,44.6,59.9,71.0,86.0,75.7,63.1,85.2,53.4,66.1,,88.4,,31.4,52.2,115.5,107.2,45.1,51.8,,
1984-11-01,,,72.2,70.3,71.6,72.5,,,91.9,,57.7,43.0,69.6,77.2,54.3,,,32.3,54.7,29.5,65.8,,,73.3,62.9,62.3,,,,,64.8,65.4,75.8,86.6,59.8,52.4,49.4,66.9,,53.4,44.6,59.9,74.9,86.0,75.4,63.3,85.7,53.9,66.4,,88.1,,31.2,52.7,115.8,107.3,45.4,52.7,,
1984-12-01,,,72.8,69.7,70.9,72.1,,,91.5,,58.2,43.0,69.9,77.3,54.3,,,32.3,54.8,29.4,66.4,,,70.5,60.3,63.6,,,,,65.0,65.4,75.2,86.7,59.9,52.4,49.1,66.7,,53.5,44.6,60.3,74.9,86.1,76.3,63.3,85.3,54.0,66.3,,88.0,,32.2,52.7,114.7,106.2,45.4,52.7,,
1985-01-01,55.6,60.8,72.2,68.5,70.9,72.1,59.0,68.2,91.1,81.7,58.7,44.5,70.8,77.6,54.4,49.3,41.6,32.3,54.7,29.5,67.0,59.9,51.5,71.5,65.5,63.4,74.2,56.1,58.9,,65.2,65.0,76.7,86.9,60.0,52.4,48.8,67.3,,55.0,46.3,60.0,76.8,86.9,76.2,63.4,85.2,54.0,65.1,,86.4,63.3,31.3,52.7,114.9,106.2,45.7,52.7,,
1985-02-01,56.0,61.1,72.5,70.6,71.9,73.1,59.2,67.8,90.0,81.6,58.5,44.6,70.6,78.4,54.4,51.0,41.6,32.5,54.7,29.6,67.3,60.4,51.5,75.8,69.8,63.7,74.5,56.2,59.0,,65.4,64.6,78.1,87.0,60.2,52.4,49.0,67.7,,55.0,46.3,60.2,76.8,86.9,76.9,63.2,85.7,54.0,65.8,,87.3,63.4,32.8,53.4,115.5,106.8,46.1,52.9,,
1985-03-01,56.0,61.3,74.0,70.7,72.4,73.4,59.2,69.2,90.7,80.5,58.3,44.6,70.3,77.9,54.4,51.9,41.6,32.6,54.7,29.6,67.4,60.4,51.5,76.4,68.1,63.4,74.4,56.2,59.2,,65.4,65.1,78.1,87.3,60.2,52.4,49.1,68.0,,55.1,46.4,60.3,77.1,86.9,77.2,63.8,86.3,54.7,66.2,,86.7,63.4,35.0,53.4,115.5,106.9,46.5,53.2,,
1985-04-01,56.2,61.8,73.2,71.2,72.2,73.5,59.8,69.3,90.6,79.1,58.4,44.9,70.3,77.3,54.7,52.3,41.6,32.6,55.3,29.8,68.3,60.6,53.8,80.2,73.2,63.7,74.6,56.3,59.6,,65.6,65.8,78.7,87.5,60.5,52.4,49.4,67.9,,55.3,47.0,60.3,77.1,86.9,77.3,63.3,86.1,54.7,66.7,,86.0,63.5,35.1,53.4,115.2,104.9,46.6,53.2,,
1985-05-01,56.2,62.1,74.1,71.1,72.1,73.4,59.7,68.6,91.5,80.5,58.3,45.0,70.3,77.9,56.2,53.6,42.4,32.6,56.0,31.5,68.0,60.7,53.8,80.3,68.4,62.7,74.7,56.5,59.6,,65.8,64.8,79.9,87.6,60.6,52.4,49.4,68.2,,55.9,47.2,60.3,77.1,87.0,77.4,63.3,86.0,54.7,66.7,,84.7,63.4,36.4,53.9,115.1,105.0,46.8,54.0,,
1985-06-01,56.2,62.6,73.4,71.6,72.7,73.5,60.6,69.7,91.8,80.4,58.3,45.3,69.8,78.1,55.6,53.6,42.4,32.7,56.8,35.4,67.3,60.8,53.8,82.5,71.2,63.1,74.8,56.7,59.7,,65.9,67.9,79.9,87.5,60.6,52.4,50.9,68.2,,56.2,47.2,60.3,77.1,87.0,77.9,63.1,86.2,54.7,66.7,,84.9,63.5,37.1,53.9,115.1,104.4,47.0,54.1,,
1985-07-01,56.1,63.3,73.8,70.6,72.7,73.6,60.6,69.1,91.3,81.0,57.8,45.4,69.8,77.4,56.0,55.7,42.9,32.7,57.0,35.5,67.4,61.0,53.8,82.6,71.0,63.9,76.0,56.9,60.4,,66.1,67.8,79.9,87.3,60.9,52.4,51.1,68.5,,56.0,47.2,59.6,77.1,88.0,77.6,63.0,86.1,54.9,65.0,,84.8,63.9,38.9,53.9,114.9,104.5,47.3,54.2,,
1985-08-01,56.1,64.3,74.2,71.5,72.8,74.0,60.9,69.3,91.6,81.5,58.3,45.5,70.0,78.2,56.3,55.8,43.0,32.7,57.1,35.6,67.8,61.9,53.8,82.9,64.3,63.4,76.1,57.2,60.4,,66.8,67.9,79.9,87.2,61.1,52.4,51.3,68.9,,56.0,47.7,59.9,77.1,88.0,77.6,62.5,86.3,54.9,65.4,,84.6,63.9,38.4,54.7,116.2,104.5,47.5,55.0,,
1985-09-01,56.8,64.8,73.5,72.2,73.4,73.1,60.7,69.8,90.7,81.1,59.7,45.6,70.0,77.9,56.5,55.8,43.3,33.9,57.0,35.8,67.3,62.5,54.4,80.0,57.8,62.6,76.3,57.3,60.9,,67.0,68.6,80.2,87.0,61.5,52.4,51.9,69.1,,56.0,47.7,59.9,77.1,86.9,77.5,63.1,86.6,54.9,67.5,,84.8,64.1,37.6,54.7,116.0,104.5,48.0,54.9,,
1985-10-01,57.2,64.6,74.7,72.5,73.4,74.4,60.9,68.6,92.0,80.0,60.1,45.6,70.2,78.7,56.6,54.8,44.1,34.2,57.5,35.8,67.4,62.6,54.4,77.2,58.8,62.1,76.3,57.5,60.9,,67.3,68.5,78.5,86.9,61.7,55.3,52.1,67.6,,55.9,47.7,59.9,77.1,86.9,77.4,62.5,87.4,55.1,68.1,,85.2,64.1,37.2,54.7,116.7,103.8,48.0,55.1,,
1985-11-01,57.2,64.7,74.5,72.5,73.7,74.0,60.6,70.5,92.1,81.7,60.8,45.6,70.3,78.9,56.7,54.8,44.3,34.3,58.0,35.8,67.4,62.8,54.4,73.0,63.7,63.6,75.5,57.6,61.1,,67.5,69.2,78.6,86.7,62.1,55.3,52.3,67.7,,56.0,47.6,59.9,76.4,86.8,77.6,62.1,87.5,55.7,68.2,,84.9,65.1,37.2,55.3,116.3,103.8,48.2,55.7,,
1985-12-01,57.2,65.0,74.8,72.2,73.4,74.0,60.2,70.4,91.7,80.4,61.2,45.8,70.9,78.6,56.9,53.6,44.3,34.4,58.0,36.0,68.2,63.0,54.4,75.1,72.2,64.1,74.9,57.8,61.1,,67.7,68.3,81.4,86.7,62.4,55.3,51.8,69.1,,56.0,47.6,59.9,76.4,86.8,78.4,63.0,87.3,55.7,67.2,,85.1,65.5,38.4,55.3,116.0,104.0,48.5,55.7,,
1986-01-01,57.3,65.4,73.8,71.3,72.7,74.4,60.6,68.8,92.0,80.7,61.5,47.8,70.9,79.1,57.2,52.1,44.6,34.4,58.9,36.4,69.3,63.3,54.4,76.0,76.0,65.1,77.5,58.1,61.9,,67.9,68.6,81.4,86.6,62.7,55.3,52.0,68.9,,56.6,49.0,59.7,78.7,86.8,78.6,62.7,87.1,55.7,65.2,,85.4,66.0,37.4,55.3,116.0,104.0,48.9,55.9,,
1986-02-01,57.7,65.8,74.7,73.1,73.4,75.5,61.3,69.2,91.3,81.1,61.6,47.8,70.8,79.0,57.2,53.4,44.7,34.4,59.2,37.5,70.3,63.8,54.4,77.6,68.4,64.2,78.1,58.3,61.9,,68.1,68.3,81.4,86.6,63.5,55.3,52.7,69.0,,56.8,49.1,59.7,78.7,86.8,79.9,63.3,87.5,55.7,66.3,,86.0,66.0,38.2,55.7,116.4,103.9,49.3,56.8,,
1986-03-01,57.7,65.5,76.0,73.5,74.2,75.7,61.3,70.3,91.8,82.1,60.0,48.2,71.1,79.1,56.9,55.1,44.7,34.5,59.4,38.3,70.6,64.2,54.4,79.2,66.2,64.2,78.6,58.6,62.1,,68.2,68.8,81.4,86.7,64.4,55.4,53.4,69.6,,56.8,49.2,59.7,75.1,87.2,79.6,63.5,88.5,56.4,67.8,,86.7,66.2,41.6,55.7,116.7,104.0,49.4,56.8,,
1986-04-01,58.0,65.6,75.8,73.4,73.7,75.1,61.4,70.4,91.9,82.3,57.1,48.8,71.0,79.5,57.8,56.0,44.8,34.5,61.4,38.9,71.3,64.5,56.3,82.2,71.1,63.6,79.5,58.8,62.3,,68.3,69.5,81.4,86.7,64.9,55.4,53.8,69.5,,56.8,49.3,59.8,67.1,87.4,79.7,64.2,88.8,56.4,68.4,,86.9,68.2,41.4,55.7,116.7,103.9,49.5,57.9,,
1986-05-01,58.0,65.8,75.6,73.4,74.2,75.7,61.9,69.6,91.8,83.0,56.3,48.8,71.4,79.5,58.6,59.4,45.8,34.5,62.1,39.0,71.2,64.7,56.3,83.5,75.3,64.0,79.8,59.0,62.6,,68.6,69.5,81.4,86.7,65.4,55.4,54.3,70.8,,57.8,49.6,60.0,62.1,87.4,80.9,64.4,89.1,56.4,68.3,,86.8,69.7,41.3,56.4,118.0,103.9,49.5,58.9,,
1986-06-01,58.0,66.1,76.5,73.3,73.7,75.6,62.0,70.9,91.3,83.6,56.4,49.0,71.1,79.7,58.5,59.5,45.8,34.5,62.2,39.1,71.1,64.9,56.3,83.1,74.1,64.9,79.9,59.1,62.7,,68.7,69.2,81.4,86.6,65.8,55.4,54.2,70.7,,58.0,49.6,59.7,59.7,87.4,81.0,64.4,89.3,56.4,67.5,,86.9,69.8,41.7,56.4,118.0,104.4,50.0,59.0,,
1986-07-01,58.1,66.4,76.7,73.2,73.4,75.6,62.2,69.0,92.0,83.4,56.5,49.3,71.3,80.7,58.6,61.2,45.9,34.5,62.2,39.7,71.7,65.5,56.3,84.8,75.7,66.5,80.2,59.9,63.0,,68.9,69.6,81.4,86.6,66.2,55.4,54.4,71.1,,58.0,49.7,59.9,59.7,87.4,81.4,64.3,89.4,57.2,67.5,,86.8,69.8,49.6,56.4,117.8,104.5,50.2,59.0,,
1986-08-01,58.1,66.5,76.5,74.3,74.3,75.8,62.7,70.3,92.6,85.5,56.5,49.3,71.5,80.3,59.7,61.3,45.9,34.5,62.4,39.7,71.9,65.8,56.3,86.7,71.9,67.8,80.2,60.1,63.1,,69.5,69.7,81.4,86.6,66.6,55.4,54.9,71.2,,58.0,49.7,59.9,59.7,87.4,81.6,64.6,89.5,57.2,67.5,,85.7,69.5,49.6,57.0,119.2,104.5,50.3,59.5,,
1986-09-01,58.8,66.7,76.5,74.4,74.4,75.1,63.1,72.1,92.5,86.1,56.5,49.4,71.8,80.8,59.7,61.4,46.1,35.7,62.4,39.8,71.7,66.2,56.7,83.8,66.6,71.3,80.8,60.3,63.3,,69.7,69.7,82.6,86.6,67.4,55.4,55.2,71.5,,57.9,49.7,59.9,55.1,87.4,81.4,65.0,89.5,57.2,69.8,,86.8,69.7,41.9,57.0,119.3,104.8,51.4,59.5,,
1986-10-01,60.5,66.9,76.9,74.0,74.8,75.7,63.6,69.9,91.6,85.4,56.2,49.4,71.8,81.3,59.7,61.3,47.1,36.0,62.6,40.2,71.1,66.8,56.7,82.9,70.7,71.5,81.0,60.5,63.9,,70.0,71.0,78.0,86.6,68.8,58.9,56.8,71.1,,57.9,49.9,59.9,53.9,87.4,82.1,64.8,89.3,57.4,70.5,,87.6,70.5,41.2,57.0,120.6,104.4,51.6,59.5,,
1986-11-01,60.6,67.1,77.5,74.4,75.4,74.8,65.3,71.7,91.5,86.0,56.9,49.4,72.1,81.5,59.9,57.7,47.1,36.0,62.8,40.4,71.6,67.2,56.7,78.9,78.0,72.1,79.9,60.8,64.2,,70.2,71.2,78.0,86.7,69.7,58.9,57.5,70.9,,58.0,49.9,59.8,54.3,87.2,81.6,66.6,90.0,57.8,70.8,,88.4,72.6,41.1,57.5,120.4,104.4,52.0,60.1,,
1986-12-01,60.6,67.5,78.4,74.2,74.8,75.1,65.9,72.7,91.8,84.2,57.1,49.4,72.5,81.5,59.9,57.3,47.2,36.2,62.8,40.3,72.2,67.2,56.7,76.1,75.9,72.9,78.8,60.9,64.2,,70.3,71.5,78.0,86.8,70.9,58.9,58.6,71.3,,58.0,49.9,59.5,54.6,87.2,82.6,66.2,90.5,57.8,70.9,,88.9,72.3,42.7,57.5,120.4,104.9,52.5,60.1,,
1987-01-01,60.6,67.6,78.0,73.4,75.0,76.7,67.1,70.2,90.2,87.0,57.7,50.5,72.5,82.3,59.9,54.8,47.4,36.2,62.9,40.5,72.6,67.3,56.7,77.4,79.6,72.8,81.0,61.3,64.7,,70.5,72.3,78.0,86.9,71.3,58.9,59.1,71.4,,59.0,49.1,58.9,56.6,84.9,82.7,66.7,90.4,57.8,69.7,,89.0,72.3,40.0,57.5,120.7,104.9,52.8,60.1,,
1987-02-01,61.3,68.1,78.8,75.7,76.1,77.6,67.5,70.4,92.0,88.3,58.5,50.7,72.8,82.4,60.1,57.2,47.7,36.2,63.3,40.5,72.3,68.0,56.7,79.4,82.7,71.0,81.1,61.4,64.7,,70.6,72.7,78.0,87.2,72.1,58.9,60.4,71.6,,59.2,49.1,58.8,59.4,84.9,82.8,66.6,90.7,57.8,70.2,,89.6,70.1,40.2,58.3,121.5,106.0,53.2,60.9,,
1987-03-01,61.3,68.3,78.8,75.7,76.6,77.5,67.6,72.7,92.2,86.4,59.5,50.9,72.4,82.7,60.2,58.3,47.7,36.3,63.3,41.1,72.8,68.7,56.7,79.6,81.3,70.5,81.9,61.7,64.7,,70.8,72.3,78.0,87.0,73.5,58.9,61.0,71.2,,59.3,49.2,59.0,60.1,84.9,82.8,67.3,91.3,58.6,71.5,,90.8,69.7,41.9,58.3,121.6,106.0,53.6,61.0,,
1987-04-01,61.9,68.8,77.8,76.0,76.6,77.5,67.6,73.8,91.7,88.4,60.0,51.0,72.2,82.6,61.9,58.9,47.9,36.3,64.6,42.7,72.6,69.2,58.6,79.3,80.9,71.2,81.3,61.5,65.1,,70.9,71.6,79.1,87.3,75.6,58.9,61.9,72.2,,59.5,49.2,59.0,60.1,85.4,82.9,66.9,91.4,58.6,72.1,,91.7,69.2,41.2,58.3,121.4,105.6,54.0,61.1,,
1987-05-01,61.9,68.4,79.0,76.2,77.3,77.7,67.8,74.6,93.5,89.3,60.0,51.0,72.4,83.2,62.5,59.0,49.1,36.3,65.1,42.9,73.2,69.8,58.6,82.6,84.3,72.0,79.8,61.9,65.4,,71.1,71.2,77.2,87.3,76.5,58.9,62.7,71.1,,60.4,49.3,58.8,59.2,85.4,83.4,67.1,91.9,58.8,72.1,,94.3,69.4,42.2,58.8,122.9,105.7,54.2,62.4,,
1987-06-01,61.9,69.2,79.0,76.1,76.6,77.5,67.9,73.6,91.5,84.3,60.6,51.1,72.4,83.6,62.5,59.2,49.2,36.3,65.1,42.9,72.6,70.0,58.6,88.2,90.6,73.0,79.3,61.9,64.5,,71.3,71.2,77.2,87.3,77.0,58.9,63.5,71.3,,60.4,49.3,58.9,59.2,85.6,83.8,67.0,91.5,58.8,72.5,,92.8,68.9,42.8,58.8,122.5,105.7,54.4,62.4,,
1987-07-01,61.9,69.6,79.7,75.9,76.7,77.6,68.4,73.3,93.0,87.2,61.3,51.3,72.4,83.1,62.8,62.3,49.2,36.3,65.1,43.0,73.7,72.2,58.6,87.8,88.5,73.4,79.8,62.1,65.0,,71.4,71.2,77.2,87.5,77.6,58.9,63.9,72.0,,60.3,49.7,58.2,59.2,85.4,84.0,66.7,91.6,59.6,69.1,,94.5,70.4,51.4,58.8,122.5,105.8,54.4,62.4,,
1987-08-01,61.9,69.6,79.2,77.2,77.9,78.2,69.0,73.1,94.5,89.2,61.5,51.3,72.9,84.1,63.5,62.5,49.4,36.3,65.3,43.0,73.6,72.7,58.6,85.9,71.5,74.6,80.3,62.3,65.1,,72.0,71.5,77.2,87.7,77.7,58.9,64.1,72.9,,60.4,49.9,58.2,59.5,85.4,83.8,66.5,91.7,59.6,72.3,,95.0,69.2,51.9,59.5,123.3,105.8,54.6,63.2,,
1987-09-01,63.3,69.7,78.7,77.7,78.2,77.2,69.3,75.4,92.1,90.4,61.7,51.4,73.5,83.6,63.6,62.6,49.6,37.8,65.4,43.1,73.3,73.0,59.2,83.0,70.1,73.8,80.2,62.5,65.2,,72.2,71.3,78.9,88.0,78.3,58.9,64.6,73.0,,60.4,49.9,57.8,61.1,85.4,84.2,66.3,92.0,59.8,73.2,,96.1,69.5,46.9,59.5,123.6,106.4,54.8,63.2,,
1987-10-01,64.2,69.9,79.6,77.6,77.9,78.5,70.3,74.1,95.7,91.9,61.6,51.6,73.1,83.3,63.7,61.9,50.7,38.0,65.5,43.2,73.1,73.1,59.2,81.6,72.0,74.3,79.9,62.7,65.7,,72.6,70.8,81.3,88.2,78.5,62.8,64.8,73.1,,60.4,50.0,57.8,61.3,85.4,84.4,66.7,92.2,59.8,73.8,,97.1,71.7,40.9,59.5,123.7,106.2,55.0,63.2,,
1987-11-01,64.4,70.0,80.8,78.4,78.7,78.6,70.3,76.1,95.4,90.6,61.8,51.6,73.2,83.6,63.7,61.9,50.7,38.0,65.5,43.1,73.6,73.4,59.2,80.9,78.4,73.8,79.7,62.9,66.0,,72.6,71.3,81.3,88.7,78.9,62.9,65.0,73.4,,60.4,50.1,58.1,62.0,85.3,84.5,66.8,93.2,60.4,73.9,,98.2,73.0,39.9,60.4,123.8,106.3,55.4,63.7,,
1987-12-01,64.4,70.4,80.3,77.9,78.4,78.2,70.4,75.6,95.1,86.0,61.7,51.6,73.1,83.4,63.7,60.4,51.0,38.0,65.4,43.2,73.7,73.5,59.2,78.6,84.6,72.3,78.3,63.1,66.0,,72.8,72.3,81.3,88.9,79.1,62.9,65.2,73.3,,60.4,50.1,58.4,63.2,85.2,84.4,67.1,91.9,60.3,73.5,,98.2,72.4,44.2,60.4,124.1,106.9,55.5,63.6,,
1988-01-01,64.4,70.7,80.2,77.7,78.7,79.9,71.4,74.0,95.3,92.6,62.2,53.3,73.4,83.9,64.1,57.9,51.4,38.0,67.1,43.7,74.4,73.8,59.2,78.6,85.8,72.9,81.1,63.5,66.5,,73.0,71.8,81.3,89.3,79.2,62.9,65.4,73.7,,61.6,52.0,58.6,63.4,88.7,85.0,67.4,91.8,60.3,71.8,,95.0,72.5,33.9,60.4,124.7,106.9,55.9,63.8,,
1988-02-01,65.2,71.0,80.3,80.2,80.4,80.7,72.0,74.1,96.7,92.8,61.4,53.3,73.8,84.0,64.0,60.2,51.7,38.1,68.1,43.9,74.3,74.6,59.2,81.5,81.4,72.0,81.4,63.7,66.5,,73.2,71.5,81.3,88.8,79.6,62.9,65.6,73.7,,61.7,52.0,58.9,63.4,88.7,85.5,67.5,92.2,60.4,72.2,,95.6,72.7,36.4,61.2,125.3,108.1,56.1,65.3,,
1988-03-01,65.2,71.7,81.6,80.0,80.8,81.0,72.6,76.5,97.4,94.5,61.2,53.8,74.1,83.9,64.0,61.5,51.7,38.3,68.4,43.9,74.6,75.5,59.2,81.6,75.3,72.3,81.3,64.0,66.6,,73.3,71.9,81.3,89.8,80.3,62.9,66.3,73.5,,61.7,52.4,58.9,63.2,88.7,86.0,68.5,93.0,61.5,73.9,,96.6,72.8,43.8,61.2,125.5,108.3,56.6,65.3,,
1988-04-01,65.4,72.0,81.0,81.1,81.0,81.2,72.9,77.7,98.7,94.9,62.2,53.8,74.4,84.4,65.1,62.0,51.7,38.3,68.8,44.2,74.9,75.8,61.1,82.6,77.5,72.2,81.5,64.2,67.0,,73.5,71.9,80.8,89.8,81.0,62.9,66.6,74.0,,61.8,52.8,58.0,62.8,87.6,86.2,69.3,92.7,61.5,75.5,,96.6,72.4,41.2,61.2,125.5,108.8,56.8,65.9,,
1988-05-01,65.4,72.3,82.3,81.1,81.6,81.6,73.7,77.9,95.3,89.8,62.7,53.8,75.4,84.7,66.9,62.8,53.2,38.3,69.3,46.6,74.9,76.0,61.1,85.4,80.1,72.0,80.5,64.7,67.4,,73.7,71.6,79.3,90.1,82.3,62.9,67.7,72.6,,62.6,52.8,57.7,62.4,88.1,86.5,70.0,93.3,61.7,75.3,,97.1,72.4,38.3,62.2,127.0,109.2,57.2,66.6,,
1988-06-01,66.4,73.0,81.6,81.1,81.9,81.8,73.8,77.2,94.7,93.7,62.6,54.3,75.5,84.5,66.7,62.8,53.2,38.3,69.8,46.6,75.9,76.2,61.1,90.3,79.2,72.9,80.9,64.8,67.4,,73.9,72.3,79.3,90.4,83.2,62.9,68.5,72.1,,62.6,52.8,56.7,62.4,84.9,86.8,69.9,93.9,61.9,74.4,,97.1,72.7,36.2,62.2,126.8,109.0,57.5,66.6,,
1988-07-01,66.7,73.6,83.3,80.4,81.9,81.6,74.3,74.7,93.2,93.8,62.9,54.4,75.9,84.5,67.4,65.4,53.2,38.3,69.8,46.6,75.9,76.7,61.1,91.0,81.2,73.6,81.3,65.2,68.5,,74.0,72.2,79.3,90.8,83.5,62.9,68.8,73.1,,62.6,53.5,56.7,62.4,84.7,88.3,70.3,93.9,62.2,73.0,,96.4,72.9,40.8,62.2,126.8,109.1,57.5,66.6,,
1988-08-01,66.7,73.6,83.2,81.8,82.2,81.7,75.2,75.9,96.3,94.4,62.3,54.4,76.3,84.7,67.6,65.5,53.3,38.3,69.8,46.6,76.3,77.1,61.1,92.2,78.2,73.8,82.4,65.5,68.5,,75.0,72.9,79.3,91.1,83.7,62.9,68.9,74.0,,62.6,53.5,56.7,62.4,83.7,88.3,70.7,94.2,62.2,75.2,,97.7,72.9,41.3,62.8,127.9,109.1,57.5,67.4,,
1988-09-01,68.2,73.8,82.7,81.5,82.2,80.9,76.0,78.5,96.8,93.0,62.5,54.5,76.5,85.3,67.7,65.6,54.1,39.6,69.6,46.9,76.1,77.4,61.9,91.4,75.0,73.8,82.3,65.6,68.7,,75.4,73.2,80.2,91.4,84.6,62.9,69.6,74.7,,62.6,53.3,56.7,61.1,83.5,89.3,70.3,93.9,62.3,76.0,,96.9,73.3,36.5,62.8,128.1,109.1,58.3,67.3,,
1988-10-01,68.6,74.2,84.4,81.6,82.3,82.9,77.1,79.0,99.7,94.5,62.3,54.6,76.4,85.2,67.6,64.8,55.3,39.9,69.7,46.9,76.8,77.7,61.9,88.1,75.4,73.6,82.8,66.0,68.9,,75.8,72.1,79.6,92.0,85.6,66.3,70.1,75.0,,62.6,53.5,56.7,60.3,84.1,89.8,71.2,95.1,62.3,77.1,,97.0,73.3,35.5,62.8,131.0,108.8,58.3,67.4,,
1988-11-01,68.6,74.2,84.5,81.1,82.6,82.3,77.2,79.0,99.7,94.5,62.1,54.6,76.3,85.1,67.7,64.8,55.3,39.9,70.1,47.3,76.8,78.3,61.9,84.6,76.3,72.9,82.7,66.3,69.2,,76.0,73.1,79.6,92.3,86.0,66.3,70.4,74.8,,62.6,53.5,57.3,59.8,83.9,89.9,71.3,95.3,62.7,76.5,,97.0,77.2,35.4,63.7,131.2,109.0,58.3,67.7,,
1988-12-01,68.8,74.6,85.2,80.9,82.6,82.2,77.0,79.5,99.5,90.9,62.0,54.6,76.4,85.2,67.7,63.9,55.4,39.9,70.1,47.5,76.7,78.4,61.9,80.3,78.5,72.9,81.0,66.6,69.2,,76.4,75.0,79.6,92.9,86.4,66.3,71.3,75.0,,62.6,53.5,57.3,58.6,83.8,89.5,71.3,95.3,62.7,76.3,,96.5,76.9,35.0,63.7,131.2,109.3,58.3,67.7,,
1989-01-01,68.8,74.8,84.6,81.5,83.3,82.4,77.2,76.6,99.3,93.8,62.5,56.5,77.1,86.1,67.8,59.8,55.1,39.9,70.8,47.6,76.9,78.5,61.9,79.4,83.0,73.5,83.4,66.8,70.0,,76.6,75.4,79.6,93.7,86.7,66.3,71.6,75.5,,63.8,55.3,57.5,58.9,83.0,89.6,72.0,95.3,62.7,75.0,,96.1,76.7,39.9,63.7,131.2,109.3,58.8,67.7,,
1989-02-01,69.6,75.8,84.8,84.2,84.4,84.3,77.2,79.5,102.3,95.7,62.7,56.5,77.2,86.3,68.0,62.3,55.3,39.9,71.1,47.6,76.8,79.4,61.9,78.7,90.8,73.6,84.0,66.9,70.0,,77.0,75.0,79.6,94.6,86.8,66.3,71.8,75.8,,64.0,56.5,57.5,60.1,82.9,89.7,72.6,96.2,62.7,76.5,,96.2,76.7,39.5,64.7,131.9,110.7,59.5,68.6,,
1989-03-01,69.7,76.2,85.2,84.3,84.9,84.2,77.0,81.7,102.4,95.2,63.1,56.5,76.9,86.3,68.2,64.2,55.4,40.1,71.1,47.7,77.3,79.9,61.9,80.9,84.2,74.0,85.0,67.4,70.2,,77.1,75.5,79.6,95.6,88.2,66.3,72.8,75.8,,64.0,56.5,57.5,60.6,82.9,90.2,73.6,97.2,64.3,76.5,,95.4,76.8,42.4,64.7,132.5,110.7,59.6,68.6,,
1989-04-01,70.0,76.5,85.5,83.9,83.8,82.9,77.6,81.0,101.7,93.9,64.1,56.5,77.0,85.9,69.0,64.3,55.3,40.1,71.3,47.9,77.5,80.3,64.6,82.1,85.3,74.4,84.5,67.7,70.5,,77.4,75.8,89.8,96.8,89.0,66.3,73.2,78.6,,64.1,56.6,55.3,61.1,83.3,89.9,73.7,97.5,64.3,78.3,,97.8,76.7,39.9,64.7,133.0,110.9,59.6,68.6,,
1989-05-01,70.0,76.5,85.5,84.0,85.3,84.1,77.7,81.4,100.7,94.5,65.9,56.6,77.3,86.1,70.0,65.4,56.2,40.1,72.1,56.4,77.2,80.3,64.6,83.6,92.4,73.8,84.2,68.1,70.7,,77.8,75.8,80.0,98.0,89.5,66.3,73.6,76.1,,65.2,56.6,55.2,61.5,83.6,90.5,74.4,98.1,64.4,78.4,,97.8,76.7,39.2,65.4,134.1,110.9,60.0,69.5,,
1989-06-01,70.0,76.8,86.0,83.1,84.9,84.3,77.7,81.1,101.3,94.8,66.8,57.0,77.4,86.0,70.4,65.6,56.5,40.1,72.4,56.7,77.4,80.3,64.6,84.5,96.6,74.5,84.2,68.1,70.7,,78.1,76.0,80.0,99.2,89.6,66.3,73.9,76.4,,65.2,56.7,55.4,61.5,83.9,90.8,74.1,98.0,64.4,77.5,,98.1,77.7,41.0,65.4,134.1,110.6,59.8,69.6,,
1989-07-01,70.0,77.4,86.5,84.2,85.8,84.9,77.9,79.8,101.0,95.9,67.6,57.5,77.5,86.8,70.6,67.4,56.7,40.1,72.7,57.0,78.1,80.7,64.6,86.3,95.7,75.7,85.1,68.6,72.1,,78.4,76.2,80.0,100.2,90.2,66.3,74.3,77.3,,65.2,57.7,53.0,61.5,83.7,91.0,74.8,98.0,65.1,75.7,,98.2,77.7,45.9,65.4,134.2,110.6,60.0,69.6,,
1989-08-01,70.0,77.9,86.5,85.4,85.2,85.6,78.4,80.9,104.4,96.3,67.8,57.5,77.7,87.4,71.3,67.5,56.7,40.1,72.7,57.1,78.5,80.8,64.6,88.1,82.8,75.6,85.5,68.9,72.1,,79.1,76.4,80.0,101.2,90.3,66.3,74.2,77.5,,65.2,57.7,53.0,61.5,83.7,91.2,75.2,98.1,65.1,76.5,,97.0,77.1,44.3,66.5,135.6,110.6,60.2,70.5,,
1989-09-01,71.1,77.7,85.8,85.4,86.0,83.3,77.8,81.1,102.0,96.4,67.8,57.5,78.4,87.0,71.4,67.5,57.2,42.1,72.7,57.4,78.2,80.9,65.0,85.3,74.9,76.5,86.2,69.0,72.3,,79.4,76.5,79.6,102.2,90.3,66.3,74.2,76.0,,65.2,57.8,52.9,61.7,83.7,91.9,75.0,98.1,65.1,78.3,,98.8,77.8,41.7,66.5,135.1,109.4,61.0,70.5,,
1989-10-01,72.6,78.1,87.5,85.1,85.8,85.1,76.6,81.8,106.9,96.7,67.6,57.5,79.0,88.1,71.5,65.5,58.1,42.5,73.0,57.4,79.3,81.2,65.0,84.1,77.9,76.8,85.3,69.3,72.7,,79.7,76.0,79.7,103.0,90.7,70.8,74.9,76.8,,65.2,57.8,52.9,61.6,82.1,92.0,75.9,97.8,65.0,79.5,,98.9,77.8,40.7,66.5,135.9,109.4,61.0,70.7,,
1989-11-01,72.6,78.6,87.4,84.5,85.5,84.7,76.3,82.0,107.2,94.5,67.8,57.5,79.2,88.2,72.3,65.5,58.1,42.5,73.2,58.3,79.1,81.8,65.0,81.3,82.4,75.9,84.8,69.6,72.8,,79.8,76.6,79.7,104.0,91.1,70.8,75.2,74.9,,65.5,57.8,54.1,61.7,82.1,92.6,75.6,98.5,65.5,78.6,,96.5,79.8,40.4,67.5,135.5,109.4,61.3,70.9,,
1989-12-01,72.6,78.6,87.0,83.7,84.9,84.4,75.5,81.1,107.1,95.0,67.8,57.6,79.2,88.8,72.3,64.6,58.3,42.5,73.2,58.4,79.8,82.0,65.0,81.0,75.3,76.6,83.6,69.7,72.8,,80.0,76.8,79.7,104.8,91.5,70.8,75.7,75.2,,65.5,57.8,54.1,62.4,82.0,92.3,76.2,98.4,65.5,76.9,,96.5,79.2,43.5,67.5,135.5,109.8,61.6,70.8,,
1990-01-01,72.7,79.2,87.3,84.9,85.5,84.9,76.3,79.3,105.9,96.6,68.7,60.0,79.5,88.9,72.6,61.2,58.4,42.5,73.7,58.5,80.3,82.3,65.0,81.4,93.1,77.8,86.0,70.1,73.5,,80.1,76.3,79.7,105.8,92.1,70.8,76.0,77.2,,66.9,60.3,53.7,69.6,82.3,92.3,76.3,98.4,65.5,75.7,,96.1,79.5,42.6,67.5,135.5,109.8,62.0,71.1,,
1990-02-01,73.4,79.8,85.5,86.8,85.5,85.5,76.6,80.7,106.7,97.3,69.3,60.3,80.0,89.1,72.7,64.1,58.7,42.6,74.2,58.5,80.5,82.9,65.0,83.6,102.4,76.4,86.9,70.2,73.5,,80.4,76.3,79.7,106.5,92.9,70.8,76.7,77.2,,67.1,60.8,53.6,70.2,82.3,92.0,76.0,97.8,65.5,77.9,,98.5,79.3,44.6,68.1,136.3,109.7,62.1,71.7,,
1990-03-01,73.4,80.1,86.1,87.1,86.6,85.9,76.1,81.2,106.1,98.4,69.8,60.3,79.7,89.8,72.4,65.6,58.7,42.8,74.7,58.7,80.7,83.5,65.0,87.3,98.0,77.1,86.9,70.6,73.7,,80.6,75.5,79.7,107.5,92.9,71.0,76.8,77.1,,67.2,60.9,53.6,70.0,82.3,91.7,76.4,97.6,67.0,79.8,,100.8,78.8,46.2,68.1,136.3,109.7,62.7,71.8,,
1990-04-01,73.9,80.7,86.3,87.3,85.5,85.7,75.8,82.5,107.4,98.1,70.6,60.4,79.5,90.0,72.6,65.6,58.7,42.8,75.3,59.0,81.2,83.9,68.6,85.9,84.8,77.9,87.6,70.8,74.5,,80.8,75.7,85.8,108.6,93.1,71.0,77.1,77.2,,67.7,62.0,53.0,69.3,82.4,92.6,76.8,97.7,67.0,81.1,,103.7,77.5,45.3,68.1,136.4,109.4,62.9,72.1,,
1990-05-01,73.9,80.7,86.9,86.5,84.7,86.4,76.2,81.6,105.1,94.6,71.1,60.5,79.0,90.4,72.9,67.2,59.6,42.8,76.3,62.3,80.6,84.3,68.6,88.1,84.8,78.4,87.0,71.0,75.1,,81.0,75.9,82.3,109.7,92.9,71.0,76.8,78.0,,69.1,62.2,53.0,68.8,82.4,92.6,77.3,97.9,67.1,79.7,,103.5,77.1,45.3,69.6,137.5,109.4,63.0,73.4,,
1990-06-01,73.9,80.9,87.4,87.1,86.3,86.6,76.9,82.2,106.4,96.0,71.4,60.7,79.2,90.3,72.9,67.3,59.8,42.8,76.7,62.3,81.0,84.2,68.6,92.8,88.7,80.8,86.9,71.2,75.1,,81.2,76.3,82.3,111.1,92.2,71.0,76.4,77.3,,69.2,62.3,53.0,68.8,82.4,92.6,77.2,97.5,66.8,79.7,,98.6,77.4,45.4,69.6,137.4,109.3,63.0,73.5,,
1990-07-01,73.9,81.3,87.5,87.4,85.8,86.3,76.6,81.3,106.0,97.7,72.6,61.1,79.2,90.5,73.0,69.6,60.0,42.8,76.8,62.4,80.8,84.4,68.6,96.4,88.5,81.1,87.7,71.6,76.0,,81.5,76.4,82.3,112.5,90.8,71.0,75.3,77.9,,69.4,62.7,50.4,68.8,82.4,92.6,77.1,97.5,69.0,78.9,,98.8,77.4,50.7,69.6,138.1,110.7,63.2,73.5,,
1990-08-01,73.9,81.4,87.8,89.2,86.5,88.1,76.9,82.3,106.8,98.9,72.7,61.1,79.5,90.4,73.4,69.6,60.0,42.8,76.8,62.5,80.4,84.7,68.6,96.0,79.4,80.4,87.1,71.8,76.0,,82.1,76.5,82.3,114.0,90.1,71.0,74.8,78.3,,69.5,62.7,50.4,68.8,82.4,92.6,77.2,97.7,69.0,81.5,,99.8,77.1,50.7,70.2,138.2,110.9,63.8,74.6,,
1990-09-01,75.5,81.7,88.1,87.6,86.9,85.3,77.2,83.3,97.7,98.6,73.4,61.3,81.4,90.7,73.5,69.7,60.6,47.8,76.8,63.6,81.0,84.8,69.0,90.5,72.4,81.5,87.8,72.1,76.2,,82.3,76.8,84.5,115.1,89.2,71.0,74.2,79.9,,69.5,62.8,50.5,70.8,82.3,93.1,77.6,97.8,69.0,82.5,,103.3,77.0,48.3,70.2,137.2,109.7,64.6,74.6,,
1990-10-01,77.5,82.4,88.2,87.3,87.6,87.2,77.0,83.4,106.7,97.5,75.8,61.3,81.7,90.9,74.0,67.2,62.6,48.2,77.0,64.4,81.5,85.1,69.0,86.7,78.6,81.9,87.8,72.5,76.7,,82.6,77.8,86.4,116.1,88.1,77.0,73.9,80.0,,69.5,62.8,50.5,75.2,82.2,93.8,77.6,98.9,69.5,83.1,,101.5,77.0,47.6,70.2,137.8,109.2,65.0,74.6,,
1990-11-01,77.5,82.6,87.6,86.9,86.9,86.5,76.6,83.8,104.4,95.6,77.4,61.4,81.9,90.4,75.1,67.3,62.6,48.2,77.3,64.6,81.8,85.4,69.0,85.9,82.1,81.3,87.1,72.7,76.9,,82.9,78.2,86.4,117.1,87.3,77.0,73.3,79.7,,69.5,62.8,51.6,84.4,82.2,94.3,78.1,98.5,70.0,83.1,,100.0,79.4,49.4,71.3,137.2,109.2,65.0,75.6,,
1990-12-01,77.5,82.4,87.4,85.9,86.8,86.3,77.0,83.4,108.0,94.5,77.1,61.4,82.2,91.5,74.9,66.4,63.0,48.3,77.3,64.6,82.3,85.7,69.0,85.6,77.5,81.9,84.3,73.1,76.9,,83.0,77.9,86.4,117.9,86.2,77.0,72.5,79.1,,69.5,62.8,51.5,89.0,81.2,94.0,77.6,97.9,70.2,80.8,,100.2,79.1,52.3,71.3,136.7,108.6,65.7,75.6,,
1991-01-01,78.4,85.1,90.2,93.1,90.7,92.7,78.3,87.1,110.6,97.8,78.6,65.3,82.2,96.9,76.6,66.7,64.5,48.8,77.9,65.7,82.6,87.7,69.0,92.7,83.2,82.1,89.4,78.1,83.0,,83.1,78.0,90.2,118.5,86.0,77.0,72.3,83.9,,76.9,66.3,57.0,95.0,83.0,97.9,80.0,99.3,74.7,86.6,,99.5,77.4,53.6,76.3,140.7,113.0,71.7,81.0,,
1991-02-01,79.1,85.4,90.3,95.5,93.8,94.1,78.0,88.5,115.5,97.1,75.2,65.4,82.2,95.5,75.9,68.4,64.6,49.0,78.3,65.7,81.7,87.8,69.0,95.2,83.7,81.4,89.2,78.2,83.1,,83.5,80.1,90.2,119.0,85.8,77.0,72.2,82.9,,76.9,66.6,57.0,90.7,83.0,95.7,78.5,99.5,74.7,87.9,,105.0,77.3,54.4,78.1,141.1,113.3,71.8,81.6,,
1991-03-01,79.1,85.4,90.3,96.2,95.7,95.3,78.0,92.8,115.6,98.7,73.5,65.6,83.3,95.1,75.2,69.9,64.6,49.1,78.3,79.0,82.2,88.3,69.0,99.2,80.7,80.9,89.5,78.5,83.2,,83.6,81.1,90.2,119.3,84.7,77.0,71.6,81.9,,76.9,66.7,57.0,82.8,83.0,94.7,78.8,99.3,74.9,90.0,,105.0,76.6,55.6,78.1,141.2,113.3,72.0,81.6,,
1991-04-01,79.3,86.0,91.2,96.0,95.3,94.7,77.8,92.4,114.6,100.8,72.9,65.7,82.8,94.9,74.9,70.6,64.5,49.1,79.4,79.6,82.0,88.4,72.1,98.4,89.8,80.0,89.4,78.8,83.3,,83.7,81.1,87.4,119.3,85.4,77.0,72.1,82.1,,77.2,66.9,56.8,76.5,82.9,95.5,78.7,99.3,74.9,91.8,,105.0,76.1,54.8,78.1,140.7,112.1,72.1,81.6,,
1991-05-01,79.4,86.6,91.0,95.6,95.8,96.1,78.8,93.0,115.6,99.5,74.3,65.7,82.6,95.0,75.0,71.3,65.3,49.1,79.9,84.4,81.0,88.4,72.1,100.3,93.7,79.4,88.7,79.1,83.6,,83.9,81.3,91.1,119.5,86.0,77.0,72.7,80.7,,79.1,67.1,56.8,75.3,83.5,97.3,78.5,99.4,75.0,90.6,,99.6,76.0,53.2,78.9,140.1,112.1,72.4,82.1,,
1991-06-01,79.4,87.1,91.5,95.7,94.9,96.2,79.1,92.1,113.9,98.9,74.6,65.9,82.6,95.2,74.9,71.4,65.3,49.2,80.5,85.1,81.8,88.6,72.1,102.9,110.5,80.5,88.7,79.1,83.6,,84.1,81.3,91.1,119.3,87.2,77.0,73.5,82.1,,79.1,67.1,55.4,75.3,83.5,98.1,78.2,99.6,75.2,90.6,,99.6,75.4,54.1,78.9,139.8,110.6,72.5,82.1,,
1991-07-01,79.4,87.1,91.5,96.7,94.9,97.6,79.2,90.9,112.1,99.9,75.0,67.0,82.7,95.0,74.6,73.3,65.6,49.2,80.9,85.1,81.1,89.0,72.1,105.4,100.3,80.5,88.3,79.2,83.6,,84.3,81.2,91.1,119.0,87.3,77.0,73.6,83.0,,79.4,67.6,57.1,75.3,83.1,98.4,78.1,99.6,75.9,88.2,,99.6,75.2,56.3,78.9,139.8,110.6,72.5,82.1,,
1991-08-01,79.4,86.5,91.8,97.6,96.0,97.9,79.8,90.6,114.0,98.7,74.9,67.0,82.6,94.4,75.4,73.3,65.6,49.2,81.0,85.2,81.2,88.7,72.1,105.6,83.2,80.3,88.6,79.5,83.6,,84.9,81.3,91.1,118.8,87.7,77.0,73.9,84.8,,79.5,67.6,57.1,75.3,83.2,98.3,78.2,99.7,75.9,89.3,,102.4,76.0,56.1,79.1,139.8,110.6,72.7,82.9,,
1991-09-01,80.6,86.9,92.8,96.5,94.9,95.9,79.9,91.8,109.6,98.9,75.2,67.3,82.2,93.9,75.5,73.3,65.7,54.7,81.0,85.6,81.1,88.6,72.4,100.8,74.0,79.9,87.7,79.6,83.8,,84.9,81.5,90.6,118.7,87.6,77.0,73.9,84.2,,79.5,67.6,57.0,74.0,83.2,98.5,77.2,99.8,75.9,90.9,,102.4,76.1,52.4,79.1,139.7,110.4,72.4,82.8,,
1991-10-01,81.3,86.7,91.2,96.1,94.7,95.6,79.2,92.3,110.8,99.2,74.1,67.3,82.2,92.9,75.2,71.8,66.8,55.1,81.0,86.9,81.4,88.5,72.4,93.0,72.1,79.0,87.5,79.7,84.1,,85.2,82.2,93.0,118.3,87.7,80.9,73.9,84.8,,79.5,67.6,56.9,73.8,83.8,95.7,77.3,99.3,75.6,90.7,,102.4,76.1,52.5,79.1,139.2,108.8,72.4,82.8,,
1991-11-01,83.1,86.8,91.0,95.4,94.5,94.9,78.0,91.8,104.3,97.1,74.0,67.3,82.9,93.3,76.1,71.8,66.8,55.1,81.0,86.7,81.5,88.8,72.4,89.9,79.8,79.3,85.9,80.0,84.2,,85.4,82.9,93.0,118.1,87.9,80.9,74.2,84.4,,79.3,67.6,57.7,74.3,83.8,95.3,77.0,99.2,76.1,90.5,,103.2,79.3,52.1,80.5,138.3,108.9,72.3,83.1,,
1991-12-01,83.1,87.1,90.6,94.8,92.7,94.9,77.4,88.3,108.3,94.1,72.9,67.3,83.0,93.2,75.4,69.3,66.9,55.3,81.0,86.7,81.6,88.9,72.4,85.9,77.7,78.6,84.2,80.1,84.2,,85.5,82.7,93.0,117.6,87.6,80.9,73.9,85.2,,79.3,67.6,59.1,76.5,83.7,95.7,76.7,98.3,76.3,89.4,,103.2,78.3,53.7,80.5,137.4,108.3,73.1,83.1,,
1992-01-01,83.2,87.1,90.7,94.5,94.9,95.9,78.7,88.3,111.6,96.0,74.9,70.4,83.1,94.2,75.8,64.1,67.4,55.3,81.5,87.8,81.2,89.2,72.4,87.4,81.9,78.6,86.2,80.1,84.7,,85.6,82.2,93.0,116.8,87.4,80.9,73.9,85.3,,82.5,71.3,60.2,76.2,84.3,95.4,77.2,98.3,76.3,87.0,,103.2,77.7,52.5,80.5,137.7,108.3,73.1,83.2,,
1992-02-01,84.3,87.4,91.6,97.9,96.7,97.2,78.7,91.4,110.6,95.0,73.3,70.6,83.1,93.5,75.4,66.4,67.4,55.3,81.8,87.8,81.0,89.4,72.4,88.1,86.9,78.2,84.8,80.2,84.8,,85.8,82.7,93.0,116.5,87.4,80.9,74.4,85.5,,82.5,72.2,60.1,75.7,84.7,93.8,76.8,98.3,76.3,89.6,,102.0,77.7,51.7,80.7,137.7,107.8,73.4,83.5,,
1992-03-01,84.3,87.5,91.3,97.6,97.0,97.2,79.0,93.0,116.2,98.2,73.1,73.0,82.8,93.7,75.8,67.2,67.4,55.2,82.1,88.1,81.5,89.7,72.4,90.0,92.2,77.9,84.7,80.2,84.8,,86.0,83.2,93.0,115.9,87.2,80.9,74.2,84.7,,82.6,72.4,60.2,76.1,84.7,93.2,76.9,98.5,77.3,90.0,,102.0,79.5,53.0,80.7,137.9,107.8,73.1,83.5,,
1992-04-01,84.9,87.8,90.5,96.9,96.2,97.2,79.1,95.2,114.2,95.1,73.4,73.1,82.7,94.4,75.9,67.4,66.8,55.2,83.5,87.8,81.6,89.9,76.5,89.9,95.2,78.1,85.2,80.2,85.0,,86.2,83.1,88.0,115.8,87.3,80.9,74.3,82.7,,82.8,72.5,58.6,76.1,84.7,92.8,76.6,98.4,77.3,90.6,,102.0,79.7,52.4,80.7,137.9,106.0,73.1,83.7,,
1992-05-01,84.9,86.5,90.7,96.4,96.7,97.3,80.0,93.7,110.8,92.5,74.1,73.1,83.0,93.9,76.4,69.7,67.2,55.2,83.7,88.1,82.1,89.9,76.5,91.9,86.4,78.5,85.0,80.5,85.0,,86.2,82.4,94.0,115.7,87.3,80.9,74.3,84.1,,83.7,72.5,58.6,75.3,84.7,93.2,76.6,98.5,77.1,89.1,,103.7,79.7,51.8,81.2,137.1,106.0,73.1,84.2,,
1992-06-01,84.9,86.0,90.5,96.7,95.2,96.9,80.5,91.6,111.6,92.4,75.3,73.4,83.3,94.1,76.7,69.7,67.2,55.1,84.2,88.1,82.6,89.9,76.5,96.9,87.4,79.1,85.5,80.5,85.0,,86.5,82.5,94.0,115.5,87.3,80.9,74.3,82.6,,83.7,72.5,58.6,75.3,84.1,93.9,75.9,98.4,77.2,89.1,,103.7,79.8,52.4,81.2,136.6,105.7,73.2,84.3,,
1992-07-01,85.0,86.2,91.3,96.3,94.6,97.0,82.2,91.2,111.0,92.5,76.4,73.8,83.0,94.8,76.7,71.9,68.1,55.1,84.4,88.2,82.9,90.5,76.5,96.5,86.5,78.2,85.9,80.6,85.5,,86.6,82.6,94.0,114.9,87.7,80.9,74.7,83.8,,84.1,72.9,58.9,75.3,84.2,93.6,77.0,98.5,78.1,85.2,,103.7,79.3,55.7,82.5,136.8,105.7,73.6,84.3,,
1992-08-01,85.0,86.4,90.7,97.9,96.5,97.6,82.4,93.5,110.1,94.5,75.7,73.9,83.3,94.8,76.8,72.0,68.1,55.1,85.0,88.2,82.9,90.5,76.5,98.8,80.0,78.6,85.6,80.7,85.5,,86.9,83.1,94.0,114.2,87.5,80.9,74.5,85.5,,84.3,72.9,58.6,75.3,84.2,94.3,76.7,98.7,78.1,88.1,,105.3,78.4,55.8,82.5,137.4,105.7,73.2,84.9,,
1992-09-01,85.5,86.9,91.2,96.9,95.9,95.7,82.9,92.2,106.6,95.4,75.3,73.9,83.5,94.8,76.8,72.1,68.2,58.4,85.1,88.2,83.1,90.7,76.6,95.2,77.0,78.8,85.5,80.7,85.6,,87.2,83.0,87.2,113.3,87.5,80.9,74.5,84.3,,84.3,72.9,58.6,75.5,84.5,94.1,76.8,98.8,78.1,89.6,,105.3,78.7,53.0,82.5,136.0,105.0,73.1,84.8,,
1992-10-01,86.1,86.7,90.6,97.2,96.6,97.6,84.1,91.5,110.5,97.6,75.2,73.8,83.6,94.8,76.6,69.9,69.0,58.2,85.2,88.1,83.0,90.7,76.6,89.8,78.5,79.0,85.5,80.9,86.0,,87.4,82.9,91.3,112.2,87.4,87.5,74.5,82.6,,84.5,72.9,58.6,75.9,84.4,94.1,75.9,98.1,77.9,89.9,,105.3,78.7,53.6,82.5,135.5,104.3,73.1,85.0,,
1992-11-01,87.0,87.1,90.5,95.3,95.3,96.2,83.2,92.2,112.0,96.8,75.7,73.8,83.8,95.4,77.9,69.9,69.1,58.2,85.2,88.6,83.2,90.8,76.6,86.4,83.3,79.6,85.6,80.9,86.1,,87.5,82.7,91.3,111.9,87.5,87.5,74.6,83.4,,84.5,72.9,59.5,76.5,84.4,94.3,76.6,98.6,78.3,88.7,,102.7,82.6,54.4,82.7,135.7,104.3,73.3,85.2,,
1992-12-01,87.1,87.1,91.0,95.2,94.4,95.9,83.1,90.4,116.8,92.4,75.4,73.8,83.7,95.2,77.8,67.8,69.1,58.5,84.9,88.7,83.6,91.1,76.6,86.1,84.9,80.1,85.9,80.9,86.1,,87.7,82.5,91.3,111.6,87.9,87.5,75.0,84.8,,84.5,72.9,60.3,76.8,84.4,95.2,76.7,97.8,78.2,87.2,,102.7,82.2,55.0,82.7,135.5,103.8,73.9,85.2,,
1993-01-01,87.1,87.1,90.9,96.8,95.6,97.8,84.6,91.0,118.3,98.9,75.8,74.9,84.0,96.4,78.1,64.6,69.8,58.5,85.1,88.7,83.3,91.4,76.6,87.4,89.9,80.8,86.3,81.0,86.7,,87.8,82.4,91.3,111.4,87.9,87.5,74.9,84.6,,86.6,75.9,60.5,76.6,85.0,95.5,76.9,97.8,78.2,87.3,,102.7,82.5,55.0,82.7,135.5,103.8,74.0,85.4,,
1993-02-01,87.5,87.8,91.4,98.1,97.6,99.3,84.7,91.6,115.9,96.2,75.4,75.4,83.1,96.3,78.1,67.3,69.9,58.5,85.4,88.7,83.3,91.7,76.6,89.0,92.4,81.6,87.1,81.1,86.7,,87.9,82.5,91.3,111.1,87.7,87.5,74.8,83.0,,86.6,76.6,60.5,76.8,85.0,95.4,76.6,98.1,78.2,88.9,,98.2,82.5,56.6,83.3,136.8,104.4,74.0,85.8,,
1993-03-01,87.5,87.2,90.6,98.2,97.9,99.6,85.2,91.8,118.9,96.8,75.2,75.4,82.4,96.5,78.1,68.1,70.0,58.6,85.4,88.6,82.9,91.9,76.6,85.9,96.5,80.6,86.3,81.1,86.7,,88.1,82.5,91.3,110.9,87.9,87.5,75.0,83.9,,86.6,76.7,60.5,76.8,84.9,94.4,76.9,98.1,79.2,89.3,,98.2,82.4,58.1,83.3,136.7,104.4,73.8,85.7,,
1993-04-01,87.7,87.9,91.6,97.9,97.4,99.5,85.2,94.5,117.4,100.0,75.4,75.4,82.6,96.8,78.2,68.2,70.2,58.6,85.9,88.7,82.9,91.8,78.7,86.7,93.1,80.5,86.2,81.1,86.4,,88.2,82.3,90.1,110.4,88.3,87.5,75.5,82.3,,87.1,76.8,60.6,77.4,85.0,94.3,77.1,98.3,79.2,90.2,,98.5,81.4,56.8,83.3,137.5,104.6,73.9,85.8,,
1993-05-01,87.9,85.6,91.9,96.8,96.2,98.5,85.4,92.5,117.8,88.7,75.8,75.4,82.4,97.1,78.1,69.0,71.0,58.6,85.8,88.7,82.6,92.0,78.7,87.4,102.4,81.5,86.3,81.3,86.8,,88.2,83.1,84.6,109.8,88.7,87.5,75.8,79.7,,87.1,76.9,60.8,77.4,85.2,93.9,77.6,98.4,79.2,89.9,,102.1,81.4,55.8,83.6,138.3,104.6,74.0,86.2,,
1993-06-01,87.9,86.4,91.4,97.2,97.7,99.5,85.4,91.7,114.6,89.5,76.4,75.7,82.5,96.7,78.4,69.0,71.0,58.7,85.8,88.3,83.2,92.2,78.7,87.6,99.4,81.9,87.0,81.3,86.8,,88.4,85.1,84.6,109.3,88.1,87.5,78.7,80.4,,87.1,76.9,60.9,77.4,85.2,94.8,77.8,98.5,79.2,89.3,,102.1,81.4,54.4,83.6,138.3,104.7,74.5,86.2,,
1993-07-01,87.9,87.2,91.5,97.0,97.2,98.6,85.6,90.6,112.6,92.4,77.0,76.0,82.5,97.0,78.6,72.5,71.0,58.7,85.5,89.0,83.9,92.1,78.7,89.3,93.5,82.6,87.1,81.3,87.3,,88.5,84.5,84.6,108.7,88.4,87.5,79.0,79.6,,87.5,77.1,60.5,77.4,85.3,95.4,77.7,98.4,79.2,87.7,,102.1,81.9,57.0,83.6,137.8,104.7,74.7,86.0,,
1993-08-01,87.9,86.7,90.9,97.7,97.0,98.7,85.7,91.6,114.2,98.7,76.8,76.0,82.6,97.4,78.8,72.5,70.9,58.7,85.7,89.7,83.8,92.1,78.7,91.4,85.2,82.0,87.7,81.3,87.3,,88.8,84.5,84.6,108.0,88.4,87.5,78.9,81.6,,87.5,77.1,60.5,77.4,85.3,94.9,77.8,98.6,79.2,89.3,,102.3,81.9,57.6,84.2,138.2,104.7,75.0,86.3,,
1993-09-01,88.5,87.2,92.5,97.6,96.5,99.1,85.4,93.3,115.0,102.0,77.0,76.0,82.7,97.2,78.8,72.5,70.9,62.5,85.7,89.6,83.2,92.2,79.2,91.9,78.6,82.2,87.3,81.3,87.3,,88.9,84.3,84.2,107.5,88.6,87.5,79.1,81.7,,87.5,77.1,60.5,77.0,85.6,94.6,77.8,99.4,79.2,91.6,,102.3,82.2,56.9,84.2,137.5,104.3,75.0,86.3,,
1993-10-01,89.0,87.5,92.1,97.6,95.8,98.6,85.4,95.8,114.6,93.9,76.7,75.9,82.5,98.3,78.8,70.5,71.4,62.4,85.5,89.6,84.0,92.0,79.2,91.9,80.5,81.8,87.1,81.3,87.5,,89.1,85.4,88.6,107.2,88.7,90.2,79.1,83.2,,87.6,77.2,61.5,77.0,85.8,94.5,77.9,99.0,79.5,91.7,,102.3,82.2,56.2,84.2,139.0,104.7,75.0,86.2,,
1993-11-01,89.0,87.3,91.6,96.7,96.5,98.7,84.2,94.2,114.6,97.3,76.7,75.9,82.7,97.8,80.2,70.6,71.4,62.4,85.5,89.5,84.1,91.8,79.2,90.6,87.3,82.0,86.8,81.3,87.5,,89.2,85.1,88.6,106.5,88.6,90.2,79.0,82.1,,87.6,77.2,65.0,77.2,85.8,94.8,77.6,98.2,79.8,90.8,,97.8,87.2,56.3,84.0,138.2,104.7,74.9,86.7,,
1993-12-01,89.0,87.7,91.0,96.3,94.9,97.8,83.6,92.9,112.5,94.5,75.8,75.9,83.0,97.9,80.1,68.4,71.4,62.5,85.2,89.4,84.4,91.8,79.2,87.8,91.1,83.1,86.7,81.4,87.5,,89.4,84.7,88.6,105.6,88.5,90.2,79.0,84.1,,87.6,77.2,66.6,77.0,85.4,95.4,78.2,97.8,79.8,88.6,,97.8,87.0,58.8,84.0,138.2,104.4,75.6,86.6,,
1994-01-01,90.1,87.7,90.3,97.8,96.0,99.2,84.3,90.4,116.2,98.4,74.6,76.2,83.3,98.5,79.9,65.4,72.3,62.6,85.2,89.4,84.4,92.2,79.2,86.9,95.4,82.5,87.2,81.7,87.8,,89.5,84.3,88.6,104.7,88.4,90.2,78.9,82.6,,87.5,78.9,68.6,76.7,85.7,95.4,77.9,97.8,79.8,90.0,,97.8,87.2,56.8,84.0,138.2,104.4,75.8,86.7,,
1994-02-01,90.6,89.0,91.5,99.7,97.9,100.8,84.5,93.3,112.6,95.5,76.4,76.4,82.8,98.9,80.1,68.1,72.3,62.6,85.7,55.1,84.4,92.3,79.2,87.6,88.0,82.9,87.6,81.8,87.8,,89.5,84.1,88.6,103.7,88.4,90.2,78.9,82.8,,87.5,79.0,69.9,77.1,85.7,94.4,77.8,98.2,79.8,91.5,,101.9,87.6,59.1,84.6,138.8,104.3,76.1,87.1,,
1994-03-01,90.6,88.5,91.0,99.7,98.4,101.7,84.5,95.8,118.3,101.2,76.5,76.4,80.2,98.5,80.1,69.9,72.5,62.4,85.7,54.5,84.4,91.8,79.2,86.4,86.8,82.3,87.2,82.0,87.8,,89.6,84.7,88.6,102.9,88.2,90.2,78.7,83.8,,87.6,79.0,69.9,77.4,85.6,93.2,77.2,98.9,80.4,91.2,,101.9,87.5,58.2,84.6,138.8,104.3,75.8,87.1,,
1994-04-01,90.7,89.0,91.6,99.5,98.7,101.7,84.8,96.5,117.4,90.5,77.1,76.5,82.6,98.8,80.9,69.9,72.5,62.4,85.6,53.6,85.2,92.2,80.9,86.3,86.8,81.8,87.7,82.0,88.2,,89.8,84.7,77.9,102.3,88.2,90.2,79.2,78.9,,87.9,79.2,65.1,76.7,85.6,92.8,77.6,98.2,80.4,91.2,,101.9,87.6,59.3,84.6,138.5,103.6,76.4,87.1,,
1994-05-01,90.7,86.4,90.8,97.1,96.6,100.3,84.6,94.1,114.2,89.2,77.7,76.5,82.0,98.0,81.6,71.0,73.1,62.4,85.3,53.3,84.5,92.1,80.9,88.1,89.1,82.1,86.7,81.8,88.1,,89.9,84.8,86.1,102.3,88.3,90.2,79.2,80.5,,87.7,79.2,65.0,76.1,85.5,91.4,76.2,98.1,80.4,90.2,,99.2,87.3,57.6,85.4,138.8,103.3,76.2,86.9,,
1994-06-01,90.7,86.2,91.5,97.8,96.7,100.7,83.5,95.7,112.3,95.5,78.7,76.8,82.4,97.0,81.6,71.0,73.1,62.6,85.4,53.2,84.7,91.9,80.9,87.4,93.2,82.2,86.3,81.8,88.1,,89.9,84.3,86.1,102.3,88.4,90.2,79.2,81.7,,87.7,79.2,65.0,76.1,85.5,91.0,76.2,98.2,80.2,91.2,,99.2,87.2,59.2,85.4,138.3,103.1,76.7,86.9,,
1994-07-01,90.7,87.1,90.8,98.1,96.7,99.1,84.7,94.9,116.2,101.3,79.1,77.0,82.8,95.5,81.7,74.7,73.3,62.6,85.0,53.1,85.0,92.0,80.9,91.0,93.7,81.9,87.1,82.0,88.4,,90.0,84.7,86.1,102.5,88.5,90.2,79.3,80.5,,87.7,79.7,65.0,76.1,85.5,91.0,76.2,98.2,80.7,90.9,,99.2,87.6,65.4,85.4,138.3,103.1,77.1,86.4,,
1994-08-01,90.7,86.7,90.5,98.8,96.6,100.2,85.2,93.3,118.0,98.9,79.7,77.0,82.7,94.8,81.9,74.8,73.5,62.6,85.4,53.0,84.8,91.8,80.9,94.6,83.4,81.9,88.2,82.2,88.5,,90.2,84.6,86.1,103.3,88.4,90.2,79.4,80.8,,87.7,79.8,65.1,76.1,85.5,90.4,76.3,98.2,80.7,90.8,,99.9,87.6,65.2,86.2,138.5,103.1,77.1,86.4,,
1994-09-01,91.2,86.5,93.2,98.7,95.7,98.8,86.0,94.9,114.0,103.2,79.1,77.0,83.0,95.6,81.9,74.8,73.6,67.0,85.4,53.0,84.9,91.7,81.3,90.9,73.5,82.2,89.3,82.6,88.6,,90.4,84.3,84.8,103.7,88.6,90.2,79.4,81.1,,87.7,79.8,65.1,76.1,85.5,89.5,76.4,98.8,80.7,92.9,,99.9,88.0,63.0,86.2,138.2,103.2,77.7,86.3,,
1994-10-01,91.7,86.2,92.2,98.6,94.9,98.2,85.8,97.0,113.8,97.1,77.9,77.0,82.7,95.2,81.7,72.9,74.2,67.0,85.7,53.0,85.7,91.8,81.3,87.5,75.9,82.2,90.7,82.7,88.7,,90.5,85.6,78.6,104.1,88.7,91.4,79.5,79.9,,87.7,79.8,65.3,75.3,85.5,89.5,76.2,99.0,81.1,93.3,,99.9,88.0,61.9,86.2,138.5,102.8,78.0,86.4,,
1994-11-01,91.7,86.5,91.2,96.7,95.6,97.3,86.0,97.8,114.6,96.8,78.9,77.0,83.4,95.2,82.9,72.9,74.2,67.0,85.9,53.1,85.5,91.9,81.3,85.5,82.9,80.8,91.2,82.8,88.8,,90.7,85.4,78.6,104.5,88.7,91.4,79.7,78.3,,87.7,79.9,67.0,75.3,85.5,90.5,76.6,99.2,81.7,92.7,,102.9,91.6,61.6,86.5,138.1,102.8,78.0,86.7,,
1994-12-01,91.7,86.2,92.5,97.2,95.4,97.5,86.8,95.4,114.2,94.9,79.0,77.0,84.0,94.9,82.9,71.4,74.2,67.0,85.8,53.1,86.2,91.5,81.3,82.5,86.4,80.5,91.8,82.8,88.8,84.7,90.8,84.9,78.6,104.8,88.6,91.4,79.7,79.0,90.2,87.7,79.9,69.0,75.3,85.3,91.5,76.9,99.3,81.6,92.2,96.0,102.9,91.5,65.9,86.5,138.2,102.7,78.1,86.6,52.5,
1995-01-01,91.8,86.7,93.0,98.8,96.1,97.8,87.1,93.3,112.6,98.4,79.2,77.6,84.5,95.8,82.2,69.9,73.2,67.0,86.1,53.0,86.8,91.6,81.3,86.7,92.5,80.9,94.4,83.0,89.1,84.8,90.9,85.7,78.6,105.5,88.6,91.4,80.0,80.7,90.1,87.6,81.6,67.9,75.5,85.5,92.3,78.2,99.3,81.6,87.0,91.8,102.9,92.7,61.0,86.5,136.4,102.7,79.0,86.6,52.5,
1995-02-01,92.2,87.9,93.0,100.4,97.5,97.6,87.7,96.4,112.6,103.0,79.7,77.6,84.7,95.8,82.6,72.6,74.1,67.0,86.2,53.1,88.0,91.8,81.3,86.3,92.5,81.8,95.5,83.1,89.1,85.0,91.0,86.5,78.6,106.2,88.6,91.4,80.5,78.9,90.0,87.6,82.0,66.4,75.5,85.5,92.9,78.9,99.6,81.6,94.5,92.8,97.6,92.8,61.3,86.4,135.6,103.5,79.1,87.1,52.5,
1995-03-01,92.3,87.5,93.2,98.9,97.7,96.8,87.7,94.6,115.0,103.1,80.3,77.6,84.8,95.1,83.0,74.3,76.1,67.2,86.1,54.4,88.0,91.7,81.3,84.9,91.9,82.2,94.9,83.2,89.3,85.1,91.1,86.5,78.6,106.7,88.4,91.4,80.6,80.2,89.8,87.6,82.0,66.4,74.9,85.5,92.7,80.2,101.0,81.4,93.8,95.0,97.6,93.0,61.6,86.4,135.2,103.6,79.5,87.1,53.6,
1995-04-01,92.8,87.9,93.3,100.4,98.1,97.9,87.9,96.3,115.9,95.8,81.5,77.6,85.2,95.2,83.8,74.3,76.3,67.2,86.5,54.5,89.0,91.4,82.1,86.7,101.1,82.6,94.5,83.4,89.6,85.3,91.2,87.0,75.9,107.2,88.3,91.4,80.3,79.1,90.0,86.5,82.1,60.3,74.9,85.6,92.5,81.0,100.7,81.4,92.4,93.3,97.6,92.7,60.4,86.4,134.2,103.2,80.7,87.1,53.7,
1995-05-01,92.8,87.6,93.0,98.3,97.0,97.3,88.4,95.8,114.5,94.8,83.0,77.6,85.2,95.0,84.9,76.9,76.8,67.2,86.6,55.3,87.7,91.6,82.1,87.8,94.2,81.6,94.7,83.4,90.2,85.5,91.3,87.0,84.9,107.5,88.2,91.4,80.3,82.9,89.9,86.5,82.1,60.5,75.1,85.7,92.8,83.5,100.8,81.4,92.7,92.0,94.6,92.7,61.0,86.5,134.8,103.2,80.9,87.5,54.6,
1995-06-01,92.8,87.7,91.6,97.9,94.9,98.4,88.4,96.2,114.2,96.1,82.7,77.6,85.2,94.8,84.5,76.9,76.9,67.6,86.7,55.3,88.0,91.6,82.1,87.2,97.1,81.8,94.2,83.6,90.2,85.7,91.3,87.0,84.9,107.7,88.0,91.4,80.3,82.6,89.7,87.4,82.1,61.1,75.1,85.9,92.8,84.6,100.0,81.4,91.5,94.0,94.6,93.0,62.7,86.5,134.4,102.4,82.8,87.5,54.7,
1995-07-01,92.9,88.0,91.6,97.1,96.7,95.2,88.4,95.3,111.0,97.1,82.3,77.7,85.3,95.2,84.6,85.7,77.0,67.6,86.9,55.3,87.4,91.7,82.1,90.9,91.4,82.7,94.3,83.7,90.8,85.9,91.4,86.0,84.9,107.5,87.8,91.4,80.0,83.2,89.5,87.4,83.5,60.9,75.1,85.9,93.2,85.7,100.0,81.2,88.6,92.7,94.6,93.0,66.9,86.5,133.8,102.4,83.5,87.5,54.6,
1995-08-01,92.9,88.4,91.1,98.2,97.0,93.9,88.6,97.2,111.9,102.5,81.7,77.7,85.0,94.6,84.4,85.7,76.9,67.6,87.0,55.3,87.8,91.9,82.1,91.3,76.0,83.1,94.8,83.9,90.8,86.0,91.6,85.8,84.9,107.4,87.9,91.4,80.5,83.0,89.5,87.4,83.5,60.9,75.1,86.2,93.1,87.7,100.0,81.2,91.2,95.8,97.7,93.0,65.8,86.6,133.6,102.4,83.5,87.8,54.6,
1995-09-01,93.4,88.1,92.3,99.5,97.2,94.3,88.8,97.5,114.4,100.3,81.9,81.1,85.5,93.6,84.4,85.7,76.9,71.0,86.9,55.3,88.9,91.9,82.4,87.7,71.8,83.4,94.9,84.1,91.0,86.2,91.7,85.5,84.9,107.4,87.8,91.4,80.4,81.9,89.5,87.4,83.5,60.9,74.8,86.2,92.1,88.6,100.4,81.2,94.7,98.4,97.7,93.4,63.7,86.6,133.3,101.8,83.6,87.9,54.7,
1995-10-01,94.1,88.3,92.2,97.4,98.2,98.4,89.0,97.2,114.6,98.8,81.5,81.3,85.6,94.5,84.5,80.1,77.5,71.2,87.6,55.5,89.9,91.8,82.4,86.7,71.8,83.3,94.9,84.2,90.8,86.2,91.9,86.8,76.7,107.5,87.6,92.9,80.6,80.0,89.3,87.4,83.6,58.4,74.7,85.9,91.0,90.6,100.6,81.2,94.5,96.3,97.7,93.4,62.7,86.6,134.8,101.6,83.8,87.9,54.7,
1995-11-01,94.1,88.3,91.5,97.9,98.6,97.6,88.7,97.5,113.0,99.0,80.8,81.3,85.9,93.7,85.3,80.1,77.6,71.2,87.8,55.3,90.0,91.7,82.4,86.8,73.2,82.7,94.6,84.2,90.5,86.1,92.0,87.1,76.7,107.5,87.3,92.9,80.4,80.0,89.1,87.4,83.6,62.4,75.0,85.9,91.5,90.7,100.4,80.8,93.3,95.1,91.6,96.8,62.2,87.4,134.9,101.6,83.8,88.0,54.6,
1995-12-01,94.1,88.1,92.1,95.4,95.8,96.6,88.1,94.2,108.1,95.1,81.4,81.3,85.7,94.0,85.1,73.4,77.6,70.9,87.5,55.4,91.5,91.7,82.4,86.7,78.2,82.5,94.2,84.3,90.5,86.2,92.0,86.5,76.7,107.5,87.0,92.9,80.2,80.2,88.8,87.4,83.6,64.8,75.2,85.9,92.3,91.4,99.3,80.8,88.5,92.7,91.6,96.5,66.7,87.4,134.0,100.6,82.9,88.0,54.7,
1996-01-01,94.1,88.2,91.5,97.3,96.7,95.0,88.4,94.9,108.0,97.2,81.6,82.1,86.3,94.2,85.3,71.0,78.2,71.0,87.7,55.4,90.3,91.7,82.4,87.5,79.9,82.7,95.5,84.4,90.9,86.4,92.1,86.5,76.7,107.2,87.0,92.9,80.3,79.9,88.8,87.6,85.0,64.0,76.6,90.0,91.7,91.5,99.3,80.8,87.3,94.0,92.9,96.8,62.4,87.4,133.1,100.6,83.5,88.0,54.7,
1996-02-01,94.5,88.7,91.6,99.6,96.7,98.3,88.4,96.4,108.7,99.6,81.5,82.3,86.7,94.2,85.4,73.6,78.4,71.0,88.3,55.3,91.1,91.9,82.4,86.5,77.4,83.3,95.8,84.6,90.9,86.5,92.2,86.0,76.7,106.9,87.0,92.9,80.2,80.3,88.8,87.6,85.1,64.0,77.3,90.1,91.9,91.7,99.2,80.8,90.5,95.0,94.6,96.8,62.8,87.5,132.6,101.2,83.7,88.4,54.6,
1996-03-01,94.5,88.7,91.9,98.8,97.6,98.7,87.7,97.4,108.2,100.1,82.7,82.4,86.6,94.2,85.4,75.4,78.2,71.6,88.4,55.3,91.1,91.9,82.4,88.7,79.1,83.3,95.3,84.7,90.9,86.6,92.2,86.3,76.7,106.5,86.7,92.9,80.0,80.9,88.5,87.7,85.3,64.0,78.0,90.4,90.3,92.8,100.8,82.2,96.9,97.4,94.6,96.4,67.7,87.5,131.9,101.1,84.8,88.5,54.6,
1996-04-01,94.8,89.3,90.2,97.2,97.9,99.5,87.0,97.6,110.9,100.2,84.0,82.4,86.3,94.4,87.3,75.4,78.3,71.6,88.5,55.3,91.6,92.3,83.7,89.9,88.1,83.8,95.3,84.8,91.1,86.8,92.3,87.2,79.5,106.2,86.6,92.9,80.1,81.7,89.1,88.1,85.5,59.2,78.7,90.3,92.3,92.5,101.0,82.2,96.7,94.9,94.6,96.7,68.2,87.5,131.8,101.1,85.3,88.5,54.6,
1996-05-01,94.8,88.6,91.2,96.7,98.2,99.6,87.0,97.5,109.1,96.9,86.1,82.4,86.2,94.3,88.3,79.1,79.1,71.6,88.8,55.9,90.8,92.2,83.7,89.6,83.4,83.8,95.6,85.0,91.0,86.9,92.5,86.6,81.4,105.9,86.2,92.9,79.7,83.2,88.8,88.5,85.5,59.2,79.0,90.4,92.4,91.9,101.0,82.2,95.8,94.7,88.7,96.7,68.2,87.8,132.0,101.1,85.4,88.5,55.1,
1996-06-01,94.8,88.6,92.9,95.9,94.2,98.2,87.0,97.0,108.0,95.9,84.7,85.9,86.3,93.8,88.2,79.1,79.0,71.6,89.0,56.1,90.8,92.3,83.7,92.4,85.6,85.0,95.1,85.2,91.0,87.0,92.6,87.3,81.4,105.7,86.1,92.9,79.7,82.2,88.7,88.5,85.5,59.2,79.0,90.4,92.6,91.5,101.6,82.2,95.2,94.5,88.7,96.8,66.0,87.8,131.8,101.4,85.6,88.5,55.2,
1996-07-01,94.8,88.6,93.0,96.1,95.7,98.6,87.0,95.6,106.9,95.8,83.0,86.2,86.5,94.2,87.8,90.3,79.1,71.6,88.9,55.9,90.4,92.1,83.7,91.0,84.1,84.7,95.2,85.3,91.4,87.2,92.7,88.2,81.4,105.3,86.2,92.9,79.7,83.0,88.7,88.6,85.9,59.8,79.0,90.4,92.6,90.9,101.6,83.0,89.0,92.5,88.7,96.6,69.4,87.8,131.5,101.4,86.1,88.6,55.1,
1996-08-01,94.8,89.0,93.0,98.2,96.7,98.3,87.2,96.4,108.1,98.2,83.3,86.2,86.3,94.3,87.8,90.3,79.0,71.6,89.1,55.9,91.2,92.4,83.7,91.9,77.3,85.5,94.8,85.4,91.4,87.2,92.8,88.3,81.4,104.8,86.2,92.9,79.6,82.1,88.6,88.6,85.9,59.8,79.0,90.5,93.5,91.1,101.6,83.0,88.8,93.2,87.7,96.6,70.1,87.8,131.2,101.4,86.1,88.1,55.1,
1996-09-01,95.3,88.8,93.0,99.3,96.9,97.0,87.3,98.2,107.9,97.3,83.6,86.2,87.1,94.3,87.8,86.9,79.1,77.5,89.3,55.9,92.7,92.4,83.8,89.9,67.8,86.9,94.9,85.5,91.4,87.3,92.9,88.2,86.1,104.3,86.4,92.9,79.6,83.6,88.6,88.6,85.9,59.8,79.3,91.0,93.2,90.6,101.4,83.0,97.0,98.2,87.7,96.7,67.9,87.8,130.7,101.1,86.5,88.3,55.1,
1996-10-01,95.7,88.9,92.0,99.1,98.6,100.6,87.6,97.7,108.5,96.4,83.9,86.3,87.9,94.8,87.9,83.4,79.7,77.4,89.7,55.8,94.1,92.3,83.8,91.0,70.4,86.8,94.9,85.7,91.7,87.5,93.0,88.0,80.5,103.9,86.4,94.1,79.5,83.2,88.7,88.7,85.9,66.6,83.7,90.7,93.4,90.3,100.6,83.0,96.0,98.2,87.7,96.7,67.3,87.8,133.4,101.1,87.2,88.3,55.1,
1996-11-01,95.7,89.0,92.1,97.9,97.2,98.0,87.3,96.4,109.3,97.9,86.7,86.3,88.5,95.0,89.1,76.4,79.8,77.4,89.9,55.9,94.1,92.2,83.8,89.9,77.8,86.9,95.5,85.9,91.8,87.7,93.1,87.3,80.5,103.3,86.3,94.1,79.4,82.6,88.6,88.7,85.9,62.1,85.8,89.9,93.9,90.7,99.7,85.0,95.6,97.1,86.5,100.2,69.2,88.5,132.9,101.2,87.0,88.2,55.1,
1996-12-01,95.8,89.4,92.1,96.6,95.4,98.0,87.1,97.0,108.2,94.0,86.7,86.3,88.9,95.0,89.0,74.6,79.8,77.3,89.7,58.3,95.2,92.0,83.8,91.1,75.0,86.4,94.1,85.9,91.8,87.7,93.2,87.5,80.5,102.6,86.7,94.1,79.4,83.3,88.7,88.7,85.9,64.8,87.6,89.9,93.9,91.0,99.5,85.0,94.5,93.7,86.5,100.0,75.9,88.5,132.9,100.6,86.9,88.2,57.1,
1997-01-01,95.8,89.9,91.6,97.9,95.1,99.2,88.0,94.6,105.2,93.5,86.8,86.9,89.1,95.5,89.0,72.5,80.4,77.4,89.9,58.5,94.4,92.0,83.8,90.6,79.4,86.8,95.0,85.9,91.8,87.8,93.3,87.3,80.5,101.7,86.7,94.1,81.6,83.8,88.7,88.7,87.4,68.6,88.6,94.6,94.2,91.0,99.5,85.0,91.2,91.6,86.5,99.6,74.8,88.5,131.6,100.6,87.5,88.3,57.5,
1997-02-01,96.2,91.0,91.8,98.8,96.9,99.3,87.1,95.6,105.1,100.6,87.2,87.0,89.1,96.4,89.2,75.3,80.4,77.4,90.4,58.6,95.1,92.1,83.8,87.8,82.5,86.8,95.4,86.2,91.8,88.0,93.3,87.4,80.5,101.4,86.9,94.1,81.8,82.9,88.8,88.7,87.6,68.6,89.0,93.6,93.8,90.7,99.5,85.0,92.4,91.8,87.9,99.4,69.0,88.8,131.6,100.9,87.5,88.7,57.6,
1997-03-01,96.2,91.0,92.5,100.3,98.6,96.7,87.3,98.1,107.1,98.2,86.8,87.0,89.2,96.5,89.2,78.0,81.1,77.5,90.4,58.7,95.1,92.1,83.8,87.6,83.4,86.4,95.2,86.3,91.9,88.1,93.4,87.9,80.5,100.9,87.0,94.1,81.8,84.2,88.9,88.7,87.6,70.3,87.3,93.6,93.0,91.3,100.7,86.1,96.1,95.5,87.9,99.4,74.5,88.8,130.0,101.0,87.7,88.7,57.6,
1997-04-01,96.4,90.8,92.6,100.6,99.9,100.4,87.3,98.7,108.9,98.2,86.2,87.0,89.1,96.6,89.2,78.8,81.1,77.5,90.4,58.8,94.2,92.4,86.6,88.1,81.5,86.4,94.7,86.3,91.9,88.1,93.4,88.4,89.7,100.3,87.3,94.1,82.0,86.3,89.6,89.2,87.5,63.2,86.9,93.5,92.4,90.8,100.7,86.0,99.1,95.7,87.7,99.3,74.3,89.2,129.4,100.7,88.3,88.5,57.7,
1997-05-01,96.4,90.0,92.5,98.3,99.9,101.3,87.6,99.0,106.7,96.2,86.5,87.1,89.3,96.3,90.2,82.6,81.8,77.5,90.9,59.3,93.1,92.4,86.6,91.8,81.0,87.1,94.8,86.6,91.9,88.2,93.5,88.7,89.5,99.8,87.5,94.1,82.1,84.8,89.8,89.2,87.5,63.2,85.2,93.5,92.2,91.1,100.4,86.0,99.0,94.1,87.8,99.3,72.1,89.3,127.8,100.7,88.3,89.2,58.2,
1997-06-01,96.4,89.7,92.4,99.0,96.5,102.8,87.3,96.0,106.8,95.3,86.8,87.1,89.0,97.3,90.1,88.9,81.8,77.7,90.9,59.6,93.2,92.1,86.6,90.1,85.4,88.2,94.3,87.1,91.9,88.5,93.6,88.4,89.5,99.2,87.5,94.1,82.2,86.9,89.8,89.3,87.5,63.7,85.2,93.5,92.3,90.5,100.4,86.0,98.1,98.6,87.8,99.4,73.7,89.3,126.6,100.3,88.8,89.2,58.4,
1997-07-01,96.4,89.6,92.1,97.3,98.3,100.6,87.7,95.4,104.3,95.2,86.1,87.4,89.4,96.7,89.8,92.5,82.0,77.7,90.1,59.5,93.2,91.9,86.6,90.8,88.2,88.3,94.6,87.0,92.3,88.6,93.6,87.9,89.5,98.5,87.6,94.1,81.9,87.4,89.8,89.5,87.6,65.9,85.2,93.9,92.7,89.6,100.4,86.1,91.4,96.3,87.8,98.1,80.3,89.3,125.1,100.3,88.7,89.2,58.3,
1997-08-01,96.4,89.7,91.8,100.9,99.5,102.3,87.4,96.2,105.9,98.8,87.7,87.4,89.4,96.3,90.2,92.5,82.1,77.7,90.9,59.5,92.5,92.0,86.6,89.5,80.6,88.7,94.6,87.1,92.3,88.7,93.8,87.9,89.5,97.9,87.8,94.1,82.1,86.6,89.9,89.5,87.7,64.3,85.2,94.2,92.7,89.5,100.4,86.1,91.3,97.5,89.6,98.1,80.5,89.7,124.7,100.3,88.7,89.5,58.3,
1997-09-01,96.9,90.2,93.4,101.2,98.4,97.6,87.4,97.9,103.8,98.1,88.0,87.4,89.6,96.1,90.2,90.7,81.8,82.6,90.9,59.5,93.2,92.0,86.9,88.0,73.0,88.4,93.6,87.2,92.6,88.9,93.9,87.4,90.7,97.4,87.9,94.1,81.8,86.7,89.9,89.7,87.7,64.4,82.2,94.2,93.1,89.6,100.5,86.1,96.1,98.0,89.6,98.3,79.3,89.7,123.8,100.3,88.5,89.5,58.3,
1997-10-01,97.3,90.3,92.5,101.7,99.9,103.7,87.8,97.3,105.9,97.8,87.1,87.8,89.6,96.7,90.2,85.8,82.4,82.6,91.4,59.7,95.0,92.0,86.9,87.1,73.0,87.7,94.8,87.1,92.5,88.8,94.0,88.4,86.6,96.9,87.9,95.7,82.0,85.5,89.9,89.8,87.7,66.3,82.3,94.2,93.2,90.0,100.9,86.1,97.9,99.6,89.6,98.3,76.0,89.7,128.9,101.3,88.2,89.5,58.5,
1997-11-01,97.3,90.5,92.1,98.8,99.4,100.3,88.4,98.0,106.6,97.5,86.2,87.8,90.1,96.6,90.2,79.3,80.3,82.6,91.9,59.8,95.4,92.2,86.9,87.4,82.0,87.8,94.4,87.3,93.1,89.2,94.0,88.3,86.6,96.3,87.9,95.7,82.2,84.2,89.9,89.8,87.7,68.8,82.5,94.2,92.9,90.3,99.1,86.2,98.2,98.6,88.5,99.7,78.0,91.0,128.6,101.3,88.3,89.7,58.7,
1997-12-01,97.3,90.6,93.2,97.7,97.0,100.6,88.2,97.5,103.1,91.2,85.8,87.8,90.1,96.7,90.0,77.7,80.3,82.7,91.8,59.7,95.5,92.6,86.9,86.7,81.3,87.6,94.1,87.7,93.1,89.4,94.1,87.6,86.6,95.8,88.2,95.7,82.6,85.2,90.0,89.8,87.7,71.2,82.3,94.2,93.6,90.2,99.4,86.2,96.1,94.9,88.5,99.5,80.5,91.0,126.8,101.0,88.4,89.7,58.7,
1998-01-01,97.3,90.6,92.7,100.3,99.3,99.9,88.4,97.1,102.6,95.0,85.4,88.4,90.3,97.4,90.0,76.3,80.7,82.9,92.1,60.0,94.5,92.7,86.9,88.7,97.4,87.0,95.8,88.0,93.4,89.7,94.2,88.4,86.8,95.4,88.4,95.7,82.9,86.0,90.1,90.1,88.7,70.7,81.9,99.6,94.3,90.4,99.6,86.4,91.4,89.3,88.7,100.3,79.9,91.3,126.2,101.2,88.7,89.8,59.3,
1998-02-01,97.8,91.5,93.0,102.1,98.5,101.3,88.4,98.2,103.2,96.7,84.7,88.4,90.7,97.2,90.8,81.5,82.8,82.9,92.2,61.8,94.7,93.0,86.9,87.5,88.9,86.4,96.1,88.1,93.4,89.8,94.3,88.8,86.8,95.5,88.4,95.7,83.0,86.2,90.2,90.1,88.8,66.4,81.1,99.7,94.0,90.6,99.1,86.4,95.3,90.0,90.7,100.3,78.0,91.5,126.7,101.7,88.7,90.4,61.4,
1998-03-01,97.8,91.2,92.9,102.6,99.2,101.3,88.3,97.9,106.8,94.1,83.8,88.4,91.0,97.2,91.0,82.4,84.7,82.4,92.1,62.0,94.2,93.2,86.9,87.2,93.9,85.8,95.8,88.2,93.4,89.8,94.3,88.6,86.8,95.6,88.6,95.7,83.2,86.8,90.2,90.1,88.9,68.9,79.3,99.4,93.7,88.8,99.9,86.9,96.0,95.8,90.7,100.3,82.2,91.5,125.1,101.8,88.8,90.5,61.5,
1998-04-01,97.9,91.1,93.6,100.1,99.6,101.1,88.4,98.8,103.9,96.1,84.4,88.4,91.4,97.1,91.0,83.6,84.4,82.4,92.1,62.2,94.3,93.4,88.9,87.1,92.4,84.7,95.9,88.2,93.7,90.0,94.4,88.8,92.3,95.7,88.6,95.7,83.4,88.6,91.1,90.1,88.9,67.4,77.1,98.2,94.5,88.7,100.4,86.9,98.4,93.6,90.7,99.3,80.1,91.5,124.4,101.1,88.9,90.5,61.7,
1998-05-01,97.9,91.2,93.3,97.5,99.9,103.6,89.7,99.3,108.6,92.1,85.2,88.5,91.6,97.8,91.6,90.3,85.2,82.4,92.2,62.7,92.9,93.7,88.9,92.1,93.6,84.5,95.9,88.3,93.9,90.0,94.5,89.7,89.7,95.6,88.6,95.7,83.5,87.2,91.1,90.5,89.0,69.3,76.7,97.9,94.8,88.9,100.6,86.9,96.2,96.2,91.2,99.3,78.8,91.9,125.4,101.1,88.8,90.5,62.3,
1998-06-01,97.9,91.4,93.6,99.1,98.2,101.6,90.0,99.9,107.7,92.8,85.1,88.6,91.9,98.0,91.7,93.7,85.2,82.3,92.1,62.8,93.1,93.7,88.9,94.6,95.0,86.0,96.1,88.5,93.9,90.2,94.5,90.0,89.7,95.6,88.6,95.7,83.3,86.4,91.0,90.5,89.0,69.8,76.7,96.6,94.8,89.0,99.9,86.9,96.0,97.0,91.2,99.4,79.2,91.9,122.1,101.2,88.4,90.5,62.3,
1998-07-01,97.9,91.3,93.9,98.8,98.4,101.2,90.5,98.6,102.6,97.1,84.7,88.6,91.7,98.2,91.4,99.0,85.3,82.3,91.9,63.1,92.8,94.0,88.9,93.2,91.9,86.6,95.8,88.7,94.0,90.4,94.6,90.0,89.7,95.6,88.6,95.7,83.3,88.0,91.0,89.6,89.4,70.8,76.7,96.2,94.9,89.0,99.9,88.1,93.2,95.7,91.2,98.6,84.3,91.9,120.7,101.3,88.6,90.6,62.6,
1998-08-01,97.9,91.4,93.8,101.9,99.2,104.7,90.3,99.9,104.5,97.2,84.3,89.0,91.7,97.7,91.3,99.0,85.4,82.3,92.4,63.2,92.7,94.2,88.9,94.3,81.4,87.4,95.9,89.0,94.0,90.5,94.7,90.5,89.7,95.7,88.7,95.7,83.4,86.5,91.0,90.5,89.4,71.3,76.7,96.0,95.5,88.8,99.9,88.1,94.8,96.9,91.9,98.6,85.9,92.3,120.0,101.3,88.6,90.2,62.8,
1998-09-01,98.9,91.6,96.4,102.9,97.0,97.6,90.8,101.9,103.6,98.0,84.2,89.1,91.9,97.7,90.8,95.8,85.5,86.8,92.8,63.4,93.2,94.5,89.2,91.3,74.8,86.9,95.7,89.1,94.3,90.7,94.8,90.7,95.2,95.6,88.7,95.7,83.4,89.6,91.1,88.0,89.4,71.3,73.6,95.3,95.8,89.3,100.3,88.1,100.7,94.8,91.9,98.6,83.0,92.3,116.6,101.0,88.4,90.2,63.0,
1998-10-01,99.4,91.8,94.0,103.7,100.0,103.3,91.9,102.0,107.7,98.7,84.9,89.2,91.8,98.1,90.7,94.0,86.4,87.3,93.5,63.1,94.2,94.6,89.2,91.3,78.2,85.5,95.4,89.1,94.3,90.8,94.9,92.4,89.8,95.8,88.7,97.9,84.2,87.8,91.0,90.6,89.5,72.3,73.3,94.3,96.5,91.7,99.6,88.1,100.5,97.8,91.9,98.6,83.2,92.3,117.3,101.1,88.3,90.2,62.6,
1998-11-01,99.4,92.3,93.9,100.1,99.6,102.0,92.3,101.0,106.1,98.5,84.5,89.3,92.3,98.3,90.2,85.6,86.3,87.3,93.8,63.2,94.8,94.6,89.2,93.0,84.2,87.0,95.8,89.2,94.1,90.8,95.0,91.0,89.8,95.7,88.8,97.9,84.3,87.4,91.1,90.6,89.5,71.9,72.7,93.2,97.3,91.8,100.1,87.7,100.2,99.9,91.8,101.0,80.4,93.0,117.5,101.1,88.3,90.4,62.8,
1998-12-01,99.4,92.3,95.1,97.8,97.5,102.3,92.4,101.8,104.9,95.1,83.1,89.3,92.1,98.0,89.6,83.3,86.3,87.4,93.4,63.2,95.4,94.5,89.2,93.1,85.5,85.9,95.5,89.4,94.1,90.9,95.1,91.2,89.8,95.7,88.9,97.9,84.3,87.4,91.1,90.6,89.5,76.9,71.9,92.7,97.4,92.1,98.8,87.7,95.9,95.5,91.8,101.0,83.8,93.0,116.4,101.0,88.7,90.4,62.8,
1999-01-01,99.4,92.7,95.4,99.6,99.4,102.5,93.1,101.4,105.0,98.5,83.3,89.6,92.2,98.5,89.3,79.3,86.7,87.5,94.0,63.3,95.4,94.4,89.2,97.7,92.3,85.6,96.9,89.6,94.3,91.1,95.1,91.3,89.8,95.5,88.8,97.9,84.2,88.2,91.1,90.6,90.4,77.8,70.6,92.8,97.0,92.3,98.8,87.7,93.1,95.1,91.8,100.8,81.3,93.0,114.9,101.0,89.0,90.5,62.9,
1999-02-01,99.6,94.1,96.3,100.8,99.8,104.2,94.0,100.8,105.6,93.5,82.8,89.6,92.2,98.9,89.7,83.8,87.1,87.5,94.1,63.2,95.7,94.6,89.2,92.6,89.9,85.7,97.0,89.9,94.3,91.3,95.2,91.4,89.8,95.5,88.9,97.9,84.4,87.4,91.1,90.6,90.6,77.8,70.2,92.8,96.9,92.9,99.5,87.7,96.0,96.6,90.0,100.8,82.2,93.3,114.9,101.9,89.0,90.9,62.9,
1999-03-01,99.6,93.8,96.3,103.3,101.8,102.7,94.3,101.4,105.0,99.2,83.9,89.6,92.8,98.1,90.0,86.1,87.5,87.9,94.1,63.2,94.7,95.3,89.2,91.7,92.1,85.9,97.1,90.0,94.3,91.4,95.3,91.8,89.8,95.5,89.0,97.9,84.5,87.7,91.1,90.6,90.5,77.9,68.4,92.8,97.0,92.4,100.7,89.8,100.3,97.5,90.0,101.2,88.4,93.3,113.1,102.0,90.3,90.9,62.7,
1999-04-01,99.9,93.8,96.9,101.9,102.4,102.2,94.7,101.9,104.8,98.9,86.8,89.6,92.7,98.7,91.1,87.5,87.5,87.9,94.5,63.5,95.3,95.5,91.5,95.4,90.7,85.1,97.0,90.3,94.7,91.7,95.3,92.7,94.1,95.6,89.2,97.9,84.6,90.3,92.1,90.6,90.7,74.6,73.0,92.7,96.9,91.8,101.1,89.8,101.0,97.3,90.0,101.1,89.5,93.3,112.6,101.5,90.5,90.9,63.0,
1999-05-01,99.9,93.8,96.9,98.9,102.9,102.2,95.7,102.0,105.0,92.5,87.3,90.5,92.6,99.4,94.2,93.2,88.4,87.9,94.7,64.1,93.9,95.7,91.5,97.7,90.3,86.3,96.4,90.5,94.7,91.8,95.4,93.4,90.2,95.5,89.3,97.9,84.8,88.1,92.2,90.7,90.7,74.6,73.5,92.7,97.1,92.4,102.3,89.8,101.9,98.5,95.3,101.1,90.7,93.8,113.1,101.5,90.6,91.7,63.6,
1999-06-01,99.9,93.7,97.3,99.8,99.8,104.5,95.4,102.2,105.8,97.3,86.8,90.9,92.4,99.7,94.0,99.1,88.4,87.8,94.5,64.2,93.6,95.5,91.5,96.8,94.1,86.5,97.4,90.5,94.7,91.9,95.5,93.8,90.2,95.4,89.4,97.9,84.8,88.7,92.2,90.7,90.7,74.7,73.5,92.9,97.5,92.3,102.0,89.8,98.5,96.7,95.3,101.1,90.3,93.8,112.3,100.6,90.3,91.7,63.8,
1999-07-01,99.9,93.8,96.6,99.8,101.6,105.1,96.2,100.4,104.4,99.3,88.2,91.7,92.5,99.8,94.4,103.7,88.5,87.8,94.6,64.2,93.7,95.3,91.5,95.5,91.1,87.4,96.9,90.8,94.7,92.0,95.5,93.9,90.2,95.5,89.5,97.9,84.9,89.0,92.2,90.9,90.8,74.9,73.5,92.9,97.6,92.5,102.1,90.9,93.1,92.4,95.3,100.5,91.3,93.8,112.1,100.5,90.6,91.7,63.8,
1999-08-01,99.9,93.7,96.6,103.6,101.6,104.2,96.0,102.9,104.0,99.1,90.5,91.7,92.3,99.6,95.0,103.7,88.5,87.8,94.1,64.2,93.3,95.7,91.5,94.2,82.2,87.4,97.0,91.1,94.7,92.3,95.6,93.7,90.2,95.6,89.6,97.9,85.1,88.6,92.3,90.9,90.8,76.4,77.4,92.9,97.0,92.5,102.1,90.9,96.8,95.2,93.7,100.5,92.1,94.0,112.1,100.5,90.6,92.0,63.7,
1999-09-01,100.5,94.0,97.3,105.4,100.7,103.0,96.1,104.5,106.2,95.4,91.3,91.7,92.3,99.4,95.2,102.1,89.2,91.6,94.1,64.2,93.7,95.8,92.0,91.0,76.7,87.7,97.4,91.2,94.6,92.3,95.7,93.8,97.8,95.9,90.0,97.9,85.7,91.9,92.4,90.9,90.8,77.2,79.9,92.9,97.2,92.8,102.5,90.9,103.5,99.5,93.7,100.6,91.4,94.0,111.9,100.7,89.4,92.1,63.8,
1999-10-01,100.9,94.3,98.2,104.0,101.9,103.3,96.0,104.6,108.8,98.4,91.6,91.7,92.4,99.2,95.1,97.4,90.0,91.4,94.2,64.1,95.2,95.8,92.0,90.0,78.2,86.8,97.2,91.7,94.7,92.7,95.8,94.3,92.4,96.0,90.2,97.5,85.9,90.3,92.5,90.9,90.8,80.8,83.8,93.1,97.7,91.6,101.9,90.9,104.1,99.8,93.7,100.6,89.9,94.0,113.5,101.5,90.2,92.1,63.7,
1999-11-01,100.9,93.9,98.0,100.0,101.4,102.4,95.9,103.7,105.4,98.5,91.1,91.9,92.5,98.9,94.5,89.9,90.1,91.4,94.5,64.6,95.4,95.8,92.0,91.4,81.1,87.8,96.9,92.0,95.1,93.0,95.9,95.0,92.4,96.4,90.4,97.5,86.3,90.1,92.6,90.9,90.9,80.1,85.4,93.1,97.1,91.8,101.4,92.1,103.6,99.5,92.3,102.0,88.9,94.4,113.2,101.7,90.3,92.3,64.1,
1999-12-01,100.9,94.2,97.0,96.9,100.2,103.5,96.4,103.0,103.4,95.7,92.0,91.9,92.4,99.6,94.4,87.5,90.1,91.6,94.0,66.0,96.4,95.9,92.0,91.5,83.6,88.1,96.2,92.0,95.1,93.0,95.9,94.7,92.4,96.8,90.7,97.5,86.7,89.3,92.7,90.9,90.9,83.2,92.2,93.1,97.7,92.0,100.2,92.1,99.8,95.1,92.3,101.9,93.7,94.4,111.6,101.0,91.0,92.3,65.8,
2000-01-01,100.9,94.2,96.0,100.5,99.6,106.5,95.7,101.8,100.7,98.6,91.8,92.4,92.3,100.0,94.1,84.0,90.6,91.7,94.5,66.0,93.7,95.8,92.0,89.7,87.4,87.7,97.1,92.0,95.2,93.1,96.0,93.7,92.4,97.2,90.9,97.5,86.9,89.6,92.7,90.9,91.9,85.1,94.1,93.1,96.0,90.6,100.2,92.1,91.3,93.4,92.3,101.2,86.4,94.4,110.1,101.0,91.0,92.5,65.9,
2000-02-01,99.1,95.2,98.6,100.9,100.5,104.4,95.1,102.0,102.6,98.4,92.9,92.4,93.2,99.8,94.9,90.3,90.1,91.7,94.8,66.1,93.4,96.1,92.0,89.0,82.7,87.9,97.6,92.2,95.2,93.2,96.1,93.3,92.4,97.7,90.9,97.5,87.0,90.5,92.7,90.9,92.3,84.2,114.9,93.1,96.2,91.2,100.3,92.1,98.2,97.5,96.5,101.2,90.5,95.0,109.8,101.6,91.0,92.7,65.9,
2000-03-01,99.1,95.0,99.0,103.3,100.8,102.2,94.6,103.1,102.3,98.5,96.4,92.5,93.6,99.8,95.9,92.4,90.1,92.4,95.6,66.2,93.9,95.9,92.0,87.8,84.9,88.9,97.8,92.3,95.7,93.4,96.2,94.4,92.4,98.2,91.4,97.5,87.4,91.0,92.9,90.9,92.6,84.5,109.3,93.1,95.5,93.0,101.5,93.4,101.4,99.5,96.5,101.2,90.2,95.0,109.5,101.7,92.6,92.7,66.0,
2000-04-01,99.6,94.9,97.6,99.9,100.6,103.7,94.8,103.0,103.1,96.3,94.0,93.2,93.6,99.5,95.6,92.9,90.5,92.4,95.6,66.4,94.0,96.1,93.9,87.9,86.1,89.5,97.4,92.4,95.9,93.5,96.3,95.4,96.3,98.7,91.5,97.5,87.6,92.5,93.7,91.0,92.7,82.8,100.8,93.3,95.8,93.6,101.2,93.5,100.4,100.1,96.5,100.5,92.2,95.0,109.3,101.3,92.9,92.7,66.2,
2000-05-01,99.6,94.8,98.0,97.8,101.4,102.7,96.0,102.0,104.4,98.2,94.7,93.2,93.9,100.1,96.1,98.3,92.0,92.4,95.2,67.1,93.8,96.4,93.9,90.2,90.5,90.2,97.2,92.6,95.8,93.6,96.4,94.3,93.1,99.2,91.7,97.5,87.9,92.1,93.9,91.0,92.7,85.0,99.6,93.3,96.4,93.6,101.2,93.5,101.8,100.1,99.4,100.5,94.2,96.2,109.9,101.3,93.0,94.2,66.9,
2000-06-01,99.6,94.5,98.2,98.9,99.7,102.6,96.1,103.9,99.1,98.2,97.3,94.3,93.8,99.5,96.0,104.4,92.1,92.4,95.4,67.6,94.2,96.5,93.9,92.0,93.3,90.9,97.8,92.9,95.8,93.9,96.5,94.6,93.1,99.8,91.9,97.5,88.1,92.0,94.0,91.0,92.7,88.7,99.6,94.3,96.3,93.7,100.8,93.5,101.4,99.9,99.4,100.6,92.0,96.2,109.0,101.4,93.1,94.2,67.5,
2000-07-01,99.6,94.3,98.4,100.0,99.8,101.4,96.1,101.6,102.5,101.0,97.3,94.7,94.2,99.3,96.2,109.2,92.1,92.4,95.7,67.6,94.4,97.1,93.9,93.4,94.7,92.3,97.0,93.1,95.9,94.0,96.6,94.7,93.1,100.4,92.0,97.5,88.2,92.3,94.0,91.0,92.7,95.8,99.6,95.7,96.6,95.1,101.0,93.8,97.0,98.5,99.4,98.4,97.5,96.2,108.3,101.3,93.4,94.2,67.5,
2000-08-01,99.6,94.7,98.3,101.3,100.2,103.0,96.8,101.4,104.1,100.2,95.8,94.7,94.2,99.5,95.8,109.2,92.1,92.4,95.6,67.6,94.4,98.1,93.9,93.0,89.0,92.6,97.1,93.7,95.9,94.4,96.7,94.7,93.1,100.9,92.2,97.5,88.3,92.5,94.1,91.3,92.7,96.1,99.6,95.7,96.5,95.7,101.0,93.8,95.9,97.3,100.1,98.4,96.4,96.5,107.8,101.3,93.4,94.6,67.5,
2000-09-01,97.7,94.9,98.5,104.7,100.8,103.1,96.4,101.0,107.5,99.3,98.2,94.7,94.6,98.5,96.2,107.6,92.2,94.8,96.2,67.7,94.2,98.7,94.3,90.4,81.5,92.4,97.3,93.8,95.9,94.5,96.8,94.6,90.6,101.3,92.6,97.5,88.7,91.7,94.4,91.9,92.7,96.1,115.5,95.7,96.0,95.9,101.7,93.8,100.6,99.5,100.1,98.4,96.5,96.5,107.3,100.6,93.4,94.8,67.6,
2000-10-01,97.7,94.6,98.6,103.2,103.2,105.0,96.3,102.7,105.8,99.7,98.4,94.7,94.3,99.5,95.9,103.3,93.1,94.8,95.9,67.6,94.7,98.9,94.3,89.7,81.4,91.9,96.8,93.9,96.0,94.6,96.9,95.1,93.6,101.8,92.9,97.9,89.0,93.3,94.6,91.9,92.8,106.5,119.1,96.1,96.1,96.2,102.1,93.8,100.9,99.8,100.1,98.4,90.8,96.5,108.4,100.7,94.2,94.8,67.5,
2000-11-01,97.8,94.6,98.9,99.7,101.2,101.4,96.8,102.5,106.5,97.2,99.0,94.8,94.7,99.5,95.6,94.9,93.2,94.8,96.9,67.5,95.3,99.1,94.3,91.3,86.4,92.3,97.3,94.0,96.0,94.7,97.1,95.6,93.6,102.2,93.1,97.9,89.2,93.0,94.6,92.0,92.9,112.4,123.0,96.1,96.0,96.5,101.2,95.1,103.1,100.2,97.8,102.8,90.7,96.8,107.6,100.6,94.3,95.5,67.4,
2000-12-01,97.8,95.0,97.2,100.7,100.7,101.3,97.5,101.7,102.6,95.4,97.2,94.9,94.7,99.3,95.1,93.4,93.2,95.1,96.5,68.3,96.4,99.0,94.3,94.6,97.5,92.6,96.7,94.4,96.0,94.9,97.2,95.7,93.6,102.6,93.6,97.9,89.7,93.7,94.8,92.0,92.9,113.0,128.7,96.1,97.0,97.4,100.7,95.1,100.2,98.2,97.8,102.8,87.9,96.8,106.9,100.5,95.2,95.5,68.2,
2001-01-01,97.8,95.2,96.8,100.8,99.4,101.0,98.1,99.7,104.7,97.9,96.6,96.0,95.1,99.8,94.8,90.0,94.1,95.2,96.8,68.4,95.4,99.2,94.3,93.6,92.7,94.3,98.5,94.6,96.9,95.3,97.3,94.7,93.6,102.9,93.7,97.9,89.7,93.4,94.9,90.2,94.3,105.7,123.4,96.2,96.8,97.4,100.7,95.1,98.0,94.6,97.8,100.8,89.2,96.8,105.9,100.5,95.8,95.5,68.3,
2001-02-01,99.5,96.5,97.3,103.2,100.8,103.3,98.9,100.9,105.8,96.2,96.6,96.0,96.5,100.6,95.6,96.2,94.3,95.2,97.3,68.4,96.1,99.3,94.3,92.9,96.3,95.4,98.7,94.9,96.9,95.5,97.4,95.4,93.6,103.1,94.0,97.9,91.2,93.6,95.0,83.5,94.8,113.8,118.5,96.2,96.7,97.7,100.9,95.1,99.5,93.9,95.2,100.8,93.1,97.7,105.9,100.2,95.8,95.8,68.3,
2001-03-01,99.5,96.6,98.1,105.4,102.5,103.7,99.2,101.6,106.0,97.6,95.7,96.2,97.1,100.6,95.6,98.1,94.3,95.5,97.3,68.4,96.1,99.1,94.3,92.9,100.4,97.3,98.9,95.1,96.9,95.7,97.6,95.6,93.6,103.2,94.3,97.9,92.6,93.8,95.2,87.2,94.9,126.0,113.9,96.2,97.0,98.1,100.5,98.0,100.2,96.5,95.2,100.8,84.3,97.7,106.1,100.3,96.7,95.9,68.3,
2001-04-01,100.1,96.7,99.3,102.5,102.2,99.8,98.8,99.7,103.7,100.7,97.8,96.2,96.9,99.9,96.9,98.9,94.5,95.5,97.2,73.7,96.2,99.4,97.0,97.2,97.7,98.1,99.2,95.3,97.1,95.9,97.7,96.0,95.6,103.2,94.7,97.9,93.0,94.1,96.3,92.3,95.4,124.1,110.8,98.2,96.9,98.1,99.3,98.0,103.9,96.3,95.2,101.3,86.5,97.7,106.2,100.1,96.6,95.9,74.5,
2001-05-01,100.1,96.9,99.1,98.3,101.2,102.1,99.3,98.8,105.7,100.2,100.2,96.2,97.4,100.3,98.9,103.1,95.6,95.5,97.5,76.2,96.7,99.5,97.0,100.0,99.2,99.5,99.2,95.7,97.4,96.2,97.8,96.5,95.9,103.2,95.0,97.9,93.3,96.1,96.4,92.9,95.5,142.3,109.6,98.4,97.7,98.0,100.0,98.0,103.5,99.1,97.2,101.3,86.6,98.6,106.3,100.1,96.6,96.7,76.6,
2001-06-01,100.1,96.9,98.0,99.7,99.3,100.3,99.5,99.8,104.1,99.5,98.3,97.9,97.7,101.5,98.5,105.7,95.6,95.2,97.6,76.3,97.1,99.7,97.0,100.0,98.5,99.9,98.9,96.4,97.4,96.7,98.0,96.7,95.9,103.1,95.2,97.9,93.7,95.5,96.6,95.3,95.5,143.7,109.6,99.2,98.4,98.4,100.4,98.0,99.2,97.3,97.2,101.5,90.9,98.6,106.1,99.9,95.5,96.7,76.7,
2001-07-01,100.2,97.2,97.5,101.6,100.7,103.0,99.9,99.1,105.9,101.9,94.5,98.4,97.5,101.5,98.0,110.4,95.9,95.2,98.5,76.3,98.0,99.5,97.0,99.8,99.6,100.0,99.4,96.9,98.2,97.4,98.1,96.4,95.9,103.1,95.6,97.9,94.1,95.5,96.7,95.6,95.3,131.6,109.6,99.2,99.0,98.4,100.6,98.1,97.5,96.7,97.2,100.4,100.7,98.6,103.5,99.8,95.3,96.8,76.6,
2001-08-01,100.2,97.2,98.0,101.7,101.7,103.7,100.2,100.9,106.4,101.8,95.1,98.4,97.4,100.0,98.1,110.5,95.9,95.2,97.9,77.4,98.1,99.5,97.0,99.2,90.0,99.8,99.2,97.5,98.2,97.7,98.4,96.4,95.9,103.1,95.9,97.9,94.7,95.9,96.9,95.6,95.3,128.7,109.6,99.2,99.1,98.4,100.6,98.1,97.0,97.2,102.1,100.3,101.3,98.0,103.2,99.8,95.3,97.4,77.8,
2001-09-01,99.9,98.2,100.5,104.1,102.4,102.6,100.4,101.9,105.6,99.9,98.1,98.4,97.5,99.8,98.3,106.9,95.8,98.3,97.7,77.8,97.8,99.6,97.7,96.1,82.6,100.3,99.3,97.9,97.8,97.9,98.5,96.8,92.6,103.0,96.1,97.9,95.1,95.9,97.1,95.6,95.3,124.1,106.1,99.2,98.9,98.6,100.6,98.1,101.3,96.2,102.1,100.4,98.7,98.0,102.1,99.6,95.6,97.5,78.1,
2001-10-01,99.8,98.2,100.0,102.1,102.3,103.1,99.9,102.4,104.2,101.7,94.8,98.4,97.2,101.5,96.7,99.1,96.7,98.2,98.2,77.8,98.3,99.9,97.7,95.7,82.1,99.4,99.4,98.1,98.0,98.1,98.7,97.5,97.3,102.8,96.3,99.5,95.3,97.5,97.2,95.6,95.3,122.4,102.5,99.2,99.7,98.1,100.3,98.1,103.4,101.0,102.1,100.4,96.4,98.0,102.8,99.5,96.9,97.5,78.2,
2001-11-01,99.9,98.5,99.3,99.3,100.2,99.9,99.6,100.9,104.8,100.7,91.1,98.5,97.4,100.5,95.4,93.5,96.9,98.2,98.7,84.2,98.6,99.9,97.7,97.0,86.2,99.4,99.0,98.1,98.8,98.3,98.9,97.3,97.3,102.4,96.5,99.5,95.5,97.5,97.3,95.6,95.5,95.0,99.0,99.2,99.3,98.9,98.4,98.9,101.9,96.4,101.7,99.7,93.0,98.4,102.7,99.5,97.2,98.3,85.3,
2001-12-01,99.9,98.9,99.5,97.0,99.3,100.8,99.8,99.3,102.8,96.9,89.7,98.5,97.4,100.4,94.8,91.7,97.3,98.3,98.8,84.5,99.0,99.5,97.7,101.4,94.7,99.3,98.8,98.5,98.8,98.6,99.0,96.5,97.3,101.9,96.7,99.5,95.8,97.6,97.5,95.6,95.5,108.1,93.5,99.6,100.0,99.5,98.1,98.9,98.7,99.1,101.7,99.7,96.0,98.4,101.9,100.3,98.0,98.3,85.6,
2002-01-01,99.9,99.1,98.8,96.4,97.4,97.1,99.8,98.0,98.6,100.4,91.4,99.2,97.8,99.7,95.2,89.0,98.0,98.3,99.6,84.5,98.4,99.4,97.7,101.4,104.8,99.7,99.9,98.7,99.9,99.1,99.1,98.2,97.3,101.4,96.9,99.5,96.2,97.5,97.5,97.2,97.7,113.3,91.4,100.0,99.4,99.3,98.1,98.9,93.0,96.8,101.7,99.3,91.7,98.4,99.8,100.3,98.8,98.3,85.6,
2002-02-01,100.3,99.9,98.6,100.8,100.3,99.0,99.9,100.1,98.3,99.9,92.1,99.2,99.1,101.1,96.2,95.8,98.0,98.4,99.8,85.2,99.2,99.4,97.7,98.8,108.4,100.3,100.6,98.9,99.9,99.2,99.3,97.9,97.3,100.9,97.3,99.5,96.7,98.0,97.7,97.1,99.4,112.9,90.8,100.0,99.7,99.2,98.5,98.9,98.8,97.7,99.9,99.3,92.4,98.8,100.1,100.8,98.8,98.8,86.2,
2002-03-01,100.3,100.0,99.4,103.9,101.0,102.5,99.1,97.4,100.3,100.6,96.0,99.2,99.7,99.7,97.5,98.3,98.0,98.7,99.2,87.3,98.9,99.9,97.7,97.6,110.3,99.6,99.6,99.0,99.7,99.3,99.4,98.1,97.3,100.5,98.1,99.5,98.0,98.1,98.0,99.8,99.4,104.7,93.0,100.0,99.5,100.6,100.0,99.7,100.3,101.2,100.0,99.4,93.1,98.8,100.3,100.9,99.3,98.9,87.8,
2002-04-01,100.3,99.9,100.8,101.6,102.4,102.0,99.5,98.8,99.6,101.0,99.3,100.1,100.1,99.8,98.6,97.3,98.0,98.7,99.9,90.9,99.3,100.1,100.5,99.5,108.3,100.6,100.2,99.2,99.8,99.4,99.5,99.2,102.8,100.2,98.4,99.5,98.4,100.0,99.5,99.9,99.8,91.2,98.8,100.0,99.0,100.3,99.6,99.7,101.3,102.4,100.0,100.3,97.1,98.8,100.2,100.0,100.0,98.9,90.2,
2002-05-01,100.3,99.8,100.7,98.2,100.3,99.9,100.0,99.1,102.3,98.3,99.3,100.1,100.1,100.1,101.3,102.9,99.8,98.7,100.1,93.4,99.4,100.2,100.5,100.7,101.8,100.6,99.7,99.6,99.6,99.6,99.7,99.9,102.5,100.1,99.3,99.5,99.2,100.7,99.9,99.9,100.2,92.1,98.7,100.0,100.0,99.9,99.6,99.7,102.7,100.5,97.7,100.3,100.0,100.2,100.1,100.0,100.0,100.2,92.3,
2002-06-01,100.3,99.9,100.7,98.3,98.8,100.0,99.7,99.3,100.5,97.0,99.3,100.1,100.2,100.8,100.7,105.3,99.9,98.8,100.0,100.8,99.8,99.8,100.5,100.3,105.6,100.5,99.9,100.0,99.6,99.9,99.9,99.8,102.5,99.9,100.2,99.5,100.0,101.0,100.4,98.1,100.2,91.2,98.7,100.0,100.0,99.3,100.8,99.7,103.4,102.0,97.7,100.3,99.5,100.2,99.4,100.0,100.6,100.2,100.3,
2002-07-01,100.3,100.0,101.2,100.3,100.0,98.0,100.4,99.8,100.2,101.9,100.9,100.3,100.2,99.5,101.6,109.4,100.4,98.8,99.6,108.4,99.3,99.8,100.5,101.4,105.3,100.1,99.7,100.2,100.2,100.2,100.0,100.3,102.5,99.8,100.5,99.5,100.3,101.0,100.6,101.2,100.4,86.1,98.7,100.0,100.5,99.6,100.7,100.1,99.0,99.6,97.7,99.4,107.2,100.2,99.6,100.0,100.8,100.3,108.4,
2002-08-01,100.3,99.9,101.5,100.2,99.3,100.1,100.4,100.1,102.4,98.3,102.8,100.4,100.2,99.6,102.1,109.3,100.6,98.8,100.0,108.6,99.7,100.0,100.5,101.8,94.0,100.4,100.0,100.7,100.2,100.5,100.3,100.6,102.5,99.7,100.7,99.5,100.5,101.2,100.7,108.1,100.4,87.6,98.7,100.0,100.3,100.1,100.7,100.1,99.1,98.5,101.2,99.4,109.3,100.7,99.3,100.0,100.8,100.7,108.5,
2002-09-01,99.2,100.3,99.6,104.3,100.4,100.1,101.0,102.6,100.8,100.3,102.9,100.4,100.5,99.4,101.8,105.9,100.8,102.8,100.4,108.6,99.5,100.0,101.1,99.8,85.1,100.0,100.1,100.7,100.3,100.6,100.5,101.0,98.8,99.5,101.3,99.5,101.1,100.1,101.0,107.8,100.4,92.1,102.5,100.0,100.0,100.2,100.8,100.1,101.3,103.4,101.2,99.4,105.4,100.7,100.0,99.7,100.4,100.8,108.5,
2002-10-01,99.6,100.3,100.1,102.4,101.9,103.2,99.8,102.0,100.2,99.5,104.5,100.4,100.4,100.6,101.7,99.3,102.0,102.8,100.0,110.6,99.5,100.3,101.1,98.9,82.9,99.1,99.5,100.8,100.1,100.6,100.7,100.7,98.9,99.3,101.5,101.6,101.8,100.3,101.2,105.0,100.5,109.2,109.4,100.0,99.6,99.9,100.5,100.1,101.9,102.2,101.2,99.4,103.4,100.7,100.8,99.3,100.6,100.8,110.6,
2002-11-01,99.6,100.5,99.7,98.7,100.7,101.1,100.2,101.2,100.4,101.3,105.2,100.4,100.8,99.9,101.6,94.8,102.2,102.8,100.9,111.0,102.9,100.5,101.1,98.9,94.8,99.6,100.4,100.9,100.4,100.7,100.8,100.9,98.9,99.3,102.5,101.6,102.6,100.9,101.5,102.6,100.8,108.7,109.8,100.0,100.4,100.4,100.6,101.5,100.4,98.4,100.9,101.8,100.0,101.2,100.6,99.4,100.6,101.1,111.0,
2002-12-01,99.6,100.6,99.0,94.9,97.6,97.1,100.1,101.4,96.3,101.3,106.3,100.4,100.8,99.8,101.7,92.9,102.2,102.4,100.6,110.6,104.1,100.6,101.1,101.0,98.7,99.4,100.4,101.3,100.4,101.0,100.9,103.5,98.9,99.3,103.4,101.6,105.3,101.1,101.9,83.3,100.8,110.9,109.6,100.0,101.7,101.3,100.2,101.5,98.7,97.3,100.9,101.7,100.8,101.2,99.8,99.5,99.3,101.1,110.8,
2003-01-01,99.6,101.1,98.8,94.2,96.5,96.4,100.7,99.1,96.7,101.3,110.1,102.3,101.1,99.6,102.4,89.4,102.7,102.4,101.1,111.0,103.5,100.6,101.1,99.1,103.4,101.1,102.4,101.5,101.1,101.4,101.0,103.2,98.9,99.4,103.6,101.6,105.5,101.7,102.1,99.0,103.7,119.3,119.9,100.0,100.8,100.6,100.2,101.5,97.8,90.0,100.9,100.7,99.8,101.2,98.9,99.5,99.7,101.1,111.1,
2003-02-01,100.9,101.4,100.6,99.7,98.1,95.8,100.3,99.8,96.4,98.4,113.6,102.5,102.4,99.8,103.9,96.6,103.2,102.4,101.0,113.2,103.9,100.7,101.1,96.6,98.6,102.6,102.3,101.8,101.1,101.6,101.0,104.0,98.9,99.6,104.0,101.6,107.4,101.8,102.4,99.0,103.7,120.6,134.2,100.0,100.8,100.6,99.8,101.5,95.8,92.3,103.3,100.7,100.2,102.2,98.5,100.5,99.7,101.7,113.5,
2003-03-01,100.9,101.4,100.7,102.0,99.2,96.7,100.0,101.1,97.7,98.4,114.2,102.6,102.9,99.1,103.7,93.2,103.2,102.9,101.1,113.6,104.1,100.4,101.1,96.1,99.9,103.2,102.2,101.8,101.8,101.8,101.1,104.1,98.9,99.9,104.8,101.6,108.3,100.9,102.8,99.0,103.9,129.3,150.9,99.9,101.0,100.4,100.1,102.8,100.8,99.8,103.3,100.7,102.7,102.2,98.5,100.4,101.9,101.7,113.8,
2003-04-01,101.2,101.2,101.0,98.1,98.5,94.1,99.7,101.3,97.0,98.4,110.0,102.7,102.9,99.1,103.8,92.8,103.2,102.9,101.1,114.6,104.4,100.7,103.8,96.0,98.3,103.3,102.3,102.1,102.0,102.1,101.2,104.4,100.5,100.0,105.0,101.6,108.4,102.4,103.7,88.9,104.4,136.5,123.6,100.0,100.4,100.1,100.1,102.8,102.9,97.7,103.3,100.2,103.5,102.2,97.2,99.7,102.0,101.7,114.7,
2003-05-01,101.2,101.6,100.7,97.0,98.7,92.9,100.5,102.3,97.2,99.0,106.9,102.7,103.0,99.8,105.3,95.6,103.9,102.9,101.7,116.5,104.0,100.8,103.8,98.9,97.7,103.3,102.9,102.1,102.3,102.2,101.3,104.6,100.3,100.2,105.6,101.6,108.9,103.2,104.0,98.6,104.4,124.6,109.0,100.0,100.5,99.8,99.8,102.8,101.5,98.4,104.2,100.2,103.4,102.2,97.4,99.7,102.1,102.5,116.7,
2003-06-01,101.2,102.9,100.1,95.6,93.6,90.6,100.5,99.7,92.6,99.0,107.6,103.4,103.5,99.0,105.2,99.5,104.0,102.9,101.8,117.0,104.0,100.5,103.8,98.9,98.8,103.1,103.8,102.4,102.3,102.4,101.3,104.2,100.3,100.2,106.2,101.6,109.5,104.4,104.4,99.5,104.4,135.3,109.0,100.0,100.2,100.0,98.9,102.8,99.8,97.9,104.2,98.9,102.9,102.2,96.4,99.0,101.9,102.5,117.1,
2003-07-01,101.2,103.2,100.1,95.3,96.7,92.6,100.2,99.0,95.4,99.0,108.6,104.8,103.5,98.8,105.5,99.9,104.8,102.9,101.8,117.2,103.6,101.1,103.8,101.1,97.7,102.1,103.8,102.5,102.9,102.7,101.4,103.2,100.3,99.9,106.5,101.6,109.9,104.9,104.7,98.6,104.5,134.1,109.0,100.0,100.0,100.1,99.0,103.6,93.9,96.1,104.2,98.1,105.7,102.2,96.2,98.9,102.4,102.6,117.3,
2003-08-01,101.2,103.2,100.1,96.2,96.4,92.8,100.2,100.9,95.0,98.9,113.4,104.8,103.9,99.8,106.6,100.4,104.8,102.9,102.4,117.2,104.1,100.8,103.8,100.8,88.8,99.5,104.1,102.6,102.9,102.8,101.7,103.7,100.3,99.7,107.0,101.6,112.3,104.2,104.9,98.9,104.5,132.5,109.0,100.2,100.2,100.1,99.0,103.6,93.8,99.1,103.1,97.4,105.4,103.4,95.8,98.9,102.4,103.6,117.3,
2003-09-01,100.5,104.0,101.2,101.7,99.0,95.7,99.8,101.5,94.3,98.9,113.3,104.9,103.6,100.2,106.1,98.0,105.4,109.5,102.3,117.4,104.2,100.6,104.4,98.2,81.5,98.7,105.1,102.9,103.0,102.9,101.8,104.2,98.8,99.7,107.6,101.6,114.9,103.6,105.5,98.8,104.5,137.6,104.7,100.2,100.8,100.5,99.1,103.6,98.9,101.6,103.1,97.2,102.0,103.4,94.3,98.2,102.4,103.7,117.5,
2003-10-01,101.3,103.9,101.0,99.7,100.5,95.2,97.9,103.4,94.7,98.9,110.2,104.9,103.5,100.2,105.0,94.9,106.2,109.3,102.3,117.2,104.7,100.7,104.4,96.8,81.1,99.9,103.5,103.3,103.2,103.3,101.9,105.2,99.9,99.7,108.2,104.4,115.9,104.9,105.9,99.1,104.5,126.3,100.6,100.3,99.9,99.4,99.7,103.6,103.2,101.9,103.1,96.7,101.8,103.4,94.4,97.8,102.9,103.7,117.3,
2003-11-01,101.3,103.8,100.6,98.1,100.0,93.5,97.9,104.1,93.4,98.0,109.3,105.7,103.5,101.1,104.7,90.7,106.3,109.3,102.6,117.8,104.9,100.4,104.4,97.4,88.6,102.6,103.1,103.5,103.1,103.4,102.0,106.0,99.9,99.7,108.7,104.4,116.5,104.2,106.3,97.9,104.5,131.4,103.0,100.3,100.3,99.7,99.3,103.4,104.7,99.4,102.4,100.1,97.5,103.9,94.4,97.8,102.9,104.2,118.1,
2003-12-01,101.3,103.8,100.1,96.1,98.2,92.5,98.4,101.7,92.9,98.0,109.0,105.7,103.7,99.6,104.1,88.4,106.4,109.3,102.3,121.7,105.8,100.9,104.4,98.3,96.7,101.9,104.0,103.8,103.1,103.6,102.1,105.7,99.9,99.8,109.6,104.4,117.4,104.4,106.8,99.1,104.5,133.7,106.4,100.4,101.8,100.6,98.7,103.4,100.5,95.8,102.4,99.5,103.1,103.9,93.4,95.9,101.7,104.2,121.8,
2004-01-01,102.5,104.0,99.2,97.5,96.5,91.4,99.8,101.5,92.7,98.0,111.5,106.8,104.0,100.3,104.1,83.4,106.4,109.4,102.8,122.4,104.6,100.5,104.4,96.6,98.0,101.5,105.0,104.0,104.4,104.2,102.1,105.1,99.9,99.8,109.9,104.4,118.0,103.8,107.1,99.1,106.3,121.4,117.1,100.8,100.5,99.5,98.7,103.4,94.7,96.7,102.4,99.7,99.3,103.9,91.7,95.9,102.3,104.2,122.3,
2004-02-01,103.5,104.6,99.8,99.1,98.4,94.9,99.3,101.1,96.5,96.7,113.1,106.8,104.6,99.5,105.0,89.6,106.6,109.4,103.9,122.3,105.3,100.6,104.4,94.5,94.7,102.5,104.5,104.2,104.4,104.3,102.2,104.7,99.9,99.9,110.3,104.4,118.6,104.4,107.3,99.2,106.5,123.7,121.6,100.8,100.5,99.9,98.4,103.4,94.4,96.9,104.0,97.6,98.3,104.9,91.7,95.8,102.9,104.3,122.4,
2004-03-01,103.5,104.7,100.0,101.1,99.6,93.8,98.7,103.0,95.9,96.7,114.3,106.9,105.1,100.5,105.6,92.0,106.9,109.5,104.1,122.4,105.8,101.2,104.4,94.4,96.3,103.2,103.7,104.4,103.6,104.2,102.2,105.7,99.9,99.8,110.9,104.4,120.0,104.6,107.7,99.1,107.2,120.5,121.8,100.8,99.9,99.8,98.1,108.2,100.6,101.4,104.0,97.9,98.7,104.9,91.9,96.5,103.2,104.4,122.5,
2004-04-01,103.9,104.8,100.8,98.5,98.1,92.5,98.5,104.0,95.0,96.7,114.9,106.9,104.7,100.3,106.0,92.2,106.8,109.5,104.2,123.8,106.8,101.3,107.7,95.5,91.5,102.6,103.8,105.0,103.5,104.5,102.3,107.0,101.9,99.6,111.4,104.4,121.2,106.0,108.9,102.3,108.7,124.4,118.9,100.9,100.2,100.0,98.4,108.2,101.0,100.5,104.0,98.0,101.7,104.9,90.7,95.9,103.4,104.5,124.1,
2004-05-01,104.0,104.3,100.8,95.2,98.9,91.1,99.0,102.2,95.7,97.5,121.7,106.9,105.9,100.0,108.2,95.5,107.9,109.5,104.5,125.1,106.8,101.3,107.7,100.2,91.8,104.3,104.1,105.2,103.8,104.8,102.3,107.6,102.4,99.5,112.4,104.4,122.6,105.7,109.5,102.3,108.8,124.0,120.7,100.9,99.9,99.6,98.1,108.2,101.2,99.7,103.5,98.3,106.4,105.3,91.3,95.9,103.6,105.5,125.5,
2004-06-01,104.0,103.9,99.8,94.6,97.5,91.7,99.1,102.2,92.3,97.5,119.9,106.9,106.1,100.5,107.7,98.2,107.9,109.5,104.6,125.9,106.9,100.9,107.7,102.2,93.4,108.5,104.4,105.3,103.8,104.9,102.4,107.4,102.4,99.5,113.3,104.4,123.5,105.1,110.1,102.4,108.8,133.9,120.7,100.9,100.5,99.9,96.9,108.2,100.2,96.4,103.5,98.2,106.7,105.3,90.3,94.9,104.0,105.5,126.5,
2004-07-01,104.0,103.8,99.4,93.8,96.6,89.9,100.1,102.8,91.1,97.5,118.1,108.1,106.1,100.6,107.4,100.4,108.5,109.5,104.8,126.0,107.3,101.2,107.7,102.1,89.3,109.1,104.6,105.5,104.7,105.3,102.5,106.3,102.4,99.6,114.1,104.4,124.4,105.8,110.7,103.1,109.3,133.7,120.7,100.9,100.1,100.2,97.0,109.0,94.5,94.8,103.5,98.4,108.4,105.3,89.7,95.0,104.2,105.6,126.6,
2004-08-01,104.0,104.0,99.6,95.4,96.9,90.5,99.8,102.1,91.5,100.0,118.0,108.1,106.2,99.1,107.0,99.9,108.5,109.5,105.2,126.3,107.1,101.4,107.7,102.3,83.8,109.9,104.4,105.8,104.7,105.5,102.7,106.1,102.4,99.9,114.3,104.4,124.6,105.8,110.9,103.2,109.3,135.7,120.7,100.9,100.1,100.4,97.0,109.0,95.5,97.2,105.3,95.9,108.7,105.3,88.9,95.0,104.2,106.5,126.9,
2004-09-01,103.7,104.5,100.7,101.3,99.0,90.1,98.9,103.0,92.0,100.0,117.4,108.1,106.3,100.0,106.7,99.3,108.6,113.6,104.9,126.3,107.3,101.4,108.5,99.8,80.1,109.3,104.5,105.8,105.1,105.6,102.7,106.2,102.4,100.0,114.9,104.4,125.2,106.1,111.4,103.2,109.7,134.4,127.4,100.9,100.0,100.4,97.4,109.0,101.4,98.9,105.3,95.3,104.9,105.3,88.6,94.7,105.1,106.5,126.9,
2004-10-01,103.6,104.4,100.0,100.8,100.4,92.4,99.1,103.1,91.9,100.0,119.7,108.1,106.0,99.7,106.3,94.7,109.1,113.3,105.4,126.0,108.3,101.3,108.5,101.1,85.2,108.2,104.5,106.2,105.3,106.0,102.8,108.7,98.6,100.2,115.4,109.0,126.6,105.3,111.7,103.5,109.7,124.5,139.3,100.8,99.8,100.3,96.5,109.0,105.2,99.5,105.2,94.4,106.1,105.3,87.7,94.5,105.3,106.5,126.7,
2004-11-01,103.6,104.8,99.9,96.4,98.2,90.8,98.4,100.4,93.8,99.2,117.5,108.1,106.4,98.3,106.0,90.5,109.1,113.3,105.6,126.0,108.6,101.1,108.5,101.3,97.6,107.5,105.0,106.5,105.8,106.3,102.9,107.6,98.6,100.3,115.7,109.0,127.2,105.9,112.0,103.5,109.7,126.5,146.9,100.8,100.5,101.2,96.1,109.5,102.3,98.5,107.1,100.3,103.1,106.1,87.0,94.5,105.7,107.1,126.7,
2004-12-01,103.6,105.3,100.3,93.1,95.8,87.8,98.0,99.4,91.9,99.2,114.8,108.1,106.6,98.9,105.3,89.4,109.3,113.3,104.8,126.0,108.7,101.6,108.5,101.5,103.3,107.6,104.6,106.9,105.8,106.6,103.0,107.3,98.6,100.5,116.3,109.0,127.8,106.3,112.4,103.3,109.7,126.1,141.9,100.7,100.8,101.9,95.8,109.5,99.4,96.8,107.1,101.2,106.3,106.1,86.3,93.9,105.4,107.1,126.8,
2005-01-01,103.6,105.4,100.0,92.5,94.0,88.0,98.6,98.0,93.8,99.2,116.9,109.3,106.9,98.4,105.1,83.0,109.5,113.3,105.4,126.6,108.2,101.6,108.5,99.7,94.5,108.2,106.6,107.0,106.3,106.8,103.0,108.3,98.6,100.5,116.6,109.0,127.9,105.7,112.6,102.5,113.6,129.2,141.0,100.8,100.4,102.4,95.8,109.5,97.5,94.3,107.1,100.1,103.9,106.1,84.9,93.9,106.1,107.2,127.5,
2005-02-01,104.7,105.7,99.8,96.8,97.9,89.3,99.0,98.5,94.4,101.0,118.7,109.5,108.1,99.7,106.0,87.8,109.0,113.3,105.6,126.5,108.4,102.0,108.5,97.0,91.2,108.6,106.3,107.3,106.3,107.1,103.1,108.2,98.6,100.5,116.9,109.0,129.4,104.4,112.9,102.5,113.6,131.4,147.2,100.9,101.0,102.4,95.6,109.5,100.1,97.0,106.9,99.5,103.8,106.8,84.6,94.1,106.1,107.7,127.4,
2005-03-01,104.7,106.1,100.2,102.6,99.8,92.7,98.9,99.1,93.4,101.0,121.2,110.9,109.7,100.0,106.4,88.9,109.1,113.3,105.6,128.2,108.7,102.5,108.5,94.8,93.5,109.2,107.0,107.4,106.9,107.3,103.1,108.0,98.6,100.6,117.4,109.0,129.9,105.5,113.2,102.5,113.7,132.9,153.1,100.9,100.4,102.4,96.1,111.1,102.0,101.2,106.9,98.8,105.0,106.8,85.2,94.2,106.7,107.8,129.0,
2005-04-01,104.9,106.1,98.7,95.7,97.1,92.1,98.8,100.7,93.9,101.0,124.0,111.1,111.4,99.8,107.6,89.0,109.2,113.3,106.2,128.1,110.3,102.5,112.9,95.6,97.8,108.6,108.1,107.9,107.1,107.7,103.1,108.3,97.6,100.7,117.9,109.0,130.1,105.7,114.2,105.3,114.4,127.8,156.6,101.2,100.9,102.5,96.0,111.1,103.0,99.9,106.9,98.3,102.6,106.8,84.8,93.5,107.0,107.8,129.0,
2005-05-01,105.0,106.5,99.4,94.5,97.2,90.8,99.8,102.3,94.0,99.2,122.2,111.1,111.4,98.6,108.3,91.3,110.2,113.3,105.9,129.7,110.2,102.1,112.9,99.3,98.9,108.1,107.1,108.2,107.0,107.8,103.2,107.9,102.8,100.8,118.3,109.0,129.7,108.2,114.6,105.5,115.1,125.7,153.5,101.2,100.7,102.5,95.2,111.1,103.5,100.3,104.1,98.9,105.6,107.9,84.2,93.5,107.0,108.4,130.4,
2005-06-01,105.0,106.3,101.3,93.7,95.4,89.9,99.7,101.1,93.8,99.2,123.5,111.3,112.1,100.1,108.2,94.6,110.2,113.3,106.2,129.8,109.5,101.9,112.9,101.7,98.2,108.9,107.2,108.6,107.0,108.1,103.2,108.0,102.8,100.8,118.9,109.0,131.1,108.7,115.1,105.5,115.1,126.8,153.5,101.2,100.9,102.6,93.7,111.1,99.8,98.4,104.1,98.4,107.7,107.9,83.7,92.4,106.5,108.4,130.4,
2005-07-01,105.0,106.5,100.6,94.7,95.2,88.1,99.8,101.8,94.2,99.2,125.6,111.6,111.8,100.4,108.7,97.0,110.9,113.3,106.2,129.7,110.0,102.6,112.9,102.4,94.5,108.0,107.0,108.9,107.5,108.5,103.3,108.3,102.8,100.8,119.2,109.0,131.4,108.8,115.6,106.0,115.1,140.4,153.5,101.2,101.0,102.5,93.7,111.7,92.3,94.5,104.1,96.8,110.7,107.9,83.7,92.5,107.4,108.6,130.4,
2005-08-01,105.0,106.8,100.8,95.3,95.9,87.9,100.4,100.6,94.6,104.3,129.2,111.7,112.3,99.2,109.3,96.1,110.9,113.3,106.6,129.6,109.6,102.6,112.9,101.1,90.7,108.3,108.0,109.0,107.5,108.6,103.5,108.3,102.8,100.6,119.4,109.0,131.4,109.3,115.9,106.0,115.5,135.7,153.5,101.2,101.2,102.6,93.7,111.7,100.6,97.8,109.5,97.6,112.3,108.2,83.5,92.5,107.4,109.4,130.3,
2005-09-01,105.5,107.5,101.6,102.5,99.0,89.4,99.5,100.5,95.8,104.3,135.9,111.8,112.0,98.9,110.6,96.2,111.3,115.4,107.1,129.8,109.7,102.3,113.5,96.5,85.3,108.0,106.9,109.4,107.5,108.8,103.6,108.4,102.4,100.6,120.1,109.0,132.1,108.4,116.5,106.0,115.5,145.8,174.5,101.2,101.3,102.9,93.8,111.7,101.9,98.5,109.5,97.5,109.9,108.2,83.2,91.8,107.9,109.6,130.4,
2005-10-01,105.9,107.3,100.0,98.6,98.5,90.7,98.6,101.7,94.2,104.3,129.7,112.1,111.6,99.0,108.9,91.9,112.5,115.3,105.8,129.8,110.7,102.6,113.5,98.5,86.1,107.8,106.9,109.7,107.6,109.1,103.6,108.9,102.0,100.5,120.8,112.5,133.1,108.0,117.0,106.2,115.5,148.3,179.6,101.2,101.4,102.7,93.0,111.7,102.3,100.8,109.5,98.0,108.2,108.2,81.7,91.2,108.3,109.6,130.5,
2005-11-01,105.9,107.7,100.1,94.6,96.9,87.3,98.4,101.6,92.0,99.6,123.0,113.2,111.9,99.8,107.8,87.2,112.6,115.3,106.8,129.7,110.5,103.1,113.5,98.2,92.9,107.8,107.1,109.7,108.2,109.3,103.7,107.8,102.0,100.4,121.5,112.5,133.9,108.5,117.5,105.9,115.5,150.2,173.4,101.2,101.8,102.9,93.9,118.0,101.4,96.8,106.1,103.0,106.9,108.6,81.8,91.5,108.3,110.1,130.3,
2005-12-01,105.9,107.8,100.6,91.9,95.4,86.6,97.3,100.5,94.7,99.6,122.7,113.6,112.3,99.4,107.5,86.4,112.7,115.3,105.3,129.5,111.5,102.8,113.5,101.2,99.3,107.4,106.3,110.3,108.2,109.7,103.7,108.7,102.0,100.5,122.0,112.5,134.3,109.1,117.9,105.0,115.5,141.1,164.8,101.3,102.1,103.5,93.2,118.0,98.1,93.7,106.1,103.0,107.4,108.6,80.9,90.7,108.5,110.1,130.3,
2006-01-01,106.0,108.1,100.9,91.5,92.7,88.3,97.4,98.9,92.5,99.6,126.3,115.4,112.7,98.6,107.6,80.7,112.6,115.1,106.8,129.6,110.0,103.0,113.5,100.4,108.5,107.1,108.5,110.6,108.4,110.0,103.8,108.9,102.0,100.8,122.5,112.5,134.9,109.8,118.3,107.4,121.5,162.8,168.1,101.3,102.5,103.4,93.2,118.0,91.2,91.9,106.1,102.9,105.1,108.6,79.5,90.7,109.0,110.3,130.4,
2006-02-01,107.9,108.4,100.8,92.8,95.9,87.2,97.8,99.0,92.2,97.4,122.3,115.6,113.6,99.2,107.3,84.7,113.1,115.1,106.7,130.4,111.9,103.0,113.5,98.2,103.0,107.5,108.4,110.9,108.4,110.2,103.9,109.1,102.0,101.0,123.7,112.5,136.5,108.8,119.0,107.4,122.1,153.8,167.3,101.4,101.8,103.2,93.0,118.0,97.9,91.2,104.9,102.6,105.2,109.3,79.3,90.7,108.8,111.1,131.3,
2006-03-01,107.9,108.2,101.0,99.1,95.9,89.8,96.9,99.0,93.5,97.4,125.8,115.7,114.1,99.6,108.2,86.7,113.2,115.3,106.5,132.4,112.5,103.2,113.5,96.9,97.7,107.6,109.9,111.2,109.0,110.6,103.9,108.9,102.0,101.2,124.4,112.5,137.4,109.7,119.6,107.4,122.2,152.0,165.3,101.4,102.0,103.5,92.2,118.4,99.5,96.9,104.9,102.3,105.9,109.3,79.5,90.7,108.9,111.2,133.3,
2006-04-01,108.2,108.1,99.7,93.3,94.5,86.4,96.4,101.3,93.3,97.4,133.9,117.0,114.7,98.8,110.4,85.8,113.8,115.3,107.2,132.8,112.8,103.3,116.5,95.6,98.2,106.5,109.5,111.4,109.2,110.8,104.0,108.8,106.5,101.3,125.5,112.5,138.5,110.4,121.1,107.9,123.0,146.4,171.1,101.4,103.3,104.3,92.0,118.4,102.7,97.3,104.9,101.6,110.0,109.3,78.6,89.5,109.5,111.2,133.8,
2006-05-01,108.3,108.2,100.3,93.4,95.2,87.6,97.1,102.2,93.0,98.0,133.8,117.0,115.8,98.9,111.5,92.2,114.8,115.3,106.9,132.8,113.1,103.4,116.5,99.2,98.2,106.8,109.8,111.6,109.5,111.0,104.1,107.7,107.6,101.7,126.7,112.5,139.8,110.8,122.0,112.1,123.1,145.3,174.3,101.8,102.9,104.2,91.8,118.4,102.1,99.8,105.6,101.1,112.8,109.9,79.2,89.5,109.5,111.2,133.9,
2006-06-01,108.3,107.7,99.9,90.8,92.8,86.6,97.9,99.2,92.3,98.0,133.6,117.0,116.0,98.9,110.9,92.4,114.8,115.3,106.9,132.7,113.7,103.5,116.5,101.5,98.7,107.5,109.6,112.3,109.5,111.5,104.2,107.9,107.6,102.1,127.6,112.5,140.8,109.2,122.9,112.1,123.5,135.1,174.3,101.2,103.5,105.8,91.2,118.4,98.1,96.9,105.6,100.0,115.4,109.9,78.4,89.0,109.1,111.2,133.8,
2006-07-01,108.3,106.9,98.9,91.5,91.7,86.3,98.6,98.7,90.1,97.1,136.3,117.2,115.5,98.8,111.1,94.8,114.2,115.1,106.5,132.5,114.5,102.9,116.5,106.1,98.2,107.1,108.8,111.5,109.0,110.8,104.3,107.7,106.7,102.6,128.2,112.5,141.3,110.2,122.9,112.7,123.5,135.8,172.0,100.3,103.0,104.6,90.3,120.8,94.5,90.7,104.7,99.0,117.5,108.9,77.7,88.4,108.7,110.9,133.6,
2006-08-01,108.4,107.0,99.3,92.5,94.2,86.1,98.4,99.5,90.1,101.4,136.4,117.2,116.3,97.7,111.0,94.4,114.2,115.1,106.9,132.5,114.2,103.3,116.5,105.0,95.2,108.2,109.1,111.7,109.0,110.9,104.5,107.0,106.7,103.3,129.0,112.5,142.3,110.8,123.7,112.7,123.5,131.7,172.0,100.9,103.0,104.9,90.3,120.8,97.1,94.8,112.0,98.3,117.3,108.9,77.3,88.4,108.7,111.9,133.8,
2006-09-01,109.6,109.3,98.3,100.2,94.7,88.8,98.5,98.8,90.6,101.4,124.6,117.2,116.7,98.8,109.0,94.8,114.9,118.2,107.4,132.6,113.5,103.1,117.8,102.1,91.7,109.4,108.6,111.8,109.7,111.2,104.6,106.9,104.2,103.9,130.7,112.5,143.8,109.5,125.1,113.0,123.5,140.1,167.1,100.9,103.2,105.3,90.2,120.8,99.4,97.0,112.0,99.2,114.3,108.9,76.5,88.4,107.7,111.9,134.0,
2006-10-01,109.9,109.4,97.2,96.5,95.7,88.1,98.4,98.9,91.6,101.4,122.4,117.2,116.2,98.9,107.9,90.0,115.7,118.2,107.0,133.1,114.6,103.3,117.8,103.0,96.8,108.8,107.9,112.3,109.7,111.6,104.8,105.8,106.0,104.4,131.3,115.9,144.4,110.4,125.6,113.6,123.5,124.0,152.0,101.1,103.5,105.6,91.4,120.8,103.4,101.0,112.0,99.2,112.4,108.9,76.9,87.6,108.8,111.9,134.3,
2006-11-01,109.9,109.4,97.2,94.4,95.3,87.1,99.7,100.2,91.4,102.2,123.3,116.9,117.3,99.7,108.3,87.2,115.7,118.2,107.3,133.3,115.7,103.6,117.8,103.6,97.4,109.6,108.8,113.1,110.6,112.4,104.9,106.0,106.0,105.0,131.5,115.9,144.6,108.9,125.8,111.3,123.3,129.0,150.9,101.1,104.0,105.8,91.5,121.8,102.9,99.0,113.8,100.9,111.2,109.7,76.7,87.7,108.8,111.9,134.5,
2006-12-01,109.9,109.3,98.3,89.4,91.3,84.1,98.7,99.2,88.8,102.2,125.6,117.2,116.9,98.4,108.4,85.8,115.3,118.2,106.1,135.5,116.6,103.6,117.8,103.9,96.8,109.1,108.3,113.1,110.6,112.4,105.0,105.9,106.0,105.5,132.0,115.9,145.1,110.9,126.3,112.0,123.3,130.5,156.8,101.2,103.5,106.1,90.1,121.8,99.1,96.6,113.8,101.1,113.6,109.7,75.9,87.3,109.5,111.9,136.7,
2007-01-01,110.0,109.7,98.5,92.8,90.5,85.9,99.2,99.0,87.9,102.2,123.9,118.6,118.0,98.4,107.9,81.8,115.6,118.4,108.4,136.2,116.0,103.6,117.8,106.2,101.8,109.4,109.6,113.2,111.3,112.6,105.1,106.0,106.0,105.9,132.0,115.9,145.2,110.5,126.3,111.9,126.2,127.7,163.7,101.3,104.0,105.6,90.1,121.8,92.6,92.1,113.8,101.5,108.8,109.7,73.9,87.3,109.9,112.0,137.2,
2007-02-01,111.5,109.9,99.7,93.4,93.1,87.7,99.8,100.6,89.1,101.9,126.0,118.7,119.4,99.3,108.9,88.2,116.1,118.4,108.5,136.0,117.5,103.6,117.8,109.4,111.3,110.6,110.7,113.8,111.3,113.0,105.2,106.1,106.0,106.3,132.4,115.9,145.7,110.5,126.6,111.7,126.2,124.0,163.4,101.9,104.2,106.5,90.1,121.8,96.9,96.0,110.5,101.7,107.8,109.6,73.2,86.7,109.9,112.4,137.1,
2007-03-01,111.5,109.9,99.7,97.5,94.3,88.4,100.0,100.4,90.8,101.9,133.9,118.8,119.6,98.8,110.9,90.0,117.1,118.5,108.3,135.9,116.7,103.7,117.8,106.0,108.9,110.9,110.9,113.7,111.6,113.1,105.4,107.0,106.0,106.7,133.0,115.9,146.9,111.3,127.2,111.5,126.9,128.2,169.7,101.9,104.1,106.5,91.1,125.0,99.7,98.8,110.5,101.2,108.1,109.6,73.2,86.9,109.3,112.6,137.0,
2007-04-01,112.5,110.0,99.3,96.3,95.9,86.9,99.7,101.1,94.1,101.9,136.1,118.8,119.5,98.4,111.7,90.1,117.1,118.5,109.1,136.1,118.4,103.5,120.7,104.8,108.3,111.2,110.0,113.8,112.2,113.2,105.5,107.7,109.4,107.1,133.6,115.9,147.6,111.6,128.5,111.5,131.6,139.8,171.3,102.0,104.0,106.8,91.2,125.0,102.4,100.4,110.5,100.5,111.7,109.6,72.9,86.5,109.9,112.6,137.3,
2007-05-01,112.6,109.3,99.9,92.9,94.6,85.9,100.5,100.6,91.9,100.0,140.0,118.8,120.5,97.5,114.1,94.4,117.7,118.5,108.8,137.7,117.3,104.2,120.7,107.6,105.6,111.7,110.5,114.1,112.6,113.6,105.6,107.1,109.5,107.5,134.3,115.9,148.8,111.1,129.0,111.2,132.5,132.5,169.3,101.7,103.9,106.0,90.3,125.0,100.4,99.5,110.0,100.8,115.1,112.7,73.3,86.5,109.9,113.4,138.5,
2007-06-01,112.6,109.3,99.9,88.9,90.3,85.2,100.8,96.7,89.4,100.0,137.3,118.8,120.3,99.3,114.0,95.9,117.7,118.5,108.3,139.7,117.5,104.1,120.7,108.6,102.2,112.4,110.6,114.7,112.6,114.0,105.8,107.2,109.5,107.9,135.4,115.9,150.3,110.5,129.9,113.0,132.5,137.7,169.3,101.7,104.6,106.3,90.0,125.0,99.3,96.6,110.0,100.6,113.9,112.7,73.4,86.0,110.5,113.4,140.2,
2007-07-01,112.7,109.5,99.8,92.5,92.2,84.7,101.0,96.3,89.5,100.0,137.1,119.2,120.2,98.3,113.5,98.3,119.1,118.5,108.9,139.6,118.1,104.0,120.7,107.9,97.9,112.3,110.1,115.1,113.6,114.6,106.0,106.8,109.5,108.8,136.1,115.9,151.2,110.5,130.5,114.4,133.1,131.4,169.3,101.9,104.1,106.1,90.1,134.3,97.4,91.0,110.0,98.9,115.4,112.7,72.4,86.2,110.6,113.5,140.3,
2007-08-01,112.7,109.6,100.4,91.4,93.7,85.7,101.2,98.7,92.5,105.5,133.9,119.2,120.2,97.9,112.9,98.8,119.2,118.5,108.8,139.8,118.2,104.0,120.7,106.8,92.1,112.0,110.2,115.3,113.6,114.8,106.3,107.3,109.5,109.6,136.8,115.9,151.9,110.2,131.2,115.5,134.6,132.5,169.3,102.4,104.0,106.0,90.1,134.3,95.8,91.9,115.6,97.2,116.5,113.4,72.0,86.2,110.6,113.6,140.3,
2007-09-01,114.8,110.3,99.5,96.8,94.3,86.6,100.2,98.1,90.2,105.5,134.7,119.2,120.6,97.3,113.1,97.9,119.2,121.7,110.0,139.9,116.5,104.3,121.2,103.1,85.9,111.8,110.1,115.3,113.7,114.8,106.4,107.6,109.6,110.5,137.5,115.9,152.9,110.1,131.8,115.4,134.6,129.4,170.6,102.4,104.2,105.9,90.2,134.3,97.3,96.4,115.6,98.3,111.5,113.4,72.2,85.8,111.6,113.7,140.4,
2007-10-01,116.8,110.3,97.5,94.6,94.8,86.2,100.5,99.3,92.1,105.5,132.6,119.2,119.8,96.8,111.6,93.1,120.2,121.9,109.3,140.0,118.0,104.7,121.2,102.2,86.5,110.6,109.4,115.4,113.8,114.9,106.6,107.2,107.6,111.4,137.9,120.3,153.5,109.5,132.0,114.2,134.7,133.7,173.3,102.4,104.6,106.6,89.6,134.3,101.0,98.5,115.6,96.9,108.7,113.4,73.0,85.7,111.9,113.7,140.6,
2007-11-01,116.8,110.4,97.7,93.4,94.1,85.0,99.0,98.2,91.8,105.4,135.5,121.8,120.2,97.9,111.6,90.3,120.2,121.9,109.7,139.6,121.4,104.6,121.3,103.0,89.6,110.8,109.2,115.5,114.1,115.0,106.7,105.8,107.6,112.3,138.0,120.3,153.6,109.6,132.2,112.4,134.7,129.8,181.4,102.5,103.9,106.6,89.0,135.2,101.6,94.5,119.1,97.1,109.6,113.8,72.5,85.7,111.9,114.3,140.3,
2007-12-01,116.8,110.3,98.6,89.0,91.1,84.1,98.9,96.8,91.4,105.4,136.5,121.8,119.7,97.3,111.4,89.1,120.5,121.9,108.7,139.8,122.1,104.3,121.3,102.9,93.5,110.0,109.5,116.0,114.1,115.4,106.9,105.6,107.6,113.2,137.8,120.3,154.5,109.9,132.7,112.4,134.7,128.7,199.3,102.5,104.4,106.1,88.8,135.2,97.3,88.6,119.1,97.1,115.6,113.8,71.3,84.1,107.5,114.3,140.4,
2008-01-01,116.6,110.2,98.2,88.6,88.0,83.1,99.5,94.3,88.3,104.5,137.8,123.3,121.3,97.1,110.3,85.1,119.7,121.9,109.3,139.8,124.3,104.6,121.3,105.0,98.6,111.1,108.2,115.0,113.8,114.6,107.0,106.5,106.6,114.0,137.9,120.3,153.6,108.6,131.7,110.9,141.7,126.9,204.2,103.0,103.3,105.9,88.0,134.0,94.9,81.8,118.0,96.6,110.9,112.7,69.2,83.3,107.7,114.1,140.3,
2008-02-01,118.5,110.6,97.2,90.6,92.3,83.2,100.6,96.8,88.3,102.9,138.2,123.2,122.4,97.9,111.0,91.2,119.8,121.9,110.3,139.5,125.6,103.8,121.3,100.5,96.9,111.1,111.1,115.8,113.8,115.1,107.2,105.7,106.6,114.9,138.8,120.3,153.2,108.8,132.3,110.8,141.8,127.1,202.4,106.0,103.1,106.0,88.3,134.0,93.5,88.7,118.8,95.0,109.6,113.7,68.7,82.8,107.7,114.6,140.2,
2008-03-01,118.5,110.1,96.8,93.3,93.5,85.8,100.6,97.6,90.5,102.9,140.7,123.2,122.9,98.0,111.6,91.4,120.7,121.8,109.6,139.7,127.0,104.5,121.3,99.8,94.1,110.9,110.7,116.0,113.3,115.1,107.3,105.2,106.6,115.6,139.4,120.3,153.2,108.2,132.7,110.7,142.1,129.9,219.9,105.9,103.8,105.3,88.7,135.7,98.1,94.7,118.8,94.1,110.8,113.7,70.0,82.9,107.1,114.6,140.5,
2008-04-01,119.6,110.7,97.6,89.8,92.0,85.5,100.7,98.7,89.1,102.9,145.3,123.2,123.6,97.2,112.1,91.8,122.3,121.8,109.7,140.0,130.1,103.9,125.0,101.0,94.5,110.8,112.1,116.3,113.7,115.5,107.4,105.3,109.5,116.4,139.7,120.3,153.3,109.0,133.9,112.5,144.0,138.0,234.5,106.0,103.8,105.8,88.5,135.7,99.4,97.5,118.8,94.0,115.6,113.7,69.7,82.8,107.2,114.6,140.6,
2008-05-01,119.8,110.6,97.8,86.7,93.1,84.6,100.8,98.5,85.5,101.6,153.6,123.2,124.5,97.0,111.7,97.9,123.4,121.8,110.3,140.4,132.6,104.5,125.0,105.4,99.2,111.7,111.4,116.5,114.6,115.8,107.6,105.6,108.2,117.1,139.7,120.3,153.1,107.8,134.0,112.9,146.7,139.4,252.7,105.6,104.6,105.5,88.0,135.7,98.4,96.0,114.9,92.7,121.1,114.5,69.6,82.8,107.2,115.6,141.1,
2008-06-01,119.8,112.0,97.7,88.9,88.8,83.2,100.9,95.4,86.4,101.6,157.9,123.2,124.6,97.5,112.1,98.6,123.4,121.8,110.3,141.4,132.9,104.2,125.0,107.5,104.1,112.8,111.8,117.9,114.6,116.8,107.7,105.6,108.2,117.6,139.7,120.3,153.4,108.3,134.0,112.9,146.7,150.9,252.7,105.6,104.5,105.1,86.8,135.7,96.1,96.0,114.9,92.2,128.8,114.5,69.4,82.0,106.1,115.6,142.1,
2008-07-01,119.8,111.9,97.0,89.8,91.0,82.8,100.9,96.7,87.1,101.6,159.2,125.2,124.5,97.4,112.5,99.9,123.7,121.8,109.9,141.3,135.2,103.9,125.0,109.1,106.2,113.3,112.0,118.1,115.7,117.3,107.9,105.2,108.2,118.0,139.8,120.3,155.0,109.0,134.2,115.1,146.9,164.2,252.9,105.6,104.7,105.5,86.9,142.7,93.9,89.3,114.9,90.3,130.3,114.5,69.1,82.2,106.2,115.7,142.1,
2008-08-01,119.8,112.0,97.5,88.3,91.9,82.5,101.2,97.5,88.6,105.1,153.7,125.2,124.8,99.2,112.1,101.6,123.8,121.8,109.4,141.7,135.8,104.8,125.0,110.5,99.3,115.0,113.2,118.9,115.7,117.8,108.1,105.2,108.2,118.5,139.9,120.3,154.8,108.4,134.3,114.6,146.9,174.5,252.9,105.0,105.2,106.4,86.9,142.7,95.8,95.5,121.1,90.1,129.3,114.7,69.0,82.2,106.2,115.9,142.5,
2008-09-01,122.7,115.5,99.5,92.7,93.8,84.9,101.8,97.4,91.1,105.1,154.6,126.1,125.7,98.8,111.8,100.5,123.8,125.5,110.2,141.9,134.6,105.0,125.5,110.3,95.3,115.6,115.3,119.4,116.4,118.5,108.2,105.5,108.3,119.0,140.0,120.3,154.8,109.1,134.4,113.2,146.9,158.3,239.0,105.0,105.0,107.3,87.0,142.7,97.5,96.9,121.1,89.2,117.8,114.7,68.9,81.3,106.9,116.1,142.8,
2008-10-01,122.9,115.5,96.9,89.1,93.1,82.3,101.7,96.4,89.8,105.1,143.3,126.1,126.2,98.3,109.7,96.5,125.0,125.6,109.6,142.6,136.7,104.9,125.5,110.2,95.4,114.6,115.7,119.6,116.8,118.8,108.4,106.2,109.9,119.4,139.9,124.1,156.5,110.0,134.4,113.2,147.0,148.6,225.5,105.0,106.4,107.4,87.1,142.7,98.2,97.8,121.1,88.3,120.1,114.7,68.6,80.4,107.5,116.1,143.7,
2008-11-01,122.9,116.5,96.9,87.2,93.2,82.3,103.6,96.8,92.1,103.9,129.0,126.2,126.7,100.3,108.2,92.3,125.0,125.6,110.2,142.8,137.1,105.2,125.5,114.3,110.1,117.4,115.9,119.8,117.2,119.0,108.6,105.1,109.9,119.9,139.0,124.1,156.4,112.5,134.1,115.2,147.0,151.6,195.9,104.7,108.8,108.6,87.3,143.7,97.7,93.7,126.8,94.5,117.0,115.9,68.1,80.4,107.5,116.7,143.7,
2008-12-01,122.9,116.4,96.7,84.8,88.3,80.2,102.6,94.8,89.7,103.9,122.7,126.2,126.9,99.4,106.6,90.6,125.2,125.6,110.3,143.1,137.2,105.4,125.5,114.6,113.9,116.1,116.6,120.0,117.2,119.1,108.7,105.2,109.9,120.4,138.4,124.1,156.4,113.7,133.9,116.3,147.0,152.4,172.3,104.7,109.7,108.9,87.1,143.7,93.2,93.8,126.8,93.7,122.7,115.9,66.9,79.8,110.1,116.7,144.0,
2009-01-01,122.9,116.6,97.2,86.8,87.8,82.5,104.8,95.3,88.2,103.9,125.2,128.3,127.6,101.1,105.8,84.1,125.5,125.7,111.5,143.1,137.3,105.3,125.5,115.6,115.4,117.1,117.6,120.2,118.5,119.6,108.8,105.4,109.9,120.6,138.2,124.1,159.6,113.7,133.8,115.1,155.0,143.2,165.5,104.8,109.8,108.9,87.1,143.7,90.5,88.8,126.8,88.8,114.7,115.9,65.7,79.8,110.7,116.8,143.9,
2009-02-01,124.0,117.5,98.9,88.9,91.7,80.2,108.0,96.5,88.0,103.2,128.2,128.3,129.2,100.7,107.2,90.0,125.8,125.7,111.2,143.4,137.8,105.1,125.5,112.0,117.7,117.9,119.6,120.5,118.5,119.8,108.9,105.5,109.9,120.6,137.5,124.1,160.8,113.4,133.4,115.8,155.2,145.4,157.6,104.8,109.8,109.4,87.9,143.7,92.6,88.3,130.6,88.9,114.6,116.9,65.8,79.9,110.7,117.1,144.4,
2009-03-01,124.0,118.1,99.0,92.2,92.8,84.1,108.2,95.1,90.5,103.2,130.1,128.3,129.8,101.2,107.7,91.7,126.8,125.9,111.5,144.3,137.7,104.9,125.6,111.7,114.9,119.3,120.8,120.6,118.6,120.0,109.0,106.7,109.9,120.4,136.5,124.1,161.3,113.1,132.9,114.1,155.8,142.3,147.6,105.0,110.5,110.2,88.2,146.0,96.2,97.2,130.6,87.2,119.2,116.9,66.2,80.0,110.3,117.2,145.3,
2009-04-01,125.1,118.5,100.7,88.4,93.4,85.7,107.3,97.9,90.8,103.2,131.0,128.3,129.5,100.1,110.3,93.0,128.0,125.9,111.5,144.2,138.7,105.7,128.6,112.5,114.7,118.6,120.4,121.1,118.8,120.4,109.1,107.0,112.8,120.1,135.8,124.1,159.8,113.5,133.3,113.6,157.0,113.8,155.9,105.0,110.9,111.1,88.6,146.0,100.6,99.4,130.6,86.2,119.6,116.9,65.7,79.6,110.6,117.2,145.7,
2009-05-01,125.4,119.0,100.7,85.7,93.2,83.2,107.9,98.2,90.2,102.6,136.9,128.3,128.9,101.6,116.0,96.5,128.7,125.9,112.7,145.3,137.9,106.8,128.6,115.5,113.9,119.0,121.5,121.2,118.9,120.5,109.2,108.6,110.6,119.3,134.9,124.1,159.5,115.8,132.9,115.6,157.1,113.2,150.1,105.0,110.6,110.8,89.2,146.0,100.4,100.4,130.5,86.5,122.8,118.0,66.1,79.6,110.6,119.9,146.6,
2009-06-01,125.4,120.1,98.6,83.5,87.4,83.7,108.4,94.8,91.0,102.6,141.0,128.3,129.4,103.9,116.0,97.1,128.7,125.9,112.6,146.4,137.6,107.0,128.6,115.8,113.6,119.9,121.2,122.0,118.9,121.1,109.3,108.6,110.6,118.7,134.8,124.1,162.3,116.0,132.8,114.6,157.1,115.2,150.1,105.0,109.8,111.1,89.3,146.0,94.9,96.1,130.5,87.7,126.7,118.0,65.7,79.0,110.4,119.9,147.9,
2009-07-01,125.4,120.1,97.8,83.5,89.2,82.2,109.7,95.5,88.9,102.6,138.5,129.3,128.7,103.0,115.3,99.7,129.0,125.9,111.9,146.7,138.2,106.8,128.7,116.9,113.5,119.7,120.9,122.1,119.3,121.3,109.4,107.7,110.6,117.9,134.6,124.1,164.1,117.5,132.7,114.9,157.3,104.9,150.3,105.0,109.4,110.8,89.0,146.3,91.5,89.7,130.5,86.5,123.1,118.0,65.2,79.0,111.8,120.1,148.6,
2009-08-01,125.4,119.8,97.8,84.1,90.7,81.8,110.6,95.8,89.4,102.7,140.1,129.3,128.1,102.2,115.5,100.3,129.0,125.9,111.6,146.4,137.6,107.5,128.7,113.2,106.2,119.1,122.0,122.6,119.3,121.6,109.7,107.2,110.7,117.2,134.6,124.1,164.2,117.5,132.6,117.1,157.4,108.0,150.3,104.8,109.3,110.4,89.0,146.3,93.1,101.4,129.3,86.0,123.2,118.4,64.9,78.9,111.8,120.8,148.4,
2009-09-01,126.2,121.0,99.5,89.6,92.6,83.4,109.4,95.7,92.5,102.7,139.5,129.3,128.9,103.8,115.1,98.0,130.3,130.9,111.4,146.5,136.9,108.2,131.0,109.4,97.7,118.6,120.8,122.7,119.8,121.8,109.8,107.3,112.6,116.4,134.8,124.1,164.9,117.8,132.8,115.8,157.4,106.0,160.8,106.1,108.6,111.4,88.7,146.3,94.7,101.5,129.3,84.1,121.6,118.4,64.9,77.3,113.8,120.7,148.5,
2009-10-01,128.0,121.3,99.1,88.4,92.0,85.2,109.7,96.5,93.1,102.7,138.6,129.3,128.3,101.4,114.7,95.5,130.9,131.1,111.7,146.4,138.5,107.8,131.0,110.0,95.7,117.0,120.3,122.7,120.3,122.0,110.0,107.6,114.1,115.7,135.5,129.4,161.0,117.9,133.2,114.3,157.4,103.6,159.3,106.1,108.0,112.6,87.7,146.3,98.7,105.8,129.3,84.8,119.7,118.4,65.1,76.7,114.8,120.7,148.5,
2009-11-01,128.0,121.5,99.0,87.5,92.0,83.5,109.2,97.6,95.6,105.3,140.5,129.3,129.3,103.6,114.6,91.9,130.9,131.1,111.4,146.2,137.4,108.2,131.1,112.5,107.3,118.1,121.0,122.8,120.9,122.2,110.1,106.8,114.1,115.1,136.1,129.4,156.3,117.3,133.5,115.5,157.4,106.6,175.1,108.1,108.0,112.9,88.4,146.3,97.5,104.7,134.9,89.0,107.9,118.2,64.6,76.7,114.8,120.9,148.2,
2009-12-01,128.0,120.8,94.9,81.7,87.2,79.1,109.5,94.8,93.7,105.3,138.8,129.3,129.3,102.7,114.0,90.5,131.1,131.1,111.1,146.3,139.0,107.5,131.1,111.9,112.2,116.9,120.4,123.2,120.9,122.5,110.2,107.1,114.1,114.5,136.7,129.4,157.3,117.4,133.8,116.1,157.4,104.9,173.7,108.1,108.9,113.4,87.2,146.3,90.8,102.3,134.9,90.7,109.7,118.2,63.8,73.0,115.3,120.9,148.3,
2010-01-01,128.0,121.6,94.7,80.9,87.6,78.5,109.5,94.6,92.0,105.3,141.0,134.0,129.6,104.8,113.2,83.1,131.2,131.3,110.8,146.4,138.4,107.6,131.1,112.3,110.9,116.8,123.4,123.3,121.4,122.7,110.3,104.3,114.6,114.0,137.3,129.4,158.0,117.8,134.1,115.4,164.6,112.5,181.6,109.4,108.2,113.3,87.2,146.3,89.1,97.6,134.9,91.6,111.2,118.2,62.5,73.0,115.4,121.0,148.5,
2010-02-01,129.2,122.2,95.5,81.2,89.5,80.1,108.7,96.2,91.8,104.6,140.3,134.1,131.0,104.9,113.1,98.0,131.2,131.3,110.8,146.9,139.5,106.6,131.1,110.5,110.4,117.7,124.0,123.7,121.4,123.0,110.3,104.1,114.6,113.6,137.9,129.4,159.5,117.8,134.4,115.1,164.6,112.3,176.0,109.3,107.6,113.7,87.6,146.3,90.9,99.9,134.1,91.9,106.2,119.0,62.7,73.5,115.4,121.6,149.1,
2010-03-01,129.2,122.4,95.4,86.4,91.7,81.1,108.4,95.4,94.4,104.6,142.4,134.5,130.3,104.3,113.3,89.8,131.2,131.2,111.0,146.8,138.9,106.3,131.2,112.2,113.2,117.4,125.2,123.8,121.4,123.1,110.4,104.9,114.6,113.2,138.6,129.4,161.3,117.8,134.9,114.4,164.6,110.4,178.2,109.3,106.6,114.0,87.5,148.6,90.6,99.5,134.1,90.5,107.7,119.0,62.6,73.6,115.5,121.7,148.9,
2010-04-01,130.3,122.1,96.2,86.2,92.3,81.2,108.6,96.8,92.6,104.6,142.5,134.8,129.9,105.3,114.7,90.4,131.7,131.2,111.1,147.5,137.6,106.9,135.2,109.3,116.6,117.7,123.9,123.9,121.5,123.2,110.5,104.9,114.9,112.8,139.8,129.4,162.1,117.9,136.6,115.3,166.1,117.5,180.5,109.3,106.4,113.2,87.7,148.6,98.4,99.5,134.1,90.7,110.8,119.0,62.7,73.7,115.9,121.7,150.1,
2010-05-01,130.5,121.8,96.9,82.5,91.4,81.1,108.7,95.8,91.6,105.1,143.4,134.8,130.0,103.9,115.2,92.6,132.6,131.2,111.6,147.4,137.6,106.9,135.2,111.4,115.2,118.7,123.4,123.9,121.4,123.1,110.6,104.9,113.5,112.8,140.9,129.4,163.3,117.9,136.9,120.2,166.6,118.5,180.0,109.7,106.2,113.1,87.2,148.6,97.4,98.4,139.8,90.9,113.0,119.9,62.9,73.7,115.9,122.4,150.3,
2010-06-01,130.5,122.3,96.3,78.7,87.1,75.4,109.1,95.3,91.9,105.1,141.8,134.8,130.1,104.7,114.4,96.4,132.6,131.2,111.5,147.7,138.5,106.6,135.2,112.3,113.8,119.0,122.9,124.2,121.4,123.3,110.7,105.3,113.5,112.8,141.8,129.4,163.1,117.9,137.5,121.3,166.6,118.7,180.0,109.7,106.2,112.5,87.4,148.6,95.2,95.6,139.8,90.1,117.5,119.9,62.8,74.0,115.1,122.4,150.7,
2010-07-01,131.7,123.9,96.0,77.3,87.7,73.7,109.5,92.4,92.0,105.1,144.1,136.3,130.0,103.3,114.6,97.9,136.6,131.2,111.4,153.2,139.0,107.7,135.3,113.9,111.0,120.0,124.5,125.7,122.4,124.7,110.8,106.0,113.5,112.9,142.0,129.4,163.5,119.2,143.6,126.2,166.6,118.1,184.2,110.6,106.6,112.9,87.5,149.2,88.6,91.1,139.9,87.9,117.6,124.8,62.0,74.1,116.2,123.1,156.2,
2010-08-01,131.7,124.1,95.9,78.1,90.0,73.7,110.6,93.4,93.0,107.0,144.0,136.3,130.5,105.6,114.5,97.5,136.6,131.2,111.3,153.2,139.4,107.7,135.3,113.2,107.6,119.8,124.3,125.7,122.4,124.7,111.0,106.0,113.5,112.7,142.0,129.4,158.9,118.8,143.4,126.1,166.6,114.8,184.2,109.9,105.9,113.1,87.5,149.2,88.9,91.7,144.6,87.8,115.6,125.2,61.9,74.1,116.2,123.0,156.1,
2010-09-01,134.3,123.8,97.3,85.8,89.7,75.9,109.1,93.6,90.8,107.0,143.2,136.3,130.6,104.2,114.5,96.9,137.4,135.3,111.2,153.2,138.4,107.6,136.0,111.1,100.9,120.5,125.3,125.8,121.0,124.4,111.1,105.9,109.7,112.6,142.3,129.4,160.2,117.5,143.7,124.7,166.6,117.8,178.5,109.9,106.6,112.9,87.1,149.2,89.4,92.9,144.6,88.2,116.8,125.2,61.7,72.7,115.6,123.0,156.2,
2010-10-01,134.4,124.0,96.4,86.5,92.7,80.1,107.5,95.2,92.8,107.0,146.2,136.3,129.8,104.5,114.4,93.3,138.1,135.8,111.4,153.3,139.5,106.9,136.0,111.1,99.5,120.0,124.6,126.1,121.5,124.7,111.3,106.2,115.7,112.2,142.2,133.9,164.6,119.7,143.8,123.6,166.8,114.6,185.8,109.9,105.7,114.2,87.2,149.2,96.6,94.3,144.6,88.8,115.6,125.2,62.2,72.7,116.5,123.0,156.1,
2010-11-01,134.4,124.2,95.9,81.5,90.9,77.9,108.0,95.0,92.8,105.0,147.4,136.3,130.0,104.1,114.4,90.1,138.1,135.8,111.3,153.5,138.5,106.9,136.1,112.6,104.1,120.2,124.6,126.1,123.2,125.2,111.4,105.9,115.7,112.0,142.3,133.9,164.8,119.0,143.9,122.3,166.8,112.8,191.6,110.4,106.2,114.8,87.2,154.1,93.1,93.5,142.3,92.4,114.5,126.2,61.6,71.9,116.5,123.4,156.5,
2010-12-01,134.4,124.4,95.3,77.4,87.4,73.8,106.4,93.3,89.6,105.0,149.1,136.3,130.2,103.6,114.3,89.2,138.2,135.8,110.8,153.8,140.2,106.5,136.1,113.8,108.8,121.4,123.3,126.4,123.2,125.4,111.5,105.6,115.7,111.6,142.6,133.9,166.3,119.2,144.1,123.3,166.8,114.5,200.0,110.4,106.5,114.7,86.0,154.1,90.0,88.6,142.3,92.1,111.9,126.2,60.8,71.0,117.3,123.4,156.8,
2011-01-01,134.4,124.8,95.8,75.1,87.8,74.9,107.9,92.8,88.9,105.2,151.9,138.7,130.8,103.3,114.2,84.0,138.6,135.9,111.6,154.3,139.4,106.7,136.1,114.8,112.1,121.5,126.0,126.9,124.0,126.1,111.5,105.1,116.0,111.3,142.3,133.9,168.6,119.7,144.3,122.8,171.0,108.8,206.9,110.7,107.1,115.3,86.2,154.4,86.1,85.1,142.5,92.2,114.5,126.4,59.6,70.4,118.2,123.8,157.2,
2011-02-01,135.8,125.4,96.7,77.3,89.5,75.8,107.6,93.7,88.7,104.3,152.3,138.7,132.9,104.4,115.1,88.7,138.8,135.9,111.4,154.3,141.9,106.4,136.1,112.1,115.8,121.7,124.8,127.1,124.0,126.2,111.6,105.7,116.1,110.9,142.7,133.9,168.7,120.2,144.6,120.1,171.3,110.5,219.2,110.7,105.9,115.6,86.9,154.4,86.7,81.3,146.4,91.2,117.3,126.4,59.7,70.6,118.2,123.4,157.1,
2011-03-01,135.9,126.2,96.8,86.2,92.4,80.3,108.2,95.3,91.9,104.3,157.1,138.7,134.2,104.8,116.3,91.5,140.0,136.1,110.1,155.2,142.8,107.3,136.2,110.7,128.3,123.3,128.1,127.2,124.5,126.4,111.7,106.6,116.1,110.7,143.1,133.9,169.2,119.6,144.9,119.3,175.0,108.2,234.0,110.7,105.8,115.9,87.0,163.6,92.5,92.2,146.4,90.7,119.9,126.4,60.6,70.6,116.8,123.5,158.0,
2011-04-01,135.9,126.5,93.3,83.1,91.2,80.9,107.6,94.1,89.9,104.3,162.0,138.7,133.1,105.7,117.1,91.1,141.1,136.1,110.0,155.7,145.6,107.3,138.8,110.9,120.3,124.2,127.8,127.4,124.9,126.7,111.8,107.3,116.3,110.4,143.4,133.9,169.9,119.2,145.7,123.4,177.3,111.9,239.0,110.7,107.5,115.9,86.1,163.6,95.4,95.7,146.4,90.9,121.8,126.4,60.4,70.6,117.4,123.5,159.4,
2011-05-01,136.7,126.9,94.2,82.1,92.8,82.0,109.0,97.2,92.9,107.3,165.0,138.7,134.2,105.2,118.2,95.4,141.2,136.1,110.6,156.3,146.3,107.3,138.8,115.0,119.2,125.1,128.1,127.6,125.8,127.1,111.9,104.6,118.6,110.7,143.8,133.9,170.5,120.4,145.9,121.3,176.6,112.2,230.8,111.3,108.0,116.6,86.7,163.6,97.5,95.4,146.9,91.5,122.9,126.8,60.3,71.2,117.4,124.9,159.6,
2011-06-01,136.7,128.1,94.5,77.9,88.6,79.8,110.6,93.7,92.0,107.3,161.8,138.8,134.1,104.6,117.0,96.0,141.2,136.1,110.3,156.2,147.1,107.0,138.8,115.7,121.4,126.0,128.2,128.2,125.7,127.5,111.9,105.5,118.6,110.7,144.4,133.9,169.9,120.5,146.2,121.8,176.6,113.2,230.8,111.3,107.3,116.6,87.3,163.6,92.7,95.4,146.9,87.4,126.2,126.8,60.1,70.4,117.3,124.9,159.6,
2011-07-01,136.7,128.2,94.3,76.8,90.7,76.1,109.7,93.4,90.3,107.3,161.4,138.6,134.0,104.8,116.8,100.5,141.4,136.1,111.3,156.2,147.3,106.2,138.9,120.4,121.7,126.6,129.0,128.3,125.7,127.6,112.0,106.1,118.6,110.8,144.8,133.9,170.6,121.3,146.4,125.6,177.0,114.2,230.9,111.3,108.0,117.1,86.7,164.4,88.7,90.0,146.9,87.0,124.0,126.8,59.5,70.0,117.4,124.8,159.7,
2011-08-01,136.7,128.3,94.3,77.5,91.6,71.9,111.4,92.9,90.6,106.1,160.7,138.6,134.9,105.7,116.5,99.8,141.4,136.1,111.0,156.3,147.9,107.2,138.9,119.3,114.9,126.6,129.7,129.2,125.7,128.2,112.2,105.6,118.6,110.8,144.8,133.9,170.8,121.4,146.5,128.3,176.6,113.6,230.9,112.8,109.0,118.0,86.7,164.4,90.7,92.7,165.4,88.1,123.3,127.9,59.3,69.4,117.4,125.3,159.8,
2011-09-01,138.0,130.5,93.5,85.6,93.1,76.9,110.1,94.4,93.0,106.1,160.4,138.6,134.9,105.5,116.2,99.7,141.2,141.0,110.7,156.3,146.8,107.1,139.4,116.5,110.6,127.8,129.0,129.3,125.6,128.2,112.3,105.6,118.2,110.6,144.9,133.9,169.4,121.7,146.7,124.4,176.6,112.3,227.4,112.8,107.9,119.2,86.5,164.4,92.5,96.3,165.4,89.9,127.2,127.9,58.7,68.4,117.0,125.2,159.7,
2011-10-01,138.2,130.5,94.7,85.2,94.8,80.1,109.0,94.7,92.8,106.1,160.0,138.6,135.0,105.9,115.4,95.8,141.7,141.1,110.2,156.6,148.4,106.3,139.4,116.5,107.4,126.2,129.3,129.6,126.4,128.7,112.5,104.9,114.1,110.7,145.2,136.8,170.4,119.6,146.8,128.7,176.8,112.1,226.8,112.7,109.3,119.3,86.4,164.4,98.6,99.7,165.4,91.1,122.3,127.9,58.5,67.8,117.7,125.2,160.0,
2011-11-01,138.8,130.4,94.6,79.8,92.6,76.5,108.9,94.0,92.3,106.0,158.8,138.6,134.8,107.1,115.2,91.7,141.7,141.1,110.2,156.4,149.3,106.0,139.5,118.3,114.8,127.7,129.9,129.7,126.8,128.9,112.6,105.7,114.1,110.8,145.3,136.8,171.3,119.4,146.9,126.1,176.8,109.8,238.3,113.9,109.3,119.3,86.0,164.6,97.9,97.2,165.5,94.1,122.8,128.6,57.7,66.9,117.7,126.1,159.7,
2011-12-01,138.8,131.2,92.7,75.6,88.2,72.1,108.4,93.0,90.3,106.0,156.3,138.6,134.7,107.3,114.1,90.0,141.7,141.1,109.9,156.5,148.6,106.6,139.5,120.4,118.2,127.8,127.9,129.9,126.9,129.1,112.7,105.5,114.1,110.8,145.9,136.8,171.9,119.5,147.2,129.9,176.8,109.9,240.0,113.9,108.9,118.8,85.1,164.6,92.3,94.3,165.5,91.9,120.4,128.6,57.5,65.7,117.7,126.1,159.6,
2012-01-01,138.9,131.8,92.9,76.0,88.7,75.5,110.7,93.2,87.0,106.2,158.6,141.5,135.1,107.3,113.9,83.0,142.3,141.2,110.7,156.7,148.8,106.4,139.5,119.1,120.0,129.4,130.2,130.4,127.6,129.6,112.8,104.1,114.3,110.8,146.1,136.8,172.5,119.6,147.6,131.8,184.2,108.0,242.2,114.2,109.7,120.1,85.3,164.8,89.8,85.5,165.8,93.5,124.0,128.9,57.2,65.2,118.3,126.3,159.8,
2012-02-01,140.1,132.0,93.7,79.3,91.9,75.8,112.5,93.7,89.5,108.3,160.8,141.5,135.7,107.6,114.9,87.9,142.3,141.2,111.0,156.9,149.0,106.9,139.5,117.4,118.5,130.4,131.3,130.6,127.5,129.8,113.0,104.4,114.3,110.8,146.1,136.8,171.2,119.8,147.6,130.5,184.6,105.1,244.3,115.5,110.0,120.6,85.3,164.8,92.6,87.3,167.3,92.6,124.8,129.4,57.1,65.2,118.3,127.1,160.0,
2012-03-01,140.1,132.1,93.4,84.4,93.7,79.3,111.2,92.9,90.3,108.3,164.3,141.5,136.3,107.4,116.0,92.9,142.3,141.2,111.9,157.9,149.9,106.6,139.5,114.7,113.3,130.4,131.7,130.9,127.4,129.9,113.1,104.9,114.3,110.7,146.5,136.8,171.5,119.7,147.9,125.6,184.6,105.0,248.5,115.5,109.5,120.4,85.1,165.2,94.8,96.5,167.3,92.7,126.4,129.4,57.5,64.7,118.3,127.3,161.1,
2012-04-01,140.2,132.5,92.3,83.8,94.4,80.9,112.5,97.5,89.3,108.3,167.1,141.5,135.2,107.7,117.3,92.6,145.5,141.2,112.2,158.0,151.0,106.6,142.1,115.2,111.7,130.3,132.2,131.1,127.7,130.2,113.2,104.5,123.8,110.3,146.9,136.8,172.4,125.4,149.4,125.4,187.4,96.4,245.8,115.5,109.7,120.0,85.3,165.2,98.8,96.7,167.3,93.8,126.9,129.4,57.4,64.7,118.5,127.3,161.3,
2012-05-01,141.0,131.8,92.8,79.5,93.8,79.8,112.5,98.0,91.8,107.1,164.6,141.5,136.0,108.2,118.6,97.2,146.0,141.2,112.1,158.1,149.4,105.8,142.1,121.0,113.3,132.7,131.5,131.3,127.9,130.4,113.3,104.1,124.0,110.0,147.2,136.8,173.8,125.7,149.5,127.8,187.4,93.6,240.2,115.0,109.4,119.7,87.3,165.2,94.2,96.5,166.8,93.0,128.3,129.6,57.6,65.1,118.5,127.5,161.6,
2012-06-01,141.0,132.9,92.7,76.3,88.6,77.1,112.3,93.8,89.9,107.1,161.9,141.5,135.6,107.9,117.6,98.3,146.0,141.2,111.7,158.0,149.6,106.2,142.1,119.8,116.4,131.8,130.4,131.8,127.9,130.7,113.4,105.5,124.0,109.6,147.4,136.8,174.1,126.3,149.7,129.0,187.4,97.7,240.2,115.0,109.5,120.5,87.0,165.2,95.6,91.7,166.8,90.8,128.7,129.6,57.4,64.0,118.2,127.5,161.5,
2012-07-01,141.0,133.0,92.0,73.3,89.9,75.1,112.8,95.7,88.9,107.1,161.7,142.6,136.4,108.2,117.2,101.2,146.3,141.2,112.0,157.8,150.2,104.6,142.2,122.6,117.0,133.3,131.6,131.9,127.8,130.7,113.5,105.5,124.0,109.2,147.9,136.8,175.6,126.4,150.0,130.3,188.0,96.8,240.4,115.0,110.6,121.3,87.1,161.5,91.2,89.7,166.8,89.1,123.8,129.6,57.3,63.4,118.6,127.5,161.6,
2012-08-01,141.0,133.0,91.9,74.9,90.4,70.3,113.6,95.5,88.2,109.5,163.8,142.6,136.7,110.9,117.9,102.8,146.3,141.2,112.2,157.9,151.7,105.9,142.2,120.3,112.6,133.8,132.8,132.2,127.8,130.9,113.8,105.0,124.0,108.8,148.0,136.8,174.3,126.4,150.0,132.6,188.0,97.8,240.4,113.9,110.5,121.3,87.1,161.5,90.3,91.2,172.3,89.9,121.2,130.3,57.6,63.1,118.6,128.1,161.9,
2012-09-01,142.7,132.9,94.1,81.4,92.8,74.6,111.6,95.1,90.2,109.5,165.5,142.6,136.3,107.2,117.4,100.6,146.7,146.0,112.0,157.7,149.9,105.0,142.7,117.4,107.1,132.6,130.9,132.3,128.0,131.1,114.0,104.9,125.1,108.2,148.2,136.8,175.2,126.7,150.2,131.9,188.0,96.4,234.4,113.9,110.6,122.1,87.0,161.5,91.6,92.7,172.3,90.0,122.7,130.3,56.9,62.4,117.5,128.2,161.6,
2012-10-01,142.7,133.0,95.2,82.0,93.6,76.9,110.8,96.2,92.2,109.5,164.4,142.6,135.3,107.6,116.4,95.6,147.3,146.0,112.0,158.0,152.4,104.7,142.7,119.7,106.4,132.6,130.1,132.5,128.5,131.4,114.2,106.0,124.3,107.8,148.4,140.6,176.8,126.0,150.3,130.9,188.0,99.1,233.7,113.9,111.2,122.5,87.5,161.5,97.6,96.3,172.3,91.2,124.0,130.3,57.0,62.2,118.0,128.2,161.9,
2012-11-01,142.7,133.1,95.2,78.5,92.4,73.9,111.2,95.2,92.1,107.7,159.8,142.6,136.3,107.5,115.6,94.3,147.1,146.0,112.3,158.7,151.4,104.8,142.8,123.1,110.0,133.2,130.7,132.7,129.1,131.6,114.3,107.0,124.3,107.5,148.9,140.6,176.1,125.6,150.5,128.3,188.0,102.3,233.0,114.5,111.2,122.7,87.4,162.1,94.3,95.2,173.5,92.4,124.1,130.9,56.6,61.8,118.0,128.8,162.4,
2012-12-01,142.7,133.6,93.7,74.7,89.3,70.1,109.7,95.6,90.7,107.7,157.9,142.6,135.5,106.7,114.8,91.4,147.2,146.0,111.7,159.5,151.6,105.4,142.8,123.6,113.3,133.4,128.1,133.0,129.1,131.9,114.5,106.8,124.3,106.8,149.1,140.6,176.6,126.1,150.6,129.2,188.0,100.9,235.8,114.5,111.0,121.8,85.9,162.1,87.5,93.9,173.5,91.3,121.9,130.9,56.2,61.5,118.8,128.8,162.8,
2013-01-01,142.7,133.6,93.7,73.2,87.8,70.2,110.7,95.4,87.2,107.7,157.9,144.8,135.6,106.5,114.1,85.5,147.1,146.1,112.7,160.0,151.0,105.1,142.8,122.8,115.7,133.2,129.1,133.1,129.8,132.2,114.6,105.2,124.3,106.2,149.2,140.6,176.5,126.1,150.7,130.0,196.9,104.9,240.3,115.8,110.5,120.8,85.9,162.1,86.6,88.7,173.5,92.8,123.0,130.9,55.3,61.0,119.7,128.8,163.2,95.8
2013-02-01,143.9,134.3,94.3,77.4,92.4,70.9,111.8,97.5,89.0,111.7,164.0,144.8,137.5,106.6,115.3,89.0,147.2,146.1,112.9,160.2,152.5,104.9,142.8,123.2,121.6,134.5,130.0,133.8,129.9,132.7,114.8,105.3,124.3,106.1,149.4,140.6,177.5,125.9,150.8,129.0,197.0,105.7,254.4,117.5,110.1,121.3,85.9,162.1,87.8,92.0,179.8,94.8,122.8,131.8,55.3,61.3,119.7,130.4,163.5,98.9
2013-03-01,143.9,134.8,94.4,83.1,94.6,78.7,111.4,97.1,91.6,111.7,164.0,144.8,136.4,105.9,115.0,91.6,147.2,146.0,113.0,161.2,152.0,104.6,142.9,121.4,119.1,134.2,130.2,133.9,130.0,132.8,114.9,105.6,124.3,106.3,149.6,140.6,177.9,126.0,151.0,128.8,197.0,104.9,250.4,117.4,110.7,120.5,87.1,163.3,88.0,97.3,179.8,93.4,122.3,131.8,55.4,60.8,118.6,130.4,164.4,102.8
2013-04-01,143.5,135.1,92.1,81.9,91.8,79.3,111.0,101.6,91.2,111.7,161.6,144.4,136.3,106.1,114.4,91.6,147.3,146.0,113.1,161.5,153.4,104.2,146.0,120.3,117.7,134.5,130.5,132.8,129.3,131.8,115.0,106.5,129.4,105.6,149.7,140.6,178.4,128.1,150.9,130.7,199.3,106.3,242.3,117.2,111.7,120.7,87.0,163.3,91.9,98.8,179.8,93.2,125.4,130.9,55.8,60.3,118.4,130.9,165.1,102.8
2013-05-01,143.7,135.1,92.4,79.6,92.4,78.1,113.8,101.6,92.9,109.3,163.2,144.4,137.1,105.9,116.9,96.0,148.0,146.0,114.4,162.2,152.8,103.5,146.0,122.6,118.5,134.5,130.7,132.9,129.5,131.9,115.1,105.3,128.7,105.5,150.0,140.6,178.6,127.8,151.1,131.7,199.3,108.0,229.3,117.3,111.5,120.1,84.9,163.3,91.4,97.4,180.4,92.7,129.6,131.1,55.5,60.3,118.4,131.3,166.1,102.3
2013-06-01,143.7,134.8,95.2,76.9,88.2,74.7,115.1,99.1,92.7,109.3,165.5,144.4,135.8,106.3,117.1,96.7,148.0,146.0,114.0,162.4,152.2,103.4,146.0,122.4,120.6,134.7,129.7,133.3,129.5,132.2,115.3,104.1,128.7,105.4,150.5,140.6,179.8,127.7,151.2,131.9,199.8,108.7,229.5,117.3,110.7,119.9,84.4,163.3,89.4,95.5,180.4,92.5,130.9,131.1,55.3,60.2,118.1,131.3,166.1,101.5
2013-07-01,143.8,136.6,94.8,74.6,90.6,74.2,115.9,96.7,92.1,109.3,166.4,145.7,135.6,105.2,117.4,100.7,148.4,146.0,113.1,162.6,152.2,103.2,146.0,123.2,119.6,135.2,130.0,133.5,130.3,132.6,115.4,104.9,128.8,105.0,150.6,140.6,179.1,127.8,151.3,134.5,200.1,108.7,232.3,117.3,111.0,120.1,84.4,164.4,87.1,93.1,180.5,90.8,131.3,131.1,55.9,59.8,118.6,131.3,166.6,99.6
2013-08-01,143.8,136.3,94.7,76.3,91.9,75.1,116.8,97.9,89.8,110.8,165.6,145.7,136.3,106.0,117.1,101.8,148.4,146.0,112.5,162.9,153.3,102.8,146.0,122.6,116.0,135.9,131.3,133.9,130.2,132.9,115.7,104.6,128.8,104.9,150.9,140.6,179.1,127.8,151.4,134.7,200.1,107.1,233.4,116.1,110.5,120.3,84.4,164.4,87.5,93.9,185.7,90.4,130.7,131.7,56.0,59.9,118.6,132.0,166.9,100.1
2013-09-01,144.9,137.2,95.2,80.0,92.4,76.2,116.2,99.7,91.7,110.8,165.3,145.7,135.1,105.6,117.6,98.7,148.6,150.1,113.5,162.9,151.4,103.0,147.5,120.2,112.7,135.2,129.9,134.0,130.4,133.0,115.8,104.6,128.1,105.0,151.0,140.6,180.2,127.9,151.6,134.4,200.1,108.5,240.3,116.1,110.4,120.5,84.1,164.4,89.7,94.7,185.7,91.3,128.1,131.7,55.3,59.9,119.5,132.0,166.8,101.4
2013-10-01,144.7,137.1,95.7,79.6,92.5,76.3,116.4,96.3,91.3,110.8,161.4,145.7,134.7,104.6,117.9,93.9,149.4,150.2,113.5,163.0,152.0,102.7,147.5,121.3,109.2,134.8,129.8,134.3,130.7,133.2,116.0,104.9,126.3,105.0,151.0,145.1,181.1,126.7,151.6,132.8,200.2,104.3,238.6,116.0,110.7,121.2,84.9,164.4,97.5,96.7,185.7,92.7,128.3,131.7,55.3,59.5,119.9,132.0,167.0,100.1
2013-11-01,144.7,136.9,95.4,77.9,91.8,74.3,116.4,95.0,90.5,110.2,160.5,145.7,134.7,105.3,117.7,90.9,149.4,150.2,113.5,163.2,151.8,102.5,147.5,123.6,119.5,135.7,129.4,134.3,130.8,133.3,116.2,105.3,126.3,105.2,151.1,145.1,184.0,127.0,151.7,134.8,200.2,107.7,240.7,118.2,110.9,121.0,82.9,166.0,93.3,93.8,175.3,92.9,125.1,131.6,55.1,59.3,119.9,132.3,167.3,98.8
2013-12-01,144.7,136.8,93.8,74.9,87.6,72.0,116.3,95.6,89.0,110.2,162.2,145.7,134.0,105.2,118.3,87.6,149.4,150.2,113.7,163.1,151.4,102.7,147.5,123.6,119.1,135.0,128.1,134.7,130.9,133.6,116.3,104.0,126.3,105.4,151.2,145.1,183.9,126.9,151.7,134.5,200.2,106.8,253.2,118.2,111.3,121.2,83.6,166.0,90.8,91.4,175.3,92.6,124.0,131.6,54.7,57.9,121.2,132.3,167.2,95.9
2014-01-01,144.7,137.1,93.6,73.3,88.9,75.3,120.1,95.7,89.9,110.2,162.4,148.7,134.7,106.1,118.5,85.4,149.5,150.2,113.2,163.1,150.1,102.6,147.5,123.1,120.7,135.1,129.6,134.9,131.1,133.8,116.4,104.2,126.3,105.6,151.3,145.1,186.0,126.9,151.8,136.1,208.8,110.2,263.6,118.3,110.6,120.7,83.6,166.0,87.3,87.5,175.3,93.6,124.4,131.6,54.3,57.9,121.4,132.4,167.3,96.9
2014-02-01,145.5,137.3,94.9,75.3,91.4,75.4,120.6,96.3,90.8,111.7,164.2,148.7,135.8,105.9,119.0,92.6,149.5,150.2,113.7,167.7,152.4,102.8,147.5,127.8,123.5,137.3,129.2,135.2,131.1,134.1,116.5,104.1,126.3,105.6,151.5,145.1,186.5,127.0,151.9,135.1,208.8,111.5,276.6,119.0,110.8,121.2,84.2,166.0,87.3,91.9,182.9,95.1,125.1,131.9,53.9,58.7,121.4,132.4,171.6,98.3
2014-03-01,145.5,137.6,95.1,79.4,93.3,78.1,123.1,99.5,90.2,111.7,166.6,148.7,135.7,105.2,119.3,90.9,149.5,150.3,114.3,173.4,151.0,102.6,147.5,126.3,123.9,138.7,130.0,135.3,131.0,134.1,116.6,104.9,126.3,105.7,152.0,145.1,186.5,127.0,152.1,135.3,208.8,123.7,273.3,119.0,111.4,121.6,85.5,167.7,93.2,99.5,182.9,94.8,126.3,131.9,54.9,58.7,125.3,132.4,177.5,100.4
2014-04-01,145.5,138.2,91.8,80.8,93.1,80.4,121.5,102.0,90.9,111.7,168.0,148.8,135.6,105.2,119.0,88.4,151.3,150.3,113.1,174.7,151.0,102.7,151.4,125.9,122.8,140.5,129.8,135.8,131.5,134.6,116.7,105.7,132.7,105.8,152.0,145.1,190.0,130.1,153.4,136.7,211.6,133.9,264.9,119.8,110.8,121.4,85.0,167.7,94.1,99.8,182.9,94.6,126.0,131.9,55.3,58.4,126.1,132.4,179.4,101.3
2014-05-01,145.7,138.4,91.7,79.6,93.1,79.2,124.0,103.1,91.8,111.7,169.1,148.8,135.0,105.1,119.9,95.1,152.0,150.3,113.4,176.9,150.8,102.8,151.4,128.3,125.7,145.2,130.1,135.9,131.6,134.7,116.8,104.1,129.6,105.7,152.3,145.1,191.1,128.3,153.6,140.9,211.6,131.0,258.4,121.2,110.9,121.4,84.2,167.7,92.7,100.1,183.4,94.5,127.3,133.7,54.8,58.3,126.1,132.9,181.3,101.8
2014-06-01,146.9,138.5,93.3,78.5,90.0,76.3,125.8,98.5,90.3,111.7,170.8,148.8,134.9,104.8,120.1,97.2,152.0,150.3,112.9,179.2,152.0,102.7,151.4,128.1,129.4,147.4,129.2,136.6,131.6,135.2,117.0,103.7,129.6,105.5,152.6,145.1,191.8,128.3,153.7,137.4,212.2,129.8,252.3,122.3,111.6,121.7,84.4,167.7,92.3,99.6,183.4,93.9,127.9,133.7,54.4,57.8,127.4,132.9,182.8,100.9
2014-07-01,146.9,138.6,92.6,76.6,91.0,74.8,126.1,99.5,91.7,111.7,169.2,149.1,135.2,104.1,119.4,100.7,151.9,150.3,113.2,180.0,151.9,103.0,151.4,128.4,126.9,147.7,129.7,136.7,132.1,135.5,117.1,104.3,129.6,105.3,152.8,145.1,196.5,128.3,153.8,139.1,212.5,130.9,249.1,122.2,111.1,121.9,84.2,170.1,88.9,97.1,183.4,92.0,128.6,133.7,54.3,57.7,127.7,132.9,183.3,99.5
2014-08-01,146.9,138.9,92.8,77.8,91.6,72.7,125.5,99.6,89.4,113.0,166.7,149.1,135.3,105.0,119.4,103.5,151.9,150.3,114.6,181.3,152.7,102.9,151.4,124.2,119.7,148.5,130.6,137.1,132.1,135.7,117.3,104.1,129.6,104.9,152.8,145.1,197.0,128.4,153.8,139.8,212.5,126.3,246.1,126.4,111.6,122.2,84.2,170.1,87.5,97.8,185.2,93.0,127.1,134.1,54.2,57.2,127.7,133.5,184.8,100.1
2014-09-01,147.6,139.3,92.3,83.0,94.7,77.1,124.5,99.1,91.9,113.0,166.1,149.1,136.4,104.7,119.3,100.0,151.9,154.8,114.6,181.4,149.5,102.9,152.2,123.1,115.1,150.7,130.2,137.3,132.6,136.0,117.5,104.1,131.1,104.8,153.1,145.1,196.1,129.1,154.2,139.9,212.5,126.1,243.3,126.4,110.9,121.8,84.4,170.1,88.5,99.2,185.2,91.8,127.6,134.1,54.7,56.5,133.0,133.6,184.9,100.1
2014-10-01,149.2,139.5,93.5,83.2,95.5,78.5,123.3,100.7,92.5,113.0,163.1,149.1,135.3,103.6,119.5,95.8,152.4,154.8,115.6,181.8,150.8,102.6,152.2,122.7,112.6,151.5,130.1,137.5,132.8,136.2,117.7,103.7,130.4,104.8,153.1,148.3,195.0,128.6,154.3,140.2,212.5,125.3,238.6,126.4,111.0,122.4,84.8,170.1,98.5,102.7,185.2,93.5,130.6,134.1,54.7,55.8,133.2,133.6,185.2,102.0
2014-11-01,149.2,139.6,93.2,82.2,92.5,75.1,124.1,98.8,91.2,108.2,157.5,149.1,136.2,106.9,118.9,88.3,152.5,154.8,115.8,181.8,151.8,102.7,152.3,125.8,123.0,152.2,129.9,138.0,133.0,136.6,117.8,105.2,130.4,104.7,153.3,148.3,195.2,129.5,154.4,139.7,212.5,123.5,237.1,126.0,111.6,123.0,85.6,173.1,96.6,101.0,176.1,94.0,128.3,134.5,54.4,55.4,133.2,134.2,185.2,100.9
2014-12-01,149.2,139.5,92.6,77.4,88.9,73.2,121.9,95.7,89.7,108.2,150.7,149.1,136.0,105.7,118.3,86.5,152.5,154.8,115.2,181.7,153.0,102.8,152.3,125.7,126.4,152.7,129.8,138.4,133.4,137.0,117.9,105.9,130.4,104.7,153.4,148.3,199.4,129.5,154.4,140.3,212.5,124.4,228.3,126.0,112.3,122.2,84.3,173.1,89.4,101.5,176.1,94.0,127.4,134.5,54.3,54.7,130.3,134.2,185.1,99.7
2015-01-01,149.3,139.9,92.6,75.5,90.9,76.1,123.6,97.8,89.3,108.2,143.8,150.7,136.1,106.9,117.3,84.3,153.1,154.8,116.1,182.7,151.7,103.1,152.3,131.2,132.2,153.8,132.0,138.7,134.7,137.6,117.9,104.8,130.4,104.8,153.5,148.3,199.9,129.5,154.5,141.1,216.7,125.5,208.1,126.1,112.5,122.9,84.3,173.1,88.2,98.6,176.1,94.6,128.0,134.5,54.0,55.0,130.7,134.3,185.9,102.8
2015-02-01,150.7,140.6,94.9,78.4,92.8,77.4,123.1,97.7,90.2,111.1,148.9,150.7,136.8,106.6,118.2,94.5,153.1,154.8,115.8,184.3,152.7,103.2,152.3,131.5,132.7,154.3,132.3,139.0,134.7,137.8,118.1,104.8,130.4,104.9,153.4,148.3,202.5,129.6,154.5,140.3,216.7,123.5,211.8,127.3,112.0,123.0,84.7,173.1,88.4,99.6,185.0,94.1,129.0,135.2,53.7,55.5,130.7,134.4,187.2,102.9
2015-03-01,150.7,140.8,95.1,82.5,96.2,80.4,123.9,98.3,92.0,111.1,152.2,150.7,137.2,105.7,119.8,96.0,153.1,154.9,116.5,184.4,152.9,102.3,152.4,129.8,131.0,155.1,132.9,139.2,134.7,137.9,118.2,106.0,130.4,105.0,153.6,148.3,203.5,130.2,154.6,139.3,216.7,124.2,231.7,127.3,112.4,125.0,86.0,174.6,91.9,101.0,185.0,96.3,126.4,135.2,54.9,55.2,132.3,134.4,187.4,102.5
2015-04-01,150.7,141.3,96.4,82.4,94.8,80.2,125.2,98.8,90.9,111.1,152.2,150.7,136.1,105.6,119.8,90.5,153.6,154.9,116.8,185.8,154.1,102.6,155.3,127.4,128.1,156.3,133.9,139.4,135.0,138.2,118.3,107.1,133.5,104.9,153.3,148.3,206.3,131.6,155.5,140.7,221.6,114.3,212.0,127.3,112.2,124.7,86.4,174.6,94.8,101.5,185.0,95.8,129.2,135.2,55.3,55.6,132.5,134.4,189.7,102.7
2015-05-01,150.8,141.4,96.9,79.9,94.9,79.9,126.3,98.8,93.1,111.6,155.8,150.7,137.0,105.1,123.9,98.5,154.3,154.9,117.2,186.3,156.0,103.6,155.3,132.7,132.7,156.7,133.7,139.8,135.5,138.6,118.3,107.9,133.8,104.7,153.4,148.3,207.0,132.3,155.5,142.3,222.2,112.1,210.3,127.3,112.4,123.7,86.1,174.6,93.8,101.3,180.6,96.1,126.6,136.9,54.9,55.6,132.5,134.7,190.4,100.5
2015-06-01,150.8,141.9,96.9,77.6,91.5,78.4,126.4,96.7,94.0,111.6,159.8,150.7,138.1,104.8,124.8,100.9,154.3,154.9,117.4,186.8,155.6,103.5,155.3,132.2,132.0,157.2,134.2,140.1,135.5,138.8,118.4,107.6,133.8,104.7,153.5,148.3,209.4,132.5,155.7,141.8,222.2,115.7,207.3,127.3,112.4,123.8,87.0,174.6,90.9,100.0,180.6,95.7,128.8,136.9,55.1,55.5,133.3,134.7,190.9,99.7
2015-07-01,150.8,141.9,97.6,77.5,93.3,78.8,126.1,97.3,91.5,111.6,160.3,152.8,137.1,105.2,124.1,103.8,154.5,154.9,117.5,186.8,156.1,103.4,155.4,133.6,132.3,156.7,133.3,140.3,135.9,139.1,118.5,108.2,133.8,103.9,153.8,148.3,211.3,132.5,155.9,145.2,222.4,116.9,206.8,127.3,111.6,124.0,86.8,175.9,88.9,100.0,180.6,94.2,129.6,136.9,55.2,55.9,133.6,134.8,190.8,100.1
2015-08-01,150.8,141.9,97.0,79.1,93.8,77.0,126.7,98.5,91.4,112.7,157.7,152.8,136.5,105.0,123.9,106.0,154.5,154.9,117.4,187.7,156.4,103.1,155.4,131.5,127.0,157.8,135.0,140.9,135.9,139.5,118.6,108.1,133.8,103.6,154.2,148.3,212.9,132.5,156.1,145.0,222.4,118.9,196.5,128.0,113.3,123.7,87.4,175.9,90.7,100.1,187.3,93.5,129.7,137.3,55.3,56.0,133.6,135.5,191.6,100.9
2015-09-01,152.1,142.2,96.4,83.0,95.0,79.3,127.2,94.9,92.7,112.7,152.6,152.8,135.8,105.6,123.1,105.1,155.6,159.4,117.5,188.5,154.2,102.9,155.7,131.6,125.1,157.3,134.8,141.1,136.0,139.7,118.7,108.1,133.1,103.7,154.6,148.3,214.4,131.8,156.4,143.6,222.4,120.5,187.4,128.1,112.2,123.6,87.8,175.9,97.3,103.6,187.3,93.2,128.5,137.3,54.7,56.0,135.9,135.7,192.6,102.8
2015-10-01,152.7,142.5,96.0,83.7,96.2,81.7,126.2,95.5,93.6,112.7,151.5,152.8,137.3,105.9,124.0,98.0,156.6,159.4,117.5,188.4,155.1,102.8,155.7,133.9,124.0,159.0,134.3,141.3,136.5,140.0,118.8,108.1,133.8,103.6,154.7,152.7,214.9,133.2,156.6,144.2,222.4,111.6,190.0,128.1,113.0,124.6,87.7,175.9,97.1,104.8,187.3,95.0,127.4,137.3,54.2,55.3,135.9,135.7,192.6,104.7
2015-11-01,152.7,142.5,95.9,82.3,95.3,78.5,125.6,96.5,93.5,114.3,151.4,152.8,136.8,107.8,123.6,89.3,156.7,159.4,117.9,189.8,154.9,103.2,155.8,135.2,133.1,158.1,133.7,141.7,137.0,140.4,118.8,108.8,133.9,103.4,155.1,152.7,214.9,133.6,156.8,145.5,222.4,109.2,195.4,125.1,112.8,124.6,87.2,180.2,96.2,103.4,189.8,95.7,130.0,138.2,54.0,54.8,135.9,136.5,194.6,105.2
2015-12-01,152.7,142.5,93.9,76.9,89.6,73.7,124.1,93.2,89.4,114.3,149.1,152.8,136.7,105.9,123.0,86.0,156.7,159.5,117.3,190.0,156.1,103.2,155.8,138.3,139.7,156.4,133.8,142.3,137.0,140.8,118.9,108.2,133.9,103.3,155.4,152.7,217.2,134.2,157.0,145.7,222.4,108.4,190.0,125.4,112.6,124.3,87.0,180.2,90.6,98.9,189.8,96.9,125.4,138.2,53.6,54.2,138.3,136.5,194.8,99.2
2016-01-01,152.7,142.9,94.9,74.9,89.6,76.3,127.7,95.3,87.1,114.3,145.1,153.7,136.7,107.8,121.6,86.2,157.4,159.5,118.2,191.3,156.6,103.2,155.8,144.9,150.7,156.9,134.8,142.5,137.7,141.1,118.9,107.4,133.9,103.4,155.6,152.7,217.4,134.2,157.1,149.5,228.7,102.1,176.9,125.5,113.2,124.6,87.7,180.2,87.9,99.2,189.8,98.3,130.6,138.2,53.3,54.3,138.4,136.6,196.0,99.0
2016-02-01,154.7,143.4,95.7,76.1,91.6,78.1,127.3,96.8,88.2,111.3,141.4,153.7,137.8,106.5,120.4,94.4,157.4,159.5,118.2,193.3,156.2,103.5,155.8,145.7,150.9,156.8,135.6,143.0,137.7,141.4,119.0,108.2,133.9,103.4,155.9,152.7,216.4,134.2,157.2,149.1,228.7,104.6,170.9,127.1,113.6,126.5,88.5,180.2,89.5,97.9,192.0,98.7,130.4,138.9,53.4,54.9,138.4,136.6,198.2,99.2
2016-03-01,154.7,144.0,96.8,81.0,95.1,82.5,127.4,99.4,89.7,111.3,144.3,153.7,136.8,106.9,122.9,98.3,157.4,159.5,118.6,195.8,155.6,103.1,155.9,141.7,146.6,160.0,135.9,143.0,137.9,141.5,119.0,109.0,133.9,103.4,156.5,152.7,215.8,134.4,157.5,149.8,228.7,102.6,172.0,127.2,113.9,126.9,88.6,183.5,93.3,105.1,192.0,99.4,130.3,138.9,54.0,54.9,138.8,136.6,199.1,100.1
2016-04-01,154.7,144.7,97.4,82.0,94.8,81.0,129.6,97.2,89.8,111.3,149.2,153.7,136.7,107.4,124.4,92.3,159.2,159.5,119.0,196.0,156.4,103.5,158.6,138.2,140.7,158.7,136.4,143.3,138.2,141.9,119.0,109.9,137.4,103.3,156.9,152.7,216.5,136.1,158.5,149.8,231.0,99.7,171.1,127.2,112.7,126.3,88.8,183.5,92.4,103.1,192.0,100.1,131.9,138.9,54.7,55.2,139.2,136.6,199.7,101.2
2016-05-01,154.9,144.6,98.4,81.3,95.1,78.1,130.6,98.8,93.0,112.2,152.7,153.7,136.6,106.6,127.6,97.1,159.7,159.5,118.9,196.3,156.6,103.8,158.6,137.6,134.5,159.1,136.0,143.8,138.2,142.2,119.1,110.0,134.5,103.3,157.5,152.7,216.7,135.4,158.8,151.4,231.7,99.6,173.9,128.5,112.7,125.4,88.9,183.5,92.9,104.2,194.2,100.1,133.2,140.0,54.6,55.2,139.2,137.7,200.3,101.2
2016-06-01,154.9,144.8,98.8,79.3,92.7,76.1,131.9,96.7,90.6,112.2,155.0,153.7,135.5,106.2,127.4,98.9,159.7,159.6,118.4,197.0,155.2,103.8,158.6,137.4,135.8,156.7,135.2,144.1,138.2,142.4,119.1,110.5,134.5,103.3,158.9,152.7,218.1,135.5,159.7,151.6,231.7,101.2,179.9,128.6,112.8,125.9,89.6,183.5,92.1,103.8,194.2,101.1,135.2,140.0,54.1,54.8,142.8,137.7,200.8,100.9
2016-07-01,154.9,145.1,98.6,77.2,91.9,75.6,132.9,97.2,89.3,112.2,151.6,154.5,135.8,106.5,127.5,104.4,159.9,159.3,118.7,197.5,155.4,103.1,158.6,135.9,135.2,158.4,135.8,144.3,138.8,142.8,119.1,111.2,134.6,103.2,159.4,152.7,219.3,135.4,160.0,153.1,232.8,104.9,179.0,128.6,113.3,125.8,88.8,184.6,88.1,100.0,194.3,99.2,138.5,140.1,54.5,54.9,143.3,137.9,201.5,99.4
2016-08-01,154.9,144.8,99.3,78.9,92.9,74.0,132.8,97.7,90.8,114.0,151.3,154.5,136.7,107.8,126.1,103.6,159.9,159.2,119.0,197.6,155.3,103.9,158.6,130.9,129.4,157.5,136.1,144.7,138.9,143.0,119.3,110.5,134.6,103.0,160.3,152.7,219.6,135.4,160.5,153.1,232.8,107.1,173.3,127.1,114.1,125.3,90.1,184.6,88.7,101.7,194.8,98.4,136.8,140.2,54.4,55.0,143.3,137.8,201.7,100.7
2016-09-01,155.8,145.3,98.5,83.3,95.4,77.6,132.0,97.6,90.4,114.0,151.8,154.5,134.6,105.7,126.2,104.0,160.7,163.3,119.4,198.2,151.5,104.2,159.8,129.7,122.9,156.7,133.3,144.8,139.3,143.3,119.3,111.8,135.2,102.9,160.7,152.7,220.2,135.4,160.8,152.1,232.8,107.1,174.7,126.9,110.9,122.7,89.3,184.6,95.3,104.6,194.8,98.6,134.2,140.2,54.3,54.0,145.4,138.0,202.1,101.1
2016-10-01,156.7,145.6,98.2,84.1,96.2,76.8,129.4,97.2,92.4,114.0,154.5,154.5,133.7,107.4,127.5,95.7,161.1,163.5,119.6,198.9,151.9,103.7,159.8,127.0,120.8,156.3,133.2,145.1,140.0,143.6,119.4,111.2,138.5,102.8,161.0,156.9,220.8,137.0,161.1,151.8,232.8,107.8,183.6,127.4,111.4,125.3,88.8,184.6,94.5,107.8,194.8,99.2,132.6,140.3,54.8,54.1,145.7,138.0,202.7,104.3
2016-11-01,156.7,145.3,97.9,82.1,95.2,73.4,131.2,96.8,92.5,111.4,151.8,154.5,133.5,107.3,126.3,90.3,161.1,163.5,119.4,198.8,149.6,104.0,159.8,130.8,128.1,155.0,133.3,145.3,140.3,143.9,119.4,110.4,138.5,102.9,161.9,156.9,224.3,137.4,161.7,150.6,232.8,109.0,189.1,125.3,111.3,125.7,89.3,185.8,92.5,105.2,184.1,98.7,130.9,140.9,54.8,53.6,145.7,138.3,202.7,102.6
2016-12-01,156.7,145.2,98.0,78.4,89.9,70.4,130.3,93.1,90.9,111.4,153.6,154.5,133.6,106.6,127.2,85.9,161.2,163.4,119.2,198.6,149.7,103.7,159.8,131.1,129.3,154.8,132.3,145.8,140.0,144.1,119.5,110.8,138.5,103.0,162.1,156.9,223.7,137.3,162.0,150.9,232.8,107.1,198.0,124.8,111.1,126.0,88.7,185.8,88.7,101.5,184.1,99.3,134.3,140.9,54.8,52.8,147.9,138.3,202.6,100.0
2017-01-01,156.7,145.2,95.8,76.9,88.6,75.1,132.8,93.6,89.3,111.4,158.2,156.2,134.5,108.8,130.5,89.2,162.2,163.2,119.7,200.4,150.4,103.9,159.8,133.6,130.9,154.3,133.4,146.0,140.3,144.4,119.5,110.5,138.5,103.0,162.3,156.9,225.0,137.2,162.1,148.4,238.4,118.0,209.2,126.5,110.3,125.9,88.8,185.8,85.2,97.3,184.1,102.1,137.0,140.9,53.8,53.5,149.0,138.4,204.6,100.1
2017-02-01,158.0,145.8,95.9,78.8,90.9,76.4,132.0,94.7,90.7,112.8,155.2,156.2,133.9,108.1,129.1,97.8,162.3,163.1,119.7,201.7,150.5,104.1,159.8,132.5,132.9,154.2,133.9,146.6,140.3,144.8,119.6,109.5,138.5,103.0,162.3,156.9,224.1,137.2,162.4,147.9,238.4,115.0,206.5,125.4,111.1,125.7,90.1,185.8,86.6,96.8,186.1,102.1,137.4,141.7,53.6,53.5,149.0,139.0,206.5,102.6
2017-03-01,158.0,145.8,95.7,80.2,93.6,78.9,134.5,97.0,90.3,112.8,154.6,156.2,134.2,108.2,129.1,104.1,162.3,163.1,120.3,202.2,150.7,104.3,159.9,129.9,133.9,155.2,134.3,146.6,140.4,144.9,119.7,110.4,138.5,103.1,162.8,156.9,224.5,137.5,163.1,147.4,238.4,113.4,205.6,124.6,112.3,124.7,90.1,182.1,95.3,100.9,186.1,101.4,136.1,141.7,54.3,52.8,148.6,139.1,207.2,103.4
2017-04-01,158.1,146.5,96.2,79.7,92.7,76.0,133.5,94.3,88.7,112.8,160.3,156.2,134.7,107.8,129.6,99.5,163.4,163.1,120.3,203.7,151.6,104.8,163.9,131.8,132.9,155.4,134.1,147.2,141.0,145.4,119.7,110.1,138.6,103.3,163.0,156.9,224.3,137.7,164.0,147.9,240.2,114.9,204.9,127.7,112.7,125.0,88.9,182.1,94.6,100.4,186.2,100.9,137.2,141.7,54.4,52.3,148.2,139.1,208.5,101.8
2017-05-01,158.1,146.2,97.2,79.3,93.4,77.6,136.2,96.2,90.4,111.0,158.0,156.2,134.3,106.9,128.5,102.7,163.9,163.1,120.6,204.7,151.2,104.5,163.9,136.5,136.3,155.9,134.3,147.4,141.1,145.6,119.8,109.4,137.0,103.3,164.4,156.9,225.2,136.9,165.3,143.0,240.2,113.2,198.8,128.4,112.6,126.0,88.4,182.1,96.6,101.8,185.5,100.4,141.6,143.2,53.8,51.7,148.2,139.5,209.7,102.7
2017-06-01,158.3,146.3,97.2,77.3,90.0,74.3,137.4,95.3,89.6,111.0,155.8,156.2,133.6,107.3,128.2,104.9,163.9,163.1,120.4,206.8,151.7,104.9,163.9,137.4,139.4,156.5,134.0,148.0,141.1,146.1,119.9,109.4,137.0,103.3,165.4,156.9,225.3,136.6,166.2,143.5,240.2,111.3,193.9,129.2,114.2,125.5,88.3,182.1,95.2,100.6,185.5,100.9,142.4,143.2,53.7,51.1,148.5,139.5,211.3,102.2
2017-07-01,158.3,146.3,96.5,77.1,90.8,74.6,137.9,94.8,90.5,111.0,155.9,156.7,133.5,107.8,127.8,108.2,164.0,163.1,120.7,207.9,152.3,105.4,163.9,139.6,137.8,158.4,134.3,148.4,141.8,146.5,119.9,109.4,137.0,103.2,166.0,156.9,225.3,136.2,166.5,139.1,241.0,115.1,189.9,127.6,114.0,125.2,88.3,185.8,92.1,99.4,185.5,99.5,146.2,143.2,53.6,51.5,149.0,139.5,212.4,102.1
2017-08-01,158.3,146.2,97.2,77.4,91.6,74.9,137.3,96.1,89.6,112.9,157.8,156.7,134.0,108.3,126.5,107.7,164.0,163.0,120.7,208.3,153.0,105.3,163.9,135.6,132.6,159.3,134.6,148.7,141.9,146.8,120.0,109.4,137.0,103.2,167.0,156.9,226.9,136.2,167.1,139.4,241.0,116.3,192.8,125.8,113.9,124.5,88.8,185.8,93.1,102.2,193.0,99.1,145.1,144.5,53.0,51.3,149.0,140.1,213.3,102.8
2017-09-01,160.9,146.4,95.7,79.5,92.8,76.2,136.4,96.0,89.3,112.9,161.2,156.7,133.1,106.3,127.9,107.1,165.1,167.6,121.5,208.6,150.8,105.2,164.6,132.0,126.3,158.5,134.3,149.0,142.2,147.1,120.1,110.1,139.8,103.3,167.1,156.9,226.8,137.0,167.2,139.0,241.0,113.8,197.8,124.1,111.9,123.9,88.9,185.8,95.8,101.6,193.0,99.4,142.6,144.5,53.1,51.1,149.3,140.0,213.4,104.1
2017-10-01,161.9,146.6,95.8,80.2,95.0,77.7,134.3,96.4,91.8,112.9,159.3,156.7,132.8,108.8,127.6,98.0,166.0,167.7,121.1,208.9,152.9,105.2,164.6,127.6,122.9,156.5,134.2,149.4,143.6,147.7,120.2,109.4,139.7,103.4,167.3,161.3,226.9,137.1,167.4,139.1,241.1,112.0,200.4,127.3,113.5,125.4,88.4,185.8,97.6,104.9,193.0,100.9,146.3,144.5,53.4,51.0,149.1,140.0,213.8,105.3
2017-11-01,161.9,146.6,97.1,79.5,95.2,74.7,134.8,97.6,91.5,111.9,163.7,156.7,132.8,105.7,130.4,93.5,166.0,167.7,121.0,209.4,151.6,104.5,164.6,130.2,132.0,158.0,133.8,149.7,144.0,148.1,120.3,109.1,139.7,103.8,167.7,161.3,227.6,137.0,167.6,138.9,241.1,112.4,214.3,127.4,113.4,126.5,88.7,187.9,96.8,103.7,192.5,102.0,143.7,144.9,52.7,50.6,149.1,140.2,214.0,104.5
2017-12-01,161.9,146.4,97.1,77.1,90.4,71.6,134.4,94.7,89.6,111.9,161.6,156.7,133.7,105.9,129.4,87.1,166.0,167.7,120.6,209.2,152.3,104.9,164.6,132.3,136.5,157.3,132.4,150.2,143.7,148.3,120.4,110.0,139.7,104.3,167.8,161.3,227.8,137.8,167.7,139.3,241.1,113.7,221.7,120.7,114.3,126.1,88.6,187.9,93.6,101.3,192.5,103.0,148.3,144.9,52.7,48.9,151.6,140.2,213.5,101.1
2018-01-01,165.8,147.3,94.4,75.9,90.2,74.4,136.5,93.8,86.7,111.9,164.0,157.4,134.0,108.5,130.7,87.8,168.2,167.8,121.4,211.0,151.0,104.9,164.6,136.2,139.9,156.2,134.5,151.0,146.5,149.7,120.5,110.0,139.7,104.8,168.0,161.3,227.8,137.6,167.7,141.0,245.9,114.5,234.7,126.1,114.0,126.1,88.6,187.9,91.2,97.0,192.5,103.4,153.1,144.9,52.1,49.7,152.1,140.3,215.3,101.4
2018-02-01,167.9,148.2,94.8,78.2,92.0,76.3,136.2,95.0,86.4,113.3,163.4,157.4,134.1,107.8,130.9,96.6,168.6,167.8,121.6,212.6,152.0,105.2,164.6,132.4,139.9,156.7,134.7,152.6,145.9,150.6,120.7,110.8,139.7,105.4,168.1,161.3,229.5,137.8,167.8,141.0,245.9,115.9,234.7,127.6,114.6,127.5,89.6,187.9,93.1,98.5,189.0,104.7,152.6,148.0,51.7,50.1,152.1,142.0,217.3,102.0
2018-03-01,167.9,148.3,94.5,79.9,94.2,77.6,136.5,96.2,87.0,113.3,165.8,157.4,133.8,110.0,131.6,104.0,168.6,167.8,122.2,217.5,151.1,105.4,164.8,130.3,137.4,156.0,134.1,152.9,147.0,151.1,120.8,110.6,139.7,106.0,167.7,161.3,231.1,137.7,167.6,141.1,245.9,113.2,232.9,125.6,113.2,127.7,89.6,188.4,96.1,100.7,189.0,103.1,156.7,148.0,52.9,50.0,156.6,142.2,222.7,103.3
2018-04-01,168.0,148.6,94.6,81.1,94.4,81.7,137.0,96.0,88.5,113.3,170.6,157.4,133.7,108.4,131.0,93.5,168.9,167.8,122.9,222.6,151.5,105.4,166.6,130.5,137.0,158.2,134.8,153.1,148.7,151.8,120.9,110.8,140.9,106.6,167.8,161.3,231.5,138.1,168.3,143.4,247.8,109.6,235.1,129.0,113.7,127.9,90.0,188.4,97.7,104.9,189.0,102.8,152.6,148.0,52.7,49.8,156.7,142.2,228.6,104.6
2018-05-01,168.0,148.7,95.3,80.1,94.4,79.4,137.2,96.8,89.8,112.0,173.3,157.4,133.6,107.7,131.8,103.8,169.9,167.8,122.7,223.1,151.6,105.0,166.6,133.1,135.4,156.3,133.4,153.5,149.1,152.1,121.1,110.1,140.7,107.2,167.7,161.3,233.4,139.4,168.1,141.9,247.8,107.0,242.9,125.2,113.5,128.2,88.4,188.4,95.9,103.7,182.8,101.2,152.7,148.7,52.6,49.8,156.7,143.0,229.0,103.0
2018-06-01,168.0,148.8,95.3,79.4,92.2,77.6,138.1,95.8,89.8,112.0,172.1,157.4,133.3,108.7,131.8,100.8,169.9,167.8,122.6,226.0,151.2,105.1,166.6,136.3,140.1,157.6,134.0,153.9,149.0,152.4,121.2,110.3,140.7,107.9,167.7,161.3,233.5,140.0,168.2,142.1,247.8,106.0,244.2,124.1,113.5,127.1,88.8,188.4,93.7,101.7,182.8,102.7,159.9,148.7,52.5,49.9,153.5,143.0,231.1,102.2
2018-07-01,168.0,148.7,96.1,77.6,91.9,76.3,138.2,95.5,89.5,112.0,173.2,158.7,133.5,108.2,132.0,108.4,171.7,167.8,122.7,226.3,151.3,105.1,166.7,138.7,140.4,158.7,133.9,154.1,150.3,152.9,121.3,110.5,140.7,108.6,168.1,161.3,233.2,140.0,168.4,143.7,247.9,108.5,243.2,126.0,113.5,127.4,88.6,186.8,90.7,102.4,182.8,101.4,184.5,148.7,52.8,49.8,153.7,143.0,231.4,101.4
2018-08-01,168.0,149.2,95.7,78.8,92.4,75.5,138.1,95.5,89.8,113.8,172.1,158.7,134.3,108.8,131.8,107.2,171.7,167.7,123.0,226.5,151.8,105.3,166.7,135.8,136.6,159.7,133.9,154.5,150.3,153.2,121.6,110.6,140.7,109.2,168.3,161.3,235.7,140.0,168.5,143.7,247.9,107.7,240.1,124.4,113.8,126.9,89.2,186.8,90.7,103.8,187.4,101.3,180.9,150.4,52.7,49.9,153.7,144.5,231.5,102.8
2018-09-01,170.6,149.2,95.7,81.5,94.5,76.8,136.4,96.3,91.0,113.8,171.3,158.7,134.6,107.3,131.4,102.0,171.9,172.2,123.1,226.8,149.6,104.9,167.1,131.6,133.6,159.4,133.6,154.6,150.0,153.2,121.7,110.4,142.0,109.9,168.2,161.3,237.8,140.6,168.5,143.7,247.9,107.9,243.1,124.9,112.1,125.6,89.1,186.8,95.1,105.0,187.4,100.1,152.6,150.4,52.9,49.7,151.5,144.5,231.9,106.0
2018-10-01,171.3,149.7,96.1,82.2,96.9,77.2,135.7,98.0,92.3,113.8,169.2,158.7,133.6,108.4,131.7,97.5,172.7,172.3,123.3,226.5,152.3,104.6,167.1,128.7,133.2,157.6,133.3,154.7,151.7,153.8,121.8,110.6,143.1,110.6,168.1,163.6,238.7,141.2,168.5,143.9,247.9,107.6,250.5,127.3,113.9,128.6,89.0,186.8,97.0,103.3,187.4,102.6,159.3,150.4,53.0,49.7,151.5,144.5,231.6,106.9
2018-11-01,171.3,149.5,95.4,80.6,94.8,75.1,137.8,97.4,92.0,113.0,163.7,158.7,134.9,105.4,131.3,91.2,172.7,172.3,123.5,226.1,152.2,103.4,167.2,131.8,141.8,158.8,133.0,155.0,151.9,154.1,122.0,109.9,143.1,111.3,168.1,163.6,240.1,141.1,168.6,143.6,247.9,109.9,250.7,127.1,115.4,129.5,88.2,188.2,97.1,105.2,187.9,102.9,155.9,150.9,52.4,49.6,151.5,145.0,230.9,106.3
2018-12-01,171.3,149.1,95.5,77.6,90.6,72.1,139.5,94.6,88.9,113.0,159.9,158.7,135.7,106.3,129.5,87.8,172.7,172.4,122.3,226.6,153.7,104.0,167.2,135.5,151.8,158.3,133.4,155.4,150.4,153.9,122.1,108.8,143.1,112.1,168.2,163.6,240.0,141.4,168.7,144.3,247.9,109.0,234.2,127.0,115.9,131.1,86.3,188.2,92.2,102.3,187.9,103.4,187.1,150.9,51.5,48.2,154.7,145.0,231.4,103.0
2019-01-01,171.3,149.5,94.1,76.4,91.1,75.0,140.9,94.1,87.9,113.0,158.7,159.2,135.9,107.2,129.2,86.8,177.9,172.5,124.0,229.0,153.8,104.0,167.2,136.1,154.9,159.8,135.4,155.7,153.0,154.9,123.2,108.2,143.1,113.0,168.2,163.6,241.1,141.4,168.7,145.2,251.0,111.9,227.0,127.1,116.7,131.6,86.3,188.2,90.0,99.8,187.9,104.9,159.1,150.9,50.9,48.6,155.1,145.0,233.7,104.0
2019-02-01,173.1,149.8,94.7,78.8,93.6,77.4,142.1,96.5,91.5,112.8,160.0,159.2,137.6,107.7,130.4,92.9,178.0,172.5,123.8,230.6,155.1,104.3,167.2,136.3,157.2,159.4,136.2,156.0,151.3,154.6,123.7,110.4,143.1,113.9,168.0,163.6,243.8,141.5,168.6,145.1,251.1,113.2,231.1,124.7,117.2,134.2,89.2,188.2,93.2,103.1,190.6,106.3,158.4,152.4,51.5,48.0,155.1,145.1,235.5,105.4
2019-03-01,173.1,149.9,94.5,80.5,95.1,80.2,142.5,96.3,92.2,112.8,166.6,159.2,137.1,107.7,134.1,97.8,178.0,172.6,124.3,229.6,154.1,104.8,167.3,137.8,155.5,158.9,136.8,156.1,153.4,155.3,124.1,110.5,143.1,114.6,168.0,163.6,245.0,141.6,168.6,144.2,251.1,117.5,238.9,123.8,116.4,134.5,89.4,189.2,95.9,103.1,190.6,106.2,160.6,152.4,51.4,47.6,152.6,145.2,234.9,105.2
2019-04-01,173.2,150.7,95.4,82.5,95.1,78.5,140.7,97.4,93.2,112.8,173.3,159.2,136.3,107.4,136.4,93.3,178.1,172.5,124.1,231.3,152.4,104.6,171.1,136.3,154.4,159.3,136.4,156.4,154.0,155.7,123.6,110.9,145.3,115.3,168.0,163.6,245.6,142.3,169.3,144.6,254.2,120.8,244.6,123.8,117.1,134.6,89.3,189.2,96.9,104.3,190.6,105.6,162.1,152.4,52.0,47.8,153.7,145.2,236.1,105.0
2019-05-01,173.5,151.1,95.2,81.5,94.9,79.4,142.7,97.5,91.6,112.8,175.5,159.2,137.8,106.3,138.8,102.3,178.9,172.5,124.6,231.2,154.8,105.0,171.1,136.1,154.9,160.9,136.5,156.6,154.2,155.9,123.7,110.5,141.7,116.0,167.7,163.6,247.8,140.8,169.2,145.1,254.2,119.4,247.2,124.1,117.5,135.0,88.7,189.2,97.0,104.8,189.6,105.5,165.8,154.2,52.0,47.8,153.7,145.4,236.1,103.6
2019-06-01,174.1,151.5,95.3,79.8,92.2,76.9,140.4,95.9,90.9,112.8,170.9,159.2,136.2,107.4,138.2,102.4,178.9,172.5,124.3,232.3,154.4,105.4,171.1,139.7,160.6,163.8,136.3,157.1,154.8,156.4,124.1,110.5,141.7,116.6,167.4,163.6,248.1,140.7,169.0,145.2,254.2,111.7,234.3,124.0,119.1,136.1,88.7,189.2,96.5,103.8,189.6,105.9,170.4,154.2,50.4,47.3,150.7,145.4,237.3,102.9
2019-07-01,174.1,151.5,94.5,78.1,92.2,76.9,142.3,95.7,91.6,112.8,173.3,161.9,137.7,107.7,138.5,109.6,180.3,172.4,124.1,232.0,156.0,105.8,171.3,136.3,163.0,167.4,136.2,157.5,155.7,157.0,124.4,110.2,141.6,117.3,167.5,163.6,249.0,140.4,169.1,145.9,254.5,112.0,233.2,121.9,119.7,136.5,88.8,191.1,92.4,101.6,189.6,104.4,192.6,154.2,53.9,47.2,150.9,145.4,237.2,102.7
2019-08-01,174.1,151.7,94.4,79.3,92.8,75.4,142.1,97.5,91.6,115.1,170.1,161.9,137.9,107.6,136.3,106.3,180.3,172.2,124.5,232.2,156.8,105.4,171.3,136.2,154.9,167.3,136.3,158.1,155.8,157.5,125.3,110.4,141.6,117.7,167.1,163.6,249.7,140.5,168.9,146.0,254.5,114.0,229.5,121.8,119.4,135.2,89.1,191.1,91.5,101.5,196.9,104.4,198.3,154.2,53.2,47.0,150.9,146.0,237.6,103.2
2019-09-01,175.1,152.6,95.6,84.4,96.4,78.9,141.9,97.6,92.4,115.1,169.7,161.9,138.0,106.9,135.9,102.7,180.3,167.3,123.8,232.4,154.2,105.6,171.8,133.8,148.1,168.2,137.1,158.3,155.3,157.5,125.3,111.1,144.2,118.1,167.3,163.6,250.0,141.4,169.2,146.0,254.5,114.2,229.6,120.2,120.6,135.0,89.4,191.1,94.7,104.3,196.9,103.4,161.4,154.2,53.3,46.8,153.9,146.0,237.8,109.0
2019-10-01,175.1,152.5,95.7,84.9,96.8,81.2,143.3,99.6,93.4,115.1,169.9,161.9,135.5,107.5,136.3,100.0,180.9,167.6,124.4,233.5,156.0,105.5,171.8,135.0,142.7,167.3,137.3,158.5,156.9,158.1,126.3,110.7,148.2,118.3,167.9,167.2,250.4,142.8,169.5,146.3,254.6,111.1,239.8,121.1,119.3,138.0,88.5,191.1,96.7,104.7,196.9,104.6,165.0,154.2,53.8,46.7,154.1,146.0,238.6,110.4
2019-11-01,175.1,152.7,96.1,83.9,96.4,78.3,144.6,100.1,92.8,112.4,168.9,161.9,137.1,106.9,136.3,89.7,180.9,167.5,124.3,235.1,156.4,105.9,171.8,137.9,150.9,167.1,137.0,158.7,156.9,158.2,125.8,110.5,148.2,118.6,168.1,167.2,253.2,142.7,169.7,147.6,254.6,113.1,242.5,120.4,119.8,138.7,88.0,192.4,97.3,104.5,193.8,105.9,162.0,155.0,52.6,46.6,154.1,147.8,239.7,110.6
2019-12-01,175.1,152.3,95.9,80.6,92.2,76.1,144.0,98.1,90.9,112.4,168.9,161.9,138.4,106.2,135.5,86.0,180.9,167.6,124.0,235.5,156.9,105.9,171.8,144.9,154.8,165.9,136.0,158.8,156.0,158.0,126.3,109.5,148.2,118.8,167.9,167.2,254.1,143.7,169.7,148.6,254.6,114.4,242.5,119.8,118.9,137.0,86.4,192.4,94.3,102.7,193.8,104.9,197.5,155.0,52.0,44.7,159.3,147.8,239.9,104.8
2020-01-01,175.1,152.1,93.5,80.4,94.1,80.0,144.2,97.7,90.7,112.4,170.0,165.9,138.8,108.8,138.0,83.2,182.1,167.8,125.0,240.6,156.9,106.0,171.8,142.5,162.4,169.9,139.1,159.0,156.4,158.2,126.2,108.4,148.2,119.0,168.3,167.2,254.4,143.7,170.0,148.5,257.1,114.0,245.4,119.7,119.5,137.6,86.4,192.4,92.6,96.1,193.8,107.3,171.5,155.0,52.3,45.3,159.9,147.8,245.7,105.3
2020-02-01,176.6,152.9,93.9,81.9,95.8,82.7,144.3,97.7,91.1,111.9,169.1,165.9,140.5,108.0,137.5,95.2,181.9,167.8,124.6,241.7,157.9,106.5,171.8,137.1,161.8,168.3,138.0,159.1,156.5,158.3,127.1,109.4,148.2,119.3,168.1,167.2,256.8,143.6,170.0,148.9,257.1,113.9,228.2,119.9,120.3,138.8,87.8,192.4,94.7,97.8,194.3,108.6,174.3,156.2,51.6,45.5,159.9,147.9,246.8,107.4
2020-03-01,176.6,153.3,94.8,84.6,97.2,81.7,146.0,98.5,91.9,111.9,158.9,165.9,140.3,107.5,132.9,97.5,181.9,167.8,124.4,242.6,159.6,106.3,172.0,133.4,158.9,170.4,138.7,159.2,155.5,158.2,127.3,110.4,148.2,119.6,169.0,167.2,259.6,143.5,170.7,145.1,257.1,111.7,216.3,120.1,119.1,137.7,88.8,193.0,95.5,102.4,194.3,107.3,169.1,156.2,51.5,44.6,151.6,148.0,248.0,110.2
2020-04-01,176.1,153.3,95.4,79.8,88.1,75.0,144.4,93.4,89.6,111.9,152.0,165.9,142.8,107.1,132.6,94.5,181.9,167.8,124.7,244.2,158.7,106.2,174.3,138.8,160.3,170.0,139.8,159.7,158.1,159.3,126.5,111.4,147.2,119.9,169.6,167.2,261.0,143.3,171.5,138.6,260.4,113.8,192.2,119.2,124.6,145.1,90.1,193.0,90.3,97.7,194.3,107.5,174.3,155.2,51.2,44.4,152.1,148.3,249.6,102.4
2020-05-01,177.0,154.7,92.6,76.7,88.4,77.0,149.0,93.1,88.0,112.1,159.6,165.9,142.8,106.2,136.9,94.9,182.7,167.9,124.7,244.0,160.2,105.7,174.3,138.3,157.9,173.5,139.1,159.7,158.4,159.4,125.5,110.0,141.7,119.8,169.7,167.2,261.6,141.6,171.6,138.4,260.4,115.4,169.8,117.3,125.7,141.5,89.8,193.0,85.5,92.3,191.3,107.5,175.5,156.3,50.9,44.6,152.1,148.5,249.5,100.7
2020-06-01,177.4,155.2,92.9,78.3,88.3,76.3,145.7,92.9,89.5,112.1,164.8,166.0,142.1,104.9,138.4,96.4,183.1,167.9,124.8,244.2,158.9,106.1,174.3,139.0,163.1,177.0,137.8,160.1,158.2,159.6,126.3,110.4,141.7,119.5,169.9,167.2,263.7,141.4,171.8,145.5,260.4,115.1,174.0,117.2,124.3,139.4,90.3,193.0,87.1,94.7,191.3,108.6,182.7,156.8,51.2,44.2,162.0,148.3,249.5,102.4
2020-07-01,177.4,155.2,95.9,75.9,89.4,76.4,144.5,95.7,92.7,112.1,167.2,166.7,141.2,105.4,138.9,96.6,182.6,167.7,124.8,244.3,156.9,106.8,174.6,141.7,165.4,175.5,138.0,160.9,158.7,160.3,125.9,112.0,141.7,119.2,170.1,167.2,262.9,141.4,171.9,147.1,262.0,112.7,185.1,117.4,123.8,137.2,90.7,193.6,84.4,95.3,191.3,107.6,176.5,156.7,50.9,44.8,162.3,148.1,249.7,106.5
2020-08-01,177.4,155.1,95.5,76.8,91.3,76.3,146.8,95.7,93.1,116.7,166.9,166.5,142.3,105.1,138.3,96.8,182.7,167.5,125.0,244.5,157.8,105.6,174.6,140.9,158.3,170.4,136.0,161.7,158.5,160.8,127.0,112.7,141.7,118.8,170.5,167.2,262.9,141.5,172.5,147.1,262.0,113.5,187.3,116.0,123.8,137.9,92.0,193.6,86.7,97.6,210.3,106.5,168.0,165.3,50.6,44.6,162.3,147.8,249.9,102.9
2020-09-01,179.6,155.2,96.6,78.3,92.0,75.2,143.5,95.0,93.1,116.7,166.2,166.5,140.8,105.3,138.1,95.9,182.7,170.3,125.7,247.3,155.1,104.9,177.2,138.1,153.2,168.8,137.0,161.6,159.2,161.0,127.3,113.3,145.2,118.2,171.6,167.2,265.4,142.5,173.6,148.2,262.0,116.2,182.1,114.7,122.3,135.9,92.1,193.6,91.3,99.7,210.3,106.4,156.4,165.3,51.6,44.4,158.5,147.9,252.6,104.4
2020-10-01,180.1,155.8,96.7,79.3,92.0,78.7,143.6,96.3,93.3,116.7,166.1,166.4,140.5,106.2,138.5,93.2,184.2,170.7,126.3,249.7,156.6,105.3,177.2,140.3,153.1,170.2,137.4,162.3,159.5,161.6,127.5,113.2,148.7,117.4,174.0,170.3,265.0,143.6,175.3,146.5,262.0,124.0,182.8,114.1,126.2,141.2,92.1,193.6,93.0,99.6,210.3,107.6,155.9,165.3,50.6,46.5,158.7,148.2,255.3,103.3
2020-11-01,180.1,155.5,98.9,80.7,93.0,79.1,145.0,96.0,91.9,111.0,165.4,166.4,141.6,106.7,138.5,91.8,184.3,170.7,126.0,249.6,155.2,105.4,177.4,139.6,156.8,170.9,138.1,162.5,159.6,161.7,127.7,113.9,148.7,116.3,175.9,170.3,265.0,143.6,176.5,146.8,262.0,127.3,186.1,113.9,124.9,140.3,91.5,196.6,92.1,100.1,216.7,108.1,159.1,166.1,50.0,46.3,158.7,147.5,255.1,106.4
2020-12-01,180.1,155.5,98.8,76.1,88.0,74.6,144.7,93.2,91.3,111.0,167.1,166.4,141.5,105.0,139.0,91.2,184.3,170.7,125.0,249.6,156.4,105.2,177.4,140.0,157.1,170.0,136.5,163.0,158.2,161.7,127.0,113.1,148.7,115.1,177.2,170.3,265.8,144.1,177.5,147.9,262.0,125.8,200.3,112.2,124.9,140.0,90.1,196.6,88.4,97.8,216.7,107.5,169.9,166.0,50.2,43.8,171.2,147.0,255.0,102.5
2021-01-01,180.1,156.0,97.9,75.6,88.6,75.2,143.4,92.2,90.6,111.0,170.7,167.9,141.6,105.8,141.7,91.6,185.5,171.0,126.1,252.3,154.2,105.1,177.4,140.9,162.5,171.9,139.0,163.2,161.3,162.7,127.3,112.5,148.7,113.9,178.1,170.3,266.1,144.1,178.3,141.9,264.6,124.0,210.3,115.2,124.1,139.8,90.1,196.6,84.9,94.4,216.7,110.4,162.3,166.6,50.6,44.9,171.4,147.7,257.7,106.1
2021-02-01,183.0,156.8,97.8,76.2,88.3,77.6,143.9,94.5,93.0,109.5,174.3,167.9,143.1,106.1,143.7,91.8,185.8,171.0,126.3,254.5,157.1,105.2,177.4,143.4,163.8,169.5,139.5,163.4,161.8,163.0,127.2,114.3,148.7,112.9,179.9,170.3,267.7,144.1,178.8,144.3,264.6,123.9,221.3,111.7,123.8,137.8,93.0,196.6,86.4,95.0,211.4,111.7,162.7,167.4,49.0,45.0,171.4,148.4,259.9,107.5
2021-03-01,183.0,156.8,99.8,77.6,90.4,77.9,144.9,95.1,91.1,109.5,177.7,167.9,144.9,105.7,144.9,92.4,186.3,171.1,127.0,255.2,156.8,105.5,177.5,142.4,157.4,170.2,141.5,163.6,160.4,162.7,128.0,115.8,148.7,112.1,182.4,170.3,268.8,144.4,180.9,148.0,264.6,127.5,233.0,106.9,123.5,137.9,93.8,199.7,88.7,95.2,211.4,111.3,173.1,167.3,49.3,45.4,161.9,147.9,260.6,106.5
2021-04-01,183.0,158.1,99.5,80.2,90.6,78.3,145.1,95.4,91.3,109.5,178.4,167.9,146.1,107.6,144.7,93.2,187.1,171.1,126.7,259.9,156.2,106.2,183.5,141.9,151.1,173.5,140.5,163.8,161.7,163.3,127.7,115.8,149.0,111.2,185.1,170.3,270.2,144.7,184.1,149.6,266.6,131.7,231.3,110.2,123.2,138.3,93.9,199.7,89.3,97.1,211.4,111.4,178.1,167.7,49.8,44.8,162.2,147.6,264.7,105.7
2021-05-01,183.2,159.8,100.7,79.2,91.2,78.7,147.6,96.8,92.2,109.5,179.1,167.9,146.6,107.2,145.2,95.5,188.6,171.1,126.2,266.5,157.8,106.1,183.5,143.9,153.8,175.4,141.6,164.2,161.8,163.6,128.6,115.6,150.9,110.0,188.8,170.3,270.6,145.1,188.3,148.3,266.6,134.5,236.8,108.9,123.8,139.2,92.4,199.7,91.8,97.9,218.2,113.0,172.2,168.1,49.8,44.5,162.2,146.3,271.1,104.4
2021-06-01,183.6,161.0,101.0,76.8,88.7,77.1,146.2,95.8,91.4,109.5,180.2,167.9,145.3,107.4,146.2,97.5,188.7,171.0,126.3,267.5,157.7,106.5,183.5,144.5,153.4,176.7,142.2,164.9,161.9,164.1,129.0,116.3,150.9,109.2,191.8,170.3,278.2,145.6,192.4,147.8,266.6,134.7,239.8,106.3,124.8,139.6,93.3,199.7,91.9,97.0,218.2,113.3,164.5,168.2,49.9,43.6,171.1,146.4,272.0,105.1
2021-07-01,183.6,161.1,102.8,76.3,89.5,75.6,146.6,96.0,90.7,109.5,183.1,161.8,146.4,108.8,148.5,102.9,191.8,170.8,126.5,269.3,157.9,107.2,183.7,141.7,154.8,180.9,141.9,165.6,163.9,165.3,129.2,117.2,150.9,108.5,193.6,170.3,277.8,145.9,195.0,150.8,266.6,133.7,243.2,108.1,124.2,141.9,93.4,202.0,89.4,92.0,218.2,113.7,164.2,166.8,49.9,45.0,171.8,146.5,274.0,105.0
2021-08-01,183.6,161.4,103.2,75.5,90.4,75.5,146.8,96.3,90.7,111.9,183.5,161.8,148.3,108.2,148.6,96.3,191.3,170.6,127.6,269.8,158.5,106.8,183.7,142.5,152.2,182.1,141.7,166.5,164.3,166.0,129.0,117.9,150.9,107.8,194.9,170.3,277.1,145.9,197.1,152.2,266.6,134.8,244.1,106.9,122.6,145.5,94.2,202.0,88.9,93.6,226.7,114.3,217.1,169.6,49.2,45.4,171.8,150.1,274.7,106.3
2021-09-01,185.2,162.0,102.7,77.7,91.2,77.0,147.1,94.7,90.9,111.9,183.4,161.8,148.0,108.9,148.0,97.7,191.6,173.9,127.0,269.9,158.1,106.9,184.3,141.5,150.0,184.8,144.3,167.0,163.7,166.1,129.7,118.3,152.1,107.3,196.3,170.3,279.5,146.2,198.3,151.0,266.6,135.1,249.2,106.8,122.0,143.9,94.4,202.0,92.0,98.0,226.7,114.3,188.1,169.6,49.5,45.0,162.7,150.2,274.8,106.5
2021-10-01,185.4,162.2,102.8,79.1,93.5,77.2,149.3,96.7,93.3,111.9,188.4,161.8,146.6,109.4,151.0,95.8,192.3,174.3,127.5,270.5,159.3,106.7,184.3,141.7,149.4,187.1,144.4,168.2,164.8,167.2,129.8,118.0,152.7,107.0,197.5,172.8,278.3,146.3,199.5,150.8,266.8,147.2,270.7,109.6,125.0,143.2,94.0,202.0,92.7,100.2,226.7,114.6,178.4,169.6,50.1,46.6,163.2,150.2,275.2,105.8
2021-11-01,185.4,162.0,106.0,80.1,94.2,77.2,148.6,97.6,94.4,111.4,188.2,161.8,146.7,109.7,151.3,85.2,192.3,174.3,128.0,270.0,161.6,106.5,184.3,144.2,161.4,186.3,144.2,169.1,165.2,167.9,129.9,119.7,152.7,106.7,199.6,172.8,278.3,146.4,200.0,151.9,266.8,151.4,275.1,105.7,124.7,145.7,93.7,206.0,93.9,103.1,229.2,115.0,173.8,171.3,49.5,46.2,163.2,150.9,274.6,106.8
2021-12-01,185.4,162.0,106.0,76.6,89.2,73.0,149.1,95.2,91.9,111.4,184.9,161.8,145.9,108.0,150.6,85.5,192.2,174.4,127.0,269.6,164.1,106.6,184.3,147.4,163.3,185.3,145.4,169.6,165.4,168.3,130.5,119.2,152.7,106.4,201.3,172.8,290.6,147.0,201.2,153.5,266.8,150.5,268.9,105.3,124.6,146.0,93.2,206.0,90.2,98.5,229.2,115.3,210.8,171.3,48.7,44.3,172.2,150.9,273.9,99.7
2022-01-01,186.6,162.9,104.6,76.3,90.2,73.2,151.7,95.8,92.6,111.4,189.8,162.7,148.0,110.0,154.8,84.5,195.3,174.3,129.7,273.0,164.9,105.9,184.3,150.7,166.4,189.3,148.0,170.1,167.2,169.3,131.3,118.5,152.7,106.2,202.1,172.8,292.0,147.0,203.2,154.5,270.9,149.7,288.4,107.2,125.1,152.1,93.2,206.0,88.3,96.9,229.2,116.3,177.4,171.3,49.9,44.8,172.3,151.3,277.4,103.4
2022-02-01,187.6,163.7,105.1,77.0,90.8,74.6,152.3,95.5,91.8,110.8,195.7,162.8,153.0,110.6,158.9,90.1,195.6,174.4,129.4,274.9,167.6,106.3,184.3,152.3,167.8,189.3,151.6,171.6,168.2,170.6,132.6,120.9,152.7,106.1,203.6,172.8,291.1,147.0,204.4,156.1,270.9,151.3,312.9,106.5,126.2,148.2,96.3,206.0,89.0,96.1,217.0,117.2,172.3,172.2,49.9,46.1,172.5,153.4,279.3,105.8
2022-03-01,187.6,164.3,112.3,77.5,91.5,76.1,153.6,98.2,90.6,110.8,205.2,162.7,157.2,111.6,167.9,98.1,195.6,174.3,130.6,275.2,172.2,106.1,184.4,154.1,165.9,188.0,154.2,172.9,168.4,171.6,133.3,125.1,152.7,106.1,206.0,172.8,291.9,147.2,211.5,153.8,270.9,151.3,375.2,105.3,125.5,147.9,97.5,208.7,89.8,97.9,217.0,119.1,184.6,172.2,50.1,46.2,165.3,153.2,279.7,107.2
2022-04-01,179.8,166.1,111.9,79.8,91.6,72.5,154.4,99.0,90.8,110.8,205.7,162.1,157.6,113.2,164.4,95.3,197.2,174.4,130.7,278.3,173.8,106.9,191.8,153.6,163.4,191.1,156.7,174.5,172.6,174.1,133.5,125.5,163.3,106.3,209.1,172.8,293.7,151.1,215.8,155.1,273.8,160.9,380.3,105.7,128.4,149.5,98.7,208.7,90.7,98.4,217.0,119.8,192.4,172.2,49.6,44.0,166.6,153.2,283.5,108.9
2022-05-01,180.3,168.9,115.9,81.0,93.8,74.6,160.2,99.6,92.2,114.0,217.8,162.1,158.2,113.3,168.3,106.7,199.2,174.5,131.4,278.8,173.8,106.7,191.8,157.4,169.5,191.2,157.1,175.5,172.7,174.8,134.3,127.5,161.6,107.0,209.7,172.8,293.4,153.3,216.2,155.1,273.8,165.0,461.9,106.7,127.8,149.6,98.8,208.7,93.6,101.9,227.9,120.7,191.0,174.1,50.0,43.9,166.6,154.4,284.1,110.6
2022-06-01,178.7,169.0,115.9,80.2,90.2,73.7,161.1,98.9,94.1,114.0,223.6,162.1,157.8,114.4,170.3,115.9,199.2,174.4,131.8,278.6,175.5,107.1,191.8,156.6,168.5,190.8,156.9,176.7,172.8,175.6,134.5,128.2,161.6,108.5,210.9,172.8,291.9,156.1,215.8,156.1,273.8,169.7,414.8,106.2,127.9,151.7,100.1,208.7,94.3,97.8,227.9,122.7,201.2,174.1,49.7,44.7,168.7,154.4,283.9,109.4
2022-07-01,178.7,169.7,115.5,76.7,91.2,72.3,160.1,99.3,93.4,114.0,216.2,165.1,159.4,115.0,167.4,132.2,201.1,174.0,132.5,281.4,178.7,108.5,191.8,156.5,169.8,192.0,158.2,177.9,175.9,177.5,135.5,128.1,161.6,110.3,211.2,172.8,292.3,156.7,213.9,152.7,273.8,190.7,392.9,106.2,128.5,151.6,100.1,212.9,92.7,100.1,227.9,123.2,243.8,174.1,49.8,44.6,169.0,154.5,286.9,105.6
2022-08-01,178.7,169.7,115.5,76.5,91.2,72.6,159.5,99.4,93.4,120.3,206.5,165.1,159.4,115.3,160.7,130.5,201.1,173.8,133.3,281.4,182.4,108.9,191.8,158.5,168.2,193.9,161.7,178.7,176.5,178.3,135.1,128.9,161.6,113.0,211.2,172.8,293.2,156.7,211.6,154.1,273.8,183.5,362.2,105.5,131.6,157.9,100.9,212.9,92.4,100.0,234.8,122.8,246.8,176.1,49.4,43.6,169.2,155.6,286.7,105.3
2022-09-01,180.2,170.8,115.9,79.0,90.3,74.0,158.3,97.9,92.2,120.3,199.9,166.8,162.8,115.4,157.4,122.2,202.6,178.4,133.3,281.3,183.5,108.9,194.5,157.7,169.0,198.8,162.8,179.4,176.3,178.6,135.2,128.8,167.1,116.2,211.4,172.8,299.5,161.2,209.8,153.3,273.8,185.1,370.6,106.0,132.2,155.3,100.7,212.9,93.8,101.9,234.8,123.6,218.2,176.1,50.3,43.7,170.2,155.8,286.2,113.3
2022-10-01,181.5,171.3,114.8,80.8,91.9,75.8,160.5,99.3,93.0,120.3,208.3,167.3,162.6,117.1,164.9,114.0,202.9,178.7,134.8,282.4,186.3,109.0,194.5,154.2,168.3,197.4,163.6,180.6,178.4,180.2,135.9,127.6,164.2,119.2,211.2,179.0,299.5,160.7,208.3,155.5,274.1,184.4,421.9,106.7,133.3,160.9,100.1,212.9,96.6,102.2,234.8,123.7,207.7,176.1,50.3,42.2,170.9,155.8,285.0,114.3
2022-11-01,181.5,171.4,115.8,80.5,92.2,74.4,160.7,99.8,92.1,114.3,205.0,167.3,164.3,118.4,163.0,102.9,203.8,178.7,134.8,285.1,186.9,109.9,194.5,158.4,180.7,197.9,164.6,181.3,179.1,180.9,137.5,128.2,164.2,122.2,211.1,179.0,301.4,160.6,207.3,154.4,274.1,187.3,477.0,105.5,134.3,161.5,99.5,219.6,97.4,102.5,226.7,123.8,206.0,177.8,50.0,42.1,171.1,158.0,284.8,116.7
2022-12-01,176.6,171.3,113.9,77.9,90.0,71.3,161.5,99.4,91.1,114.3,193.6,167.3,163.4,118.7,156.3,99.7,203.8,178.7,134.6,285.4,188.3,109.8,194.5,161.7,185.6,196.5,163.3,182.6,178.4,181.5,138.1,126.1,164.2,125.5,210.8,179.0,309.7,159.8,206.3,157.4,274.1,188.3,406.6,105.8,134.7,160.2,97.4,219.6,96.3,101.3,226.7,123.6,239.3,177.8,49.8,41.1,173.3,158.0,281.7,109.5
2023-01-01,171.8,171.9,112.4,74.9,89.8,72.8,162.0,98.0,90.1,114.3,198.4,169.1,166.8,120.0,158.8,98.4,205.8,179.1,136.9,289.6,189.1,110.4,194.5,165.3,191.5,203.1,166.0,183.2,182.3,183.3,138.9,126.0,164.2,128.7,210.8,179.0,312.1,159.8,205.4,152.5,279.8,184.0,393.8,102.9,136.2,167.4,98.5,219.6,94.8,96.2,226.7,123.5,199.5,177.8,50.3,41.5,174.8,158.4,304.7,113.3
2023-02-01,160.9,173.1,113.0,76.7,92.2,75.0,163.6,99.1,91.2,114.6,197.7,169.1,167.7,120.8,158.9,104.8,206.0,179.2,137.1,291.4,191.6,110.7,194.5,169.0,191.1,201.0,168.2,184.1,182.6,184.0,139.7,127.9,164.2,131.5,210.3,179.0,311.9,159.8,204.9,152.5,279.8,175.8,388.9,106.5,136.5,168.1,100.9,219.6,96.4,97.8,223.1,123.3,189.4,179.7,50.5,41.8,175.6,160.0,308.1,116.3
2023-03-01,160.9,173.7,113.5,78.4,94.3,75.4,163.5,100.4,92.4,114.6,198.7,169.1,169.5,122.1,160.0,116.7,206.1,179.2,138.3,296.3,195.4,110.8,194.7,166.4,185.7,200.4,171.5,184.4,181.8,183.9,140.4,129.5,164.2,134.1,209.6,179.0,311.0,161.5,205.4,157.3,279.8,171.5,348.7,105.8,138.4,165.8,102.3,227.1,97.0,98.1,223.1,124.7,191.5,179.7,49.9,41.8,186.7,160.2,309.6,114.4
2023-04-01,159.0,175.1,114.7,80.5,94.7,74.5,164.8,101.3,90.1,114.6,204.5,169.1,168.7,122.8,166.3,110.5,205.0,179.2,139.0,299.5,196.7,112.0,203.3,167.4,179.3,203.9,172.5,185.3,184.5,185.6,141.6,128.9,172.9,136.6,209.5,179.0,310.0,163.8,207.5,161.9,284.3,162.3,324.0,106.4,137.8,169.4,100.7,227.1,95.5,97.4,223.1,124.7,187.7,179.7,50.0,42.5,187.4,160.2,309.1,115.8
2023-05-01,159.6,177.0,113.8,81.4,94.9,75.6,166.5,101.7,91.5,114.9,204.1,169.1,170.2,122.9,169.6,118.5,207.4,179.3,138.8,303.6,198.9,112.0,203.3,168.6,185.6,203.2,173.5,186.6,185.3,186.7,141.9,127.7,172.4,139.0,209.5,179.0,310.7,165.9,209.2,163.7,284.3,159.3,291.3,103.0,139.4,166.3,99.5,227.1,96.9,98.5,219.9,124.6,184.3,181.8,49.9,42.4,188.2,161.9,310.9,112.1
2023-06-01,160.2,177.4,114.2,78.7,90.7,74.7,166.0,102.6,92.8,114.9,206.1,169.1,169.8,123.6,170.7,113.3,207.4,179.3,138.8,305.5,197.7,112.3,203.3,172.4,183.0,204.0,173.0,187.5,185.5,187.4,142.3,128.3,172.4,141.2,209.4,179.0,315.9,165.7,210.5,165.1,284.3,159.8,284.1,97.7,140.7,166.6,100.4,227.1,96.1,97.3,219.9,125.7,197.5,181.8,49.5,44.5,179.0,161.9,310.9,116.8
2023-07-01,160.2,177.5,112.1,77.5,91.0,72.3,164.3,100.7,92.8,114.9,207.9,175.7,170.8,123.5,170.2,125.2,208.0,178.9,139.1,308.8,199.3,112.8,203.5,166.6,185.2,206.7,173.8,188.2,187.4,188.5,142.9,127.1,172.4,144.0,209.3,179.0,320.1,166.0,211.0,170.6,284.4,160.7,308.5,97.5,140.3,168.5,99.7,231.6,94.8,101.0,219.9,126.0,220.4,181.8,49.4,44.4,180.3,162.2,311.4,113.8
2023-08-01,160.5,177.4,113.1,78.0,90.8,73.4,165.1,98.9,92.4,125.1,212.4,175.4,168.8,124.1,170.7,120.1,208.3,178.6,139.1,309.0,197.9,113.3,203.5,164.6,182.5,206.6,174.9,189.4,187.5,189.4,143.9,128.7,172.4,147.9,209.2,179.0,321.6,166.1,211.0,173.1,284.4,163.2,343.3,96.4,141.1,173.5,101.4,231.6,93.2,100.8,240.4,125.6,206.5,182.9,49.3,44.1,180.7,165.7,309.8,114.5
2023-09-01,160.9,178.1,111.2,79.8,92.1,74.9,165.1,99.3,92.7,125.1,211.6,175.4,169.1,125.2,167.7,117.0,207.9,183.4,139.1,309.3,196.7,113.4,201.5,165.9,180.9,207.5,173.7,189.7,187.8,189.7,145.1,127.6,174.9,151.8,209.0,179.0,324.0,166.5,210.0,170.3,284.4,161.4,372.4,94.8,139.8,167.7,100.8,231.6,92.7,100.8,240.4,125.4,180.0,182.9,49.2,44.0,180.8,165.8,307.1,110.9
2023-10-01,162.8,177.7,111.1,79.6,92.0,74.8,163.8,99.3,93.7,125.1,206.6,175.3,168.1,125.0,169.0,120.0,209.8,183.9,139.1,308.9,197.6,113.4,201.5,164.1,176.5,206.2,175.3,190.0,189.8,190.6,147.1,126.8,176.2,155.6,208.6,187.8,322.7,166.4,209.2,165.9,284.4,160.2,368.8,96.0,143.5,163.1,99.4,231.6,92.6,101.1,240.4,125.6,175.3,182.9,49.1,44.4,181.1,165.8,307.6,113.4
2023-11-01,162.8,177.6,113.0,81.1,92.0,74.3,162.0,100.6,93.5,125.8,204.1,175.7,170.0,124.4,168.4,118.3,210.3,184.0,139.7,310.0,197.9,113.6,201.7,167.1,186.7,207.7,173.1,190.6,190.5,191.1,147.7,127.4,176.2,158.6,208.4,187.8,326.5,167.0,208.2,167.1,284.4,160.8,364.4,93.6,142.1,164.0,98.6,236.8,91.8,100.9,242.9,125.6,176.8,184.7,49.0,44.4,180.9,166.7,309.5,114.8
2023-12-01,162.8,177.7,111.6,78.6,89.5,74.5,160.4,98.1,92.4,125.8,201.1,175.6,168.9,123.6,169.7,100.9,210.4,184.0,138.3,310.2,197.9,112.7,201.7,170.7,188.6,207.4,173.5,191.4,190.7,191.7,148.8,125.6,176.2,161.4,207.7,187.8,332.5,167.4,206.9,167.7,284.4,161.0,353.8,90.3,141.2,164.3,97.6,236.8,89.6,98.1,242.9,126.4,223.6,184.7,48.9,41.2,185.4,166.7,308.1,110.5
2024-01-01,162.8,178.2,111.8,76.1,86.8,68.1,163.1,95.8,91.5,125.8,201.1,176.9,169.3,125.8,170.5,95.5,212.1,184.0,140.9,313.6,197.0,112.7,201.7,172.3,194.6,208.8,174.5,192.2,192.3,192.8,149.9,126.1,176.2,164.0,207.5,187.8,336.0,167.3,205.9,169.4,291.7,153.8,330.3,93.5,140.8,166.4,98.1,236.8,85.1,90.2,242.9,126.4,174.3,184.7,48.8,41.9,185.2,166.8,310.6,106.7
2024-02-01,162.0,179.1,113.7,75.1,87.1,67.9,162.5,95.5,91.2,120.1,204.1,175.5,169.1,126.5,170.1,104.4,212.3,184.0,140.6,313.3,197.7,112.9,201.7,168.4,197.5,206.2,175.2,192.7,193.1,193.4,151.1,128.2,176.2,166.1,207.4,187.8,334.3,167.2,205.9,168.8,291.7,159.1,346.6,88.7,140.9,168.9,99.5,236.8,85.8,91.6,220.5,125.3,181.0,188.2,48.7,42.1,185.5,166.8,310.1,106.6
2024-03-01,162.0,178.9,114.7,77.5,88.8,70.3,161.8,96.8,91.8,120.1,208.3,175.7,170.7,125.3,170.3,115.6,212.3,184.1,141.7,315.2,197.0,113.8,201.8,165.7,190.5,207.2,176.6,192.6,193.5,193.4,152.4,129.0,176.2,168.1,207.5,187.8,338.3,166.8,207.4,167.5,291.7,153.5,339.2,87.5,139.9,160.2,99.7,239.3,92.3,96.0,220.5,125.1,196.4,188.2,48.7,42.5,181.6,166.8,310.9,113.8
2024-04-01,162.1,180.2,113.5,79.1,89.1,71.5,161.9,97.8,92.2,120.1,215.4,175.7,171.3,126.1,173.4,110.5,212.8,184.2,141.7,320.5,197.0,114.4,210.1,166.1,185.2,207.6,176.2,192.8,193.3,193.5,153.2,128.0,175.8,170.1,207.6,187.8,337.9,166.7,209.0,169.8,296.0,154.1,334.3,89.7,138.6,164.9,99.6,239.3,92.4,95.4,220.5,124.9,187.2,188.2,48.8,40.8,182.4,166.8,310.9,112.6
2024-05-01,162.4,181.2,112.3,79.5,90.1,71.6,160.8,97.8,91.7,115.8,214.5,175.4,171.0,127.2,173.7,123.7,215.8,184.2,141.0,326.8,198.8,115.2,210.1,168.8,189.7,210.2,177.9,193.4,195.2,194.5,154.6,126.8,172.2,171.4,207.9,187.8,339.6,167.0,209.9,168.9,296.0,153.2,320.7,90.8,138.1,160.1,98.4,239.3,90.6,95.3,219.6,125.5,191.2,191.0,48.7,40.6,182.5,167.7,310.1,110.1
2024-06-01,163.0,181.1,110.5,78.2,87.7,69.4,161.0,94.5,88.9,115.8,212.6,175.4,173.7,126.2,172.6,115.1,215.8,184.1,141.3,326.8,198.2,115.5,210.1,171.0,190.2,211.3,178.5,194.3,195.9,195.3,154.8,126.3,172.2,172.7,208.3,187.8,345.0,168.2,210.2,169.0,296.0,152.0,314.0,91.2,139.5,163.2,99.2,239.3,90.3,95.3,219.6,125.2,201.4,191.0,48.8,40.4,183.7,167.7,309.8,107.0
2024-07-01,163.0,181.3,111.3,76.3,88.4,66.7,162.1,96.5,90.9,115.8,216.2,178.2,174.4,125.9,173.4,121.3,215.5,183.9,140.9,327.0,199.1,115.5,210.2,168.8,194.7,212.8,177.9,194.6,196.4,195.6,155.1,126.2,172.2,174.3,207.7,187.8,348.4,168.4,209.8,169.2,295.8,151.6,319.3,92.9,140.3,164.3,98.9,239.6,89.7,92.5,219.6,124.3,217.0,191.0,48.8,40.8,185.1,167.7,312.2,112.0
2024-08-01,163.4,180.8,111.6,73.6,87.0,67.6,162.1,97.3,91.6,121.6,214.0,178.2,174.4,126.3,172.2,117.5,215.5,183.8,142.6,327.8,198.4,115.4,210.2,168.3,189.8,212.5,179.5,195.6,194.8,195.8,156.7,127.6,172.2,175.7,208.2,187.8,346.8,168.3,209.3,170.1,295.8,151.6,308.2,90.5,140.6,160.5,100.5,239.6,86.9,95.3,243.0,123.8,199.5,192.8,48.7,40.6,185.1,169.2,313.1,115.4
2024-09-01,163.2,181.1,111.7,74.7,86.6,71.0,162.5,93.6,92.4,121.6,208.3,178.4,174.2,127.2,170.5,113.7,215.9,187.3,142.2,328.2,196.4,115.5,212.2,168.9,188.2,214.0,179.1,195.8,195.8,196.2,157.0,127.3,174.2,177.2,208.2,187.8,346.0,167.6,208.7,169.3,295.8,152.3,290.3,90.0,140.7,159.9,99.8,239.6,86.0,93.7,243.0,124.1,172.8,192.8,48.9,40.4,181.8,169.6,312.0,117.0
2024-10-01,164.2,181.0,112.5,77.5,87.9,74.2,160.3,96.2,91.6,121.6,209.0,178.4,174.1,127.7,173.0,111.5,218.2,187.6,142.1,328.3,199.1,115.1,212.2,167.8,185.2,213.2,180.2,195.8,197.9,196.9,157.9,127.0,171.3,178.5,208.3,199.1,344.9,167.3,208.3,169.2,296.2,148.6,299.7,90.6,143.3,159.4,98.7,239.6,86.7,96.1,243.0,124.9,171.0,192.8,48.8,39.8,181.8,169.6,325.0,119.7
2024-11-01,164.2,181.1,110.6,76.9,88.9,70.6,160.7,97.3,94.1,117.3,209.5,176.8,175.7,126.4,172.6,110.4,218.7,187.6,142.4,328.0,200.2,115.5,212.3,167.3,193.0,214.6,179.4,196.2,198.3,197.3,159.0,125.8,171.3,179.6,207.4,199.1,347.8,167.7,207.6,169.1,296.2,151.7,310.8,87.8,138.4,167.4,98.1,241.2,86.6,94.1,239.9,125.4,171.8,193.4,48.0,39.7,183.4,170.5,322.5,116.4
2024-12-01,164.2,180.2,109.3,74.9,86.5,66.6,162.2,95.1,90.6,117.3,209.7,178.0,174.3,125.7,172.5,108.9,219.0,187.6,136.5,328.3,198.0,115.5,212.3,169.8,197.2,213.9,176.3,187.7,189.0,189.0,159.4,123.2,171.3,180.3,207.6,199.1,349.8,169.4,207.7,169.6,296.2,152.1,313.0,86.4,140.3,162.5,95.5,241.2,84.7,87.1,239.9,125.6,214.6,193.4,46.6,40.9,180.3,165.3,322.9,109.9
2025-01-01,164.2,181.4,111.0,74.3,86.8,65.6,163.4,94.9,91.1,117.3,213.9,180.3,174.6,125.7,176.2,100.4,220.5,187.2,135.8,329.2,198.5,115.0,212.3,174.8,202.2,214.0,176.4,181.7,183.5,183.3,159.3,124.9,171.3,180.7,207.5,199.1,353.7,169.5,207.4,169.0,305.9,161.2,341.4,90.6,139.2,166.0,96.1,241.2,83.9,86.8,239.9,127.0,169.1,193.4,47.2,41.3,177.4,161.6,323.4,114.7
2025-02-01,158.4,183.7,110.7,75.3,88.1,66.3,162.9,96.2,92.3,116.6,214.0,180.1,175.9,126.5,176.1,117.7,222.3,187.2,138.6,329.5,201.9,115.6,212.3,177.4,199.7,213.3,179.0,189.2,192.0,190.9,159.8,126.4,171.3,181.1,207.3,199.1,350.2,169.6,209.1,168.9,305.9,162.0,351.5,91.4,140.7,166.3,99.1,241.2,87.3,89.9,235.8,127.3,174.4,195.0,48.3,41.4,180.5,167.1,322.6,122.1
2025-03-01,158.4,183.9,112.7,77.5,89.1,68.6,162.9,96.3,92.6,116.6,212.4,180.3,177.6,126.2,175.0,110.2,222.3,187.3,143.9,329.3,197.8,116.2,212.5,175.7,193.0,216.3,182.7,198.1,201.3,199.6,160.1,127.5,171.3,181.4,207.8,199.1,352.9,168.0,210.6,168.9,306.1,163.3,343.1,88.5,139.7,165.9,99.2,244.1,88.2,92.9,235.8,127.6,176.0,195.0,49.2,41.8,188.0,172.0,321.9,120.9
2025-04-01,159.2,186.8,113.4,77.6,89.3,68.9,164.8,96.2,90.9,116.5,205.0,180.3,175.9,126.1,171.7,113.7,223.4,187.3,144.2,330.1,197.6,116.0,218.9,175.8,191.2,219.2,184.7,198.6,202.9,200.4,161.2,128.3,179.2,181.7,207.8,199.1,352.4,169.1,211.7,171.4,310.0,132.4,314.4,88.6,141.7,163.9,100.0,244.1,88.8,92.7,235.8,128.8,178.0,195.0,48.7,40.1,188.0,172.0,323.9,116.7
2025-05-01,159.4,187.9,111.8,77.5,89.5,72.8,166.1,97.1,89.6,121.2,206.9,181.8,176.3,127.8,169.9,123.3,226.7,187.3,144.4,329.7,199.0,117.3,218.9,177.1,193.4,221.2,184.9,199.0,203.7,200.9,161.5,127.6,172.3,182.0,207.2,199.1,356.5,169.1,211.0,171.2,310.4,132.3,293.9,90.6,140.5,165.8,99.9,244.1,89.6,92.7,259.6,129.9,175.0,197.6,48.7,40.3,188.0,173.3,325.1,119.3
2025-06-01,159.9,188.0,112.7,78.2,88.0,71.2,167.9,96.1,89.1,121.2,206.8,180.3,177.0,128.9,169.7,116.2,226.7,187.3,144.5,329.7,198.0,117.2,218.9,177.4,186.6,221.5,187.5,199.2,204.9,201.3,162.1,126.8,172.3,182.3,206.4,199.1,361.5,170.9,211.2,171.8,310.4,130.5,295.0,90.2,141.4,167.4,98.1,244.1,88.8,93.2,259.6,130.5,185.3,197.6,48.8,43.2,186.4,173.3,326.0,119.7
2025-07-01,159.9,188.0,113.5,76.4,87.0,67.5,166.9,94.4,90.0,121.2,207.3,180.4,176.2,129.3,169.0,119.9,227.6,186.8,144.5,329.7,200.5,117.3,219.1,178.3,191.2,222.8,189.3,199.5,205.4,201.8,163.0,127.6,172.3,182.6,205.9,199.1,363.7,170.6,210.1,172.2,310.4,140.5,315.0,91.2,141.1,171.9,98.4,245.7,86.1,91.4,259.6,130.0,196.6,197.6,48.9,42.8,187.0,173.4,325.7,114.3
2025-08-01,160.1,187.7,112.6,75.2,88.2,70.0,166.4,93.6,88.2,122.7,209.0,180.4,177.7,129.4,170.5,113.0,227.6,186.5,144.7,329.2,199.5,117.0,219.1,173.5,188.1,227.8,189.4,199.7,206.2,202.1,163.7,128.7,172.3,183.1,205.5,199.1,363.6,170.6,208.9,172.4,310.4,139.7,311.7,92.0,141.4,166.3,100.9,245.7,84.6,93.0,270.6,128.9,185.9,201.0,48.2,43.1,187.0,174.7,326.2,115.8
2025-09-01,159.0,188.7,112.7,75.4,86.5,71.6,165.2,96.1,88.2,122.7,210.8,180.4,176.7,130.5,171.3,113.0,229.8,189.8,145.0,329.2,198.5,116.9,219.7,173.1,192.8,228.2,191.4,200.0,207.1,202.6,164.5,128.1,178.3,183.5,205.2,199.1,364.8,170.6,207.7,172.3,310.4,138.6,313.5,92.2,141.6,168.5,100.0,245.7,86.4,93.5,270.6,128.7,163.2,201.0,48.4,42.7,188.4,174.9,326.5,113.9
2025-10-01,158.5,188.7,111.4,76.8,87.8,71.7,166.5,98.8,88.0,122.7,207.7,180.4,176.8,130.0,172.0,113.7,230.7,190.5,145.4,329.0,199.6,116.9,219.7,171.2,183.6,231.2,189.5,200.3,208.1,203.0,166.1,127.3,177.2,183.7,205.0,210.2,368.2,170.7,207.0,172.3,310.4,123.3,320.6,94.8,143.2,176.8,99.7,245.7,87.8,95.0,270.6,129.8,163.1,201.0,48.3,42.8,189.4,174.9,326.4,115.3
2025-11-01,158.5,188.7,112.2,76.7,87.2,72.3,168.5,98.2,88.8,124.5,208.9,180.4,176.3,130.6,171.9,102.3,231.2,190.6,145.2,329.0,203.2,116.8,219.8,175.7,194.0,232.4,193.3,201.3,208.3,203.9,166.4,126.3,177.2,183.8,204.1,210.2,368.1,171.0,206.4,174.9,310.4,126.7,337.2,93.7,141.3,175.8,98.2,245.9,87.6,94.6,287.9,129.9,162.2,202.7,47.8,42.8,189.5,176.0,323.5,114.3
2025-12-01,158.7,184.5,112.3,74.4,81.9,69.8,171.4,95.0,86.9,124.5,203.4,180.4,176.7,129.7,166.4,103.2,231.7,190.6,144.2,328.5,202.8,116.6,219.8,178.9,196.8,232.0,190.7,202.1,208.4,204.4,167.2,125.8,177.2,183.4,204.3,210.2,368.5,171.2,204.9,175.0,310.4,128.9,325.6,93.7,142.8,181.0,96.8,245.9,86.3,90.6,287.9,129.6,212.5,202.7,47.3,39.8,189.4,176.0,322.5,111.6
2026-01-01,158.7,185.3,111.4,72.6,85.0,69.7,171.9,95.2,84.8,124.5,204.3,180.7,178.2,130.7,170.0,98.3,232.5,190.6,146.5,329.2,201.7,116.6,219.8,176.4,200.0,234.1,193.4,202.7,209.2,205.1,166.2,127.2,177.2,182.9,204.0,210.2,367.9,171.3,204.0,175.4,321.8,136.6,323.5,93.7,144.1,172.1,99.8,245.9,85.1,89.9,287.9,130.3,166.4,202.7,48.5,40.7,191.1,176.1,322.8,116.3
2026-02-01,156.2,185.6,111.7,74.4,86.5,70.7,170.0,97.8,85.9,125.5,207.9,180.6,178.7,131.1,170.8,115.7,233.3,190.6,146.4,328.5,204.1,117.3,219.8,177.0,202.4,230.7,192.7,202.9,209.5,205.3,166.0,128.1,177.2,182.3,203.0,210.2,372.9,171.5,203.6,175.8,321.8,134.3,356.1,92.6,143.9,167.1,100.6,245.9,85.3,92.2,298.7,130.5,173.2,204.1,48.8,38.9,191.3,178.4,323.5,113.8
2026-03-01,156.2,185.6,110.2,75.4,86.5,70.7,169.2,96.1,85.7,125.5,223.7,180.0,181.0,131.4,176.8,120.4,233.3,190.6,146.8,328.3,202.4,117.7,220.0,175.6,205.2,232.7,193.9,203.3,209.9,205.7,166.9,127.2,177.2,181.9,203.5,210.2,374.4,170.8,205.0,175.6,321.8,133.8,432.5,90.1,142.9,166.3,100.2,246.1,85.6,92.3,298.7,131.1,180.7,204.1,49.2,39.1,186.6,178.3,324.1,112.7
2026-04-01,156.2,186.9,112.2,78.7,88.2,72.5,169.9,96.8,86.0,125.5,232.8,180.0,178.3,130.7,180.1,106.6,233.9,190.7,146.3,329.2,201.6,118.2,227.0,177.3,198.9,235.4,194.0,204.2,210.0,206.4,167.0,128.6,182.1,181.5,202.8,210.2,372.6,171.5,205.9,177.3,326.0,129.2,444.2,89.4,145.1,169.4,101.3,246.1,87.2,93.8,298.7,132.2,175.1,204.1,48.9,40.9,187.1,178.3,323.3,114.3
2026-05-01,156.5,188.2,112.1,79.1,89.4,71.1,170.8,96.8,87.0,125.0,238.7,180.0,179.9,130.9,181.6,124.9,237.5,190.7,147.2,329.6,202.3,118.4,227.0,185.6,207.4,234.4,193.1,205.0,210.2,207.1,167.2,126.2,178.8,181.6,202.1,210.2,372.8,171.5,206.6,177.6,326.0,126.7,427.8,90.8,144.6,169.1,97.8,246.1,87.5,93.1,323.6,132.9,187.0,207.1,49.2,42.4,187.3,179.4,324.4,118.8
2026-06-01,156.1,188.2,111.8,77.3,88.5,71.7,172.3,96.0,87.9,125.0,228.6,179.8,181.4,131.5,177.6,127.6,238.2,190.7,148.4,329.9,203.3,118.3,227.0,180.6,200.4,236.0,193.7,205.7,208.3,207.0,167.8,126.3,178.8,181.7,201.5,210.2,375.5,171.6,206.7,177.6,326.0,129.5,394.2,90.1,143.1,170.4,97.7,246.1,86.4,93.1,323.6,133.0,201.9,207.1,49.2,42.3,188.7,179.4,324.4,121.1
2026-07-01,156.1,188.3,112.4,75.9,88.7,70.2,173.6,96.0,88.2,125.0,232.7,178.3,180.7,130.6,179.6,133.2,240.0,190.2,148.6,329.9,202.7,119.0,227.3,186.3,197.6,233.8,194.5,206.0,210.2,207.8,167.0,127.4,178.8,182.1,201.6,210.2,377.5,172.1,206.4,178.4,326.2,130.0,408.0,92.8,144.5,173.8,98.5,250.4,83.8,92.0,323.6,132.4,219.2,207.1,49.7,41.2,188.1,179.5,324.4,117.3
